full_index_0based,param,block,status,free_index_0based,interior_index_0based,accepted_value_full_precision,spec_bound_lb,spec_bound_ub,runtime_bound_lb,runtime_bound_ub,active_bound_side,dist_to_lb,dist_to_ub,grad_full_negll,grad_free_negll,pin_value,pin_role,regional_design_column,regional_free_position
0,beta_l0_sm,preference_singles_male_leisure,interior,0,0,4.7803989338634505,0.05,50.0,0.05,50.0,,4.730398933863451,45.21960106613655,7.079770165674404e-07,7.079770165674404e-07,,,,
1,beta_l_age_sm,preference_singles_male_leisure,interior,1,1,0.35987419841164686,-5.0,5.0,-5.0,5.0,,5.359874198411647,4.640125801588353,-7.597027703309944e-07,-7.597027703309944e-07,,,,
2,beta_l_age2_sm,preference_singles_male_leisure,active_bound,2,,1.0,-1.0,1.0,-1.0,1.0,upper,2.0,0.0,-0.8445544161794221,-0.8445544161794221,,,,
3,theta_l_sm,preference_singles_male_leisure,interior,3,2,-2.340652291967503,-8.0,0.95,-8.0,0.95,,5.659347708032497,3.290652291967503,-7.995420256423635e-06,-7.995420257311814e-06,,,,
4,beta_l0_sf,preference_singles_female_leisure,interior,4,3,7.812070363474176,0.05,50.0,0.05,50.0,,7.762070363474177,42.18792963652582,1.1914491324815923e-05,1.1914491324815923e-05,,,,
5,beta_l_age_sf,preference_singles_female_leisure,interior,5,4,-0.8371192543510915,-5.0,5.0,-5.0,5.0,,4.162880745648908,5.837119254351092,9.320595311002045e-06,9.320595311002045e-06,,,,
6,beta_l_age2_sf,preference_singles_female_leisure,active_bound,6,,1.0,-1.0,1.0,-1.0,1.0,upper,2.0,0.0,-1.4682021491125388,-1.4682021491125388,,,,
7,beta_l_nkids_sf,preference_singles_female_leisure,interior,7,5,1.8774971436893362,-5.0,5.0,-5.0,5.0,,6.877497143689336,3.122502856310664,1.958144558339425e-05,1.9581445583394252e-05,,,,
8,theta_l_sf,preference_singles_female_leisure,interior,8,6,-1.9845879299336022,-8.0,0.95,-8.0,0.95,,6.0154120700663976,2.934587929933602,2.657338195377612e-06,2.6573381958217013e-06,,,,
9,theta_c_singles,preference_singles_consumption,interior,9,7,0.09345870248198829,-8.0,0.95,-8.0,0.95,,8.093458702481989,0.8565412975180117,2.047478972144745e-06,2.047478972144745e-06,,,,
10,beta_l0_m,preference_couples_male_leisure,pinned,,,1e-06,1e-06,50.0,1e-06,1e-06,,0.0,49.999999,0.0,,1e-06,structurally_inapplicable__unreferenced_by_singles_objective,,
11,beta_l_age_m,preference_couples_male_leisure,pinned,,,-0.067236897452355,-5.0,5.0,-0.067236897452355,-0.067236897452355,,4.932763102547645,5.067236897452355,0.0,,-0.067236897452355,structurally_inapplicable__unreferenced_by_singles_objective,,
12,beta_l_age2_m,preference_couples_male_leisure,pinned,,,0.0877504891847849,-1.0,1.0,0.0877504891847849,0.0877504891847849,,1.087750489184785,0.9122495108152152,0.0,,0.0877504891847849,structurally_inapplicable__unreferenced_by_singles_objective,,
13,beta_l0_f,preference_couples_female_leisure,pinned,,,10.052237044896549,0.05,50.0,10.052237044896549,10.052237044896549,,10.002237044896548,39.94776295510345,0.0,,10.052237044896549,structurally_inapplicable__unreferenced_by_singles_objective,,
14,beta_l_age_f,preference_couples_female_leisure,pinned,,,-1.780253386288037,-5.0,5.0,-1.780253386288037,-1.780253386288037,,3.219746613711963,6.780253386288037,0.0,,-1.780253386288037,structurally_inapplicable__unreferenced_by_singles_objective,,
15,beta_l_age2_f,preference_couples_female_leisure,pinned,,,1.0,-1.0,1.0,1.0,1.0,,2.0,0.0,0.0,,1.0,structurally_inapplicable__unreferenced_by_singles_objective,,
16,beta_l_nkids_f,preference_couples_female_leisure,pinned,,,0.5857198501055841,-5.0,5.0,0.5857198501055841,0.5857198501055841,,5.585719850105584,4.414280149894416,0.0,,0.5857198501055841,structurally_inapplicable__unreferenced_by_singles_objective,,
17,theta_l_f,preference_couples_female_leisure,pinned,,,-2.131739110508045,-8.0,0.95,-2.131739110508045,-2.131739110508045,,5.868260889491955,3.081739110508045,0.0,,-2.131739110508045,structurally_inapplicable__unreferenced_by_singles_objective,,
18,beta_E,opportunity_hours,interior,10,8,-2.8973902276042747,-25.0,25.0,-25.0,25.0,,22.102609772395724,27.89739022760428,2.4158135815355308e-05,2.4158135815355308e-05,,,,
19,beta_h_pt1,opportunity_hours,interior,11,9,-1.2768557580581916,-10.0,10.0,-10.0,10.0,,8.723144241941808,11.276855758058192,-3.7000056550162697e-05,-3.7000056550162697e-05,,,,
20,beta_h_pt2,opportunity_hours,interior,12,10,-0.9805206522711276,-10.0,10.0,-10.0,10.0,,9.019479347728872,10.980520652271128,-3.465808796931924e-05,-3.465808796931924e-05,,,,
21,beta_h_ft,opportunity_hours,interior,13,11,0.8871515472738398,-10.0,10.0,-10.0,10.0,,10.88715154727384,9.11284845272616,4.300435849557971e-05,4.300435849557971e-05,,,,
22,beta_h_lh,opportunity_hours,interior,14,12,-1.4525802640177317,-10.0,10.0,-10.0,10.0,,8.547419735982269,11.452580264017731,4.283147934724951e-05,4.283147934724951e-05,,,,
23,beta_E_gsur,opportunity_market_regional_access,interior,15,13,-1.1047680284010775,-10.0,10.0,-10.0,10.0,,8.895231971598923,11.104768028401075,7.469275179339263e-05,7.469275179339263e-05,,,gsur,15
24,beta_E_drgn2,opportunity_market_regional_access,interior,16,14,-0.20503645142339258,-10.0,10.0,-10.0,10.0,,9.794963548576607,10.205036451423393,3.516060909980468e-06,3.5160609099804674e-06,,,reg2,16
25,beta_E_drgn3,opportunity_market_regional_access,interior,17,15,-0.08852772234510636,-10.0,10.0,-10.0,10.0,,9.911472277654894,10.088527722345106,-3.6728529106522245e-05,-3.6728529106522245e-05,,,reg3,17
26,beta_E_drgn4,opportunity_market_regional_access,interior,18,16,-0.6897267687243802,-10.0,10.0,-10.0,10.0,,9.31027323127562,10.68972676872438,-5.0388722678818e-06,-5.0388722678818e-06,,,reg4,18
27,beta_E_drgn5,opportunity_market_regional_access,interior,19,17,-0.265394937063825,-10.0,10.0,-10.0,10.0,,9.734605062936176,10.265394937063824,7.937996321993879e-05,7.937996321993879e-05,,,reg5,19
28,beta_E_drgn6,opportunity_market_regional_access,interior,20,18,-0.5219410803829603,-10.0,10.0,-10.0,10.0,,9.47805891961704,10.52194108038296,3.2965278158325617e-06,3.2965278158325617e-06,,,reg6,20
29,beta_E_drgn7,opportunity_market_regional_access,interior,21,19,-0.3877138275750329,-10.0,10.0,-10.0,10.0,,9.612286172424968,10.387713827575032,-2.7555954655644754e-05,-2.7555954655644754e-05,,,reg7,21
30,beta_E_drgn8,opportunity_market_regional_access,interior,22,20,-0.3087436824595606,-10.0,10.0,-10.0,10.0,,9.69125631754044,10.30874368245956,3.1156133590393154e-05,3.1156133590393154e-05,,,reg8,22
31,beta_E_y2015,opportunity_market_year,pinned,,,-0.2546064112385174,-5.0,5.0,-0.2546064112385174,-0.2546064112385174,,4.745393588761482,5.254606411238518,0.0,,-0.2546064112385174,structurally_inapplicable__identically_zero_covariate_2016_only,,
32,beta_E_y2017,opportunity_market_year,pinned,,,-0.0694711073761977,-5.0,5.0,-0.0694711073761977,-0.0694711073761977,,4.930528892623802,5.069471107376198,0.0,,-0.0694711073761977,structurally_inapplicable__identically_zero_covariate_2016_only,,
33,beta_E_drgur,opportunity_market_regional_access,interior,23,21,-0.010018686507697877,-10.0,10.0,-10.0,10.0,,9.989981313492304,10.010018686507696,-5.545948251750588e-06,-5.545948251750588e-06,,,drgur,23
34,beta_E_drgmd,opportunity_market_regional_access,interior,24,22,0.10867255286061041,-10.0,10.0,-10.0,10.0,,10.108672552860613,9.891327447139387,-4.12839415808719e-06,-4.12839415808719e-06,,,drgmd,24
35,beta_occ_2_m,opportunity_occupation,interior,25,23,-1.302884050507318,-15.0,15.0,-15.0,15.0,,13.697115949492682,16.302884050507316,1.880589638725283e-05,1.880589638725283e-05,,,,
36,beta_occ_3_m,opportunity_occupation,interior,26,24,-1.885968323915724,-15.0,15.0,-15.0,15.0,,13.114031676084275,16.885968323915723,-7.971370397763522e-06,-7.971370397763522e-06,,,,
37,beta_occ_4_m,opportunity_occupation,interior,27,25,0.25347794230828025,-15.0,15.0,-15.0,15.0,,15.25347794230828,14.74652205769172,-5.742781508599748e-05,-5.742781508599748e-05,,,,
38,beta_occ_2_f,opportunity_occupation,interior,28,26,-0.07581613811014462,-15.0,15.0,-15.0,15.0,,14.924183861889857,15.075816138110143,1.0612299919721124e-05,1.0612299919721124e-05,,,,
39,beta_occ_3_f,opportunity_occupation,interior,29,27,-0.4612006656781678,-15.0,15.0,-15.0,15.0,,14.538799334321832,15.461200665678168,4.82376218169378e-06,4.82376218169378e-06,,,,
40,beta_occ_4_f,opportunity_occupation,interior,30,28,0.8545020395051448,-15.0,15.0,-15.0,15.0,,15.854502039505144,14.145497960494856,5.145573067899534e-05,5.145573067899534e-05,,,,
41,beta_w0,wage_density,interior,31,29,2.1399516809316084,-10.0,20.0,-10.0,20.0,,12.139951680931608,17.86004831906839,0.0001090798355676,0.00010907983556762701,,,,
42,beta_w_educL,wage_density,interior,32,30,0.028673573754622674,-5.0,5.0,-5.0,5.0,,5.028673573754623,4.971326426245377,-8.632863846003147e-05,-8.632863846003147e-05,,,,
43,beta_w_educH,wage_density,interior,33,31,0.3450097673332699,-5.0,5.0,-5.0,5.0,,5.34500976733327,4.65499023266673,0.0001099259720618,0.00010992597206183063,,,,
44,beta_w_pexp,wage_density,interior,34,32,0.23833718601077775,-1.0,1.0,-1.0,1.0,,1.2383371860107777,0.7616628139892223,7.126060700102244e-05,7.126060700102244e-05,,,,
45,beta_w_pexp2,wage_density,interior,35,33,-0.013025547619009226,-0.1,0.1,-0.1,0.1,,0.0869744523809907,0.1130255476190092,4.393628927346072e-05,4.3936289273460716e-05,,,,
46,sigma,wage_density,interior,36,34,0.41349226078356854,0.1,20.0,0.1,20.0,,0.3134922607835685,19.586507739216437,-3.645418703968062e-05,-3.645418703968062e-05,,,,
