param,beta_l0_sm,beta_l_age_sm,beta_l_age2_sm,theta_l_sm,beta_l0_sf,beta_l_age_sf,beta_l_age2_sf,beta_l_nkids_sf,theta_l_sf,theta_c_singles,beta_E,beta_h_pt1,beta_h_pt2,beta_h_ft,beta_h_lh,beta_E_gsur,beta_E_drgn2,beta_E_drgn3,beta_E_drgn4,beta_E_drgn5,beta_E_drgn6,beta_E_drgn7,beta_E_drgn8,beta_E_drgur,beta_E_drgmd,beta_occ_2_m,beta_occ_3_m,beta_occ_4_m,beta_occ_2_f,beta_occ_3_f,beta_occ_4_f,beta_w0,beta_w_educL,beta_w_educH,beta_w_pexp,beta_w_pexp2,sigma
beta_l0_sm,0.8660855346203733,-0.03049147490674789,0.8324411614950511,3.558009737312336,0.0,0.0,0.0,0.0,0.0,1.1274260954411266,-1.722325290605711,0.24976291150813673,0.16742936901763023,1.1874034058638387,-5.982281801365689,-1.8725777360245055,-0.29779171874443333,-0.12897263206612286,-0.13766275046205803,-0.33106807543192424,-0.23818522780333834,-0.1827281605081683,-0.2066218761539904,-0.8902356392145554,-0.3348650109366109,-0.20027526233985937,-0.10129403932331071,-0.7335642525765719,0.0,0.0,0.0,-2.4410988349117764,-0.4981842190666257,-0.8496296982377558,-2.59029582082371,-3.3546855282493295,-0.7984940205481088
beta_l_age_sm,-0.03049147490674792,0.8324411614950511,-0.3146151999624959,-0.7655784829570016,0.0,0.0,0.0,0.0,0.0,-0.28779060811907714,0.05634932579148406,-0.010823995960195218,-0.0001556972388397724,-0.009787632751221818,0.2645824260917531,-0.07398671904172333,-0.02424588619963755,0.022286072736034286,0.03860123965594122,0.026765484379255567,-0.03945595649042591,0.018793227877461988,-0.03729753526395829,0.06510030205072156,0.03932189257225954,0.013098968721977078,0.04485987523830696,-0.03178618850366462,0.0,0.0,0.0,-0.19759646755254112,-0.07175862765939481,0.13612879524514776,-1.138116163652514,-2.283099414143667,0.4241334710695038
beta_l_age2_sm,0.8324411614950511,-0.3146151999624959,1.7818461720042138,4.400714527695431,0.0,0.0,0.0,0.0,0.0,1.4155415038314703,-1.901362515401078,0.26803784028552635,0.16834768990588558,1.068666488190895,-6.187282605395146,-2.0550620605094876,-0.31763716242434026,-0.16552194978728269,-0.14982020850321714,-0.37135903869985093,-0.2509405701552814,-0.2678366624037844,-0.15232114851543366,-0.9935371607732182,-0.3721647225322363,-0.21794358214837128,-0.07772128846104528,-0.8439297707159423,0.0,0.0,0.0,-2.0019305429205914,-0.547160415538696,-0.5100235147811988,-2.1304719152835765,-3.217801136410681,-0.49979219705259825
theta_l_sm,3.558009737312335,-0.765578482957002,4.400714527695435,24.06829941553353,0.0,0.0,0.0,0.0,0.0,9.181211818820001,-12.53212116058021,1.5860215620977138,0.882445786325972,2.5527333809271466,-31.54374976703646,-13.719484948742586,-2.1749958384655033,-0.9644801614162946,-0.9970847192877876,-2.4276732177003817,-1.7164835961541551,-1.4122549687636226,-1.4217170399670391,-6.427796810964892,-2.446436818479607,-1.4161937158376687,-0.6693327510340197,-5.467190894738819,0.0,0.0,0.0,-15.650075159466262,-3.231383622379064,-5.1355316216454465,-16.055024550870804,-21.527264742156387,-5.82140838981319
beta_l0_sf,0.0,0.0,0.0,0.0,0.7810257160464964,0.18480082249397084,0.7392101554263454,0.360788182689169,6.913035711394459,0.729883167822168,-1.8991401895657243,0.38953518276128574,0.20007429175880118,0.16429972640955726,-5.8163730900549,-1.9618218828582166,-0.2784739598183854,-0.17976569643124274,-0.2222931010323273,-0.26525563410524866,-0.2169431033416105,-0.20593003488739312,-0.26529119224378983,-1.0572062619865754,-0.42109440684362964,0.0,0.0,0.0,-0.35155612968091443,-0.27466822429588345,-0.8602387733249137,-2.5510578764492857,-0.4222264066307283,-1.1139551187685484,-2.453966592482125,-2.992282848976278,-1.2388381425972301
beta_l_age_sf,0.0,0.0,0.0,0.0,0.18480082249397087,0.7392101554263453,0.19594345373550892,-0.008478996366894795,0.17764588493824685,0.018230075144306933,-0.12735105709173783,0.030145446153497943,0.04111179856238133,0.3006339385939657,-1.0712255442528715,-0.23505362129398852,-0.050765112289124024,0.012719976624840982,-0.02791814771285647,0.04966209601668235,-0.040071710128687245,0.01801555563048202,-0.03087649641376991,-0.09176822123927023,-0.030042085782441576,0.0,0.0,0.0,0.05091393885664898,0.016938441882533118,-0.1364315626862652,-0.026278726899954502,-0.10421714069859539,0.17667808146992636,-1.0042028096936688,-2.1691023835292738,-0.09478389583106835
beta_l_age2_sf,0.0,0.0,0.0,0.0,0.7392101554263455,0.195943453735509,1.4803364717682306,0.16235641382205288,5.856223448302446,1.0948411460987577,-1.917410081254868,0.3955383914344687,0.18704291649701274,0.011569695864372856,-5.615894415263883,-2.0108059272537178,-0.29566501873464146,-0.17386593892085256,-0.19624750551127254,-0.3089002636450536,-0.23464068343941674,-0.23707308122617918,-0.2531080276881814,-1.0382093395655982,-0.43339190980788284,0.0,0.0,0.0,-0.3634036312823793,-0.23972075688751218,-0.8786254277829926,-2.454277522793357,-0.5053436255925587,-1.112292333567177,-2.5652093412214443,-3.7696714851724407,-1.4547723822795802
beta_l_nkids_sf,0.0,0.0,0.0,0.0,0.360788182689169,-0.00847899636689479,0.1623564138220529,0.6438372864363189,4.466112027214876,-0.22288937650248122,-1.384675063216566,0.21653453787064378,0.10463328739285446,-0.29466824358962745,-3.0296896707253627,-1.4136117578550884,-0.17522099345252035,-0.12802895774294995,-0.17173640982499364,-0.1812377968611717,-0.10549532588863755,-0.16638513528119817,-0.1966761425863754,-0.7631420960706468,-0.27550951913035504,0.0,0.0,0.0,-0.26110588361458065,-0.22567042573458437,-0.592574062529592,-1.822696706340345,-0.2821301701425995,-0.7821380383959851,-1.6741163938178572,-1.7868442683221066,-1.4760608385110376
theta_l_sf,0.0,0.0,0.0,0.0,6.91303571139446,0.17764588493824984,5.856223448302448,4.466112027214877,81.86673801470127,11.59963079661759,-28.453910740610322,4.936328399236121,1.9851111187013488,-9.536941333478378,-59.254036518505856,-29.29558141054614,-4.041937375193134,-2.733037674143991,-3.2617314305765115,-4.109288495613909,-3.050744425734388,-3.270385337503664,-3.9594223749734017,-15.772135064197439,-6.202693797399549,0.0,0.0,0.0,-5.580067516076898,-4.23917651922818,-12.737110445828062,-33.9604191949762,-6.207458454830491,-13.468305195291022,-32.113054310728415,-38.72899027808809,-16.69860000892959
theta_c_singles,1.1274260954411162,-0.28779060811907586,1.41554150383147,9.181211818820032,0.7298831678221518,0.01823007514430941,1.0948411460987657,-0.22288937650248286,11.599630796617703,523.9501867566723,-79.53195976755467,-1.2429953630983235,-3.195074486949037,-43.322532529491866,-13.375239490689978,-86.88207208607355,-13.184599401240476,-6.751024757080664,-9.048884465179391,-13.585699215444436,-10.437994340439715,-9.542845538684688,-9.160477046232828,-39.66508368995966,-17.529932358323578,-4.839822047182231,-2.9359411704454175,-23.760669223479567,-6.235903901924388,-4.795821633485886,-13.725561209959892,-70.81526651699642,-27.736732771386528,26.016376143084017,-47.36648931548734,-54.8236486542055,229.85289898956717
beta_E,-1.7223252906057107,0.05634932579148425,-1.901362515401079,-12.532121160580209,-1.899140189565724,-0.1273510570917381,-1.9174100812548684,-1.3846750632165659,-28.45391074061032,-79.53195976755444,159.9745791847326,5.304261450123519,4.2018354814604555,49.93723428309142,27.147034657419926,171.28010036800822,25.651097115821504,13.641257936675617,15.807706018084263,26.96848722955852,19.612653022493014,17.55708400591525,20.72460256322377,85.0367951818067,33.4540296604045,8.544770181557007,4.755303983814119,37.378695026360035,15.621977919808103,10.838597472136666,35.18738575363179,116.74208939029447,28.827040448364066,26.83873734965617,113.86349859113909,147.5799408400242,34.09312424851153
beta_h_pt1,0.2497629115081368,-0.010823995960195192,0.26803784028552635,1.5860215620977143,0.38953518276128585,0.030145446153498026,0.3955383914344686,0.2165345378706439,4.936328399236122,-1.2429953630983415,5.304261450123521,39.3507420743519,-0.9025822598531257,-11.345878427210629,-5.869410984764297,5.748777365812823,0.781425531393543,0.4746125393956956,0.6101068293105241,0.8854396126938576,0.6853674943465711,0.5884158818405663,0.6414076486044153,2.7997653784584307,1.1211127923528486,0.2569655742715764,0.08771866344471405,1.362592297289864,0.522783256549371,0.265345715092609,1.629734835776577,-1.6666936596358577,-0.25718291837008744,-0.9485780685734732,-1.629107639643958,-1.4786725807501786,-2.497370254683898
beta_h_pt2,0.16742936901763023,-0.00015569723883974334,0.16834768990588542,0.882445786325972,0.20007429175880115,0.04111179856238137,0.1870429164970127,0.10463328739285455,1.9851111187013493,-3.195074486949037,4.201835481460455,-0.9025822598531259,32.43180112573208,-9.376948650417692,-4.895393264543984,4.489426015143437,0.6350958664678154,0.35920777649870755,0.35645075692020733,0.8293464759357315,0.4302327747807802,0.4226094538813404,0.5499848777288046,2.2268590659316456,0.9458210638703823,0.14462736496351544,0.19327728500989183,0.8630903943733632,0.7283791916788005,0.3261163247642321,0.9741339335990746,-1.3317487968352661,1.3323970171006552,0.423097540595876,-2.39240167006503,-4.748683921749395,3.9044470559508326
beta_h_ft,1.1874034058638392,-0.00978763275122173,1.0686664881908952,2.5527333809271475,0.1642997264095568,0.3006339385939661,0.011569695864372474,-0.29466824358962684,-9.536941333478378,-43.32253252949187,49.93723428309143,-11.345878427210629,-9.37694865041769,287.96820464151676,-60.22560411398371,53.05492941576296,8.153489969889023,4.120823221289895,4.800712173406585,8.574387334672958,6.158867841994027,5.490079878955887,6.367784216475112,26.471895560891863,10.33659158471627,1.4736178351519202,1.509336278033939,12.295615011798477,5.08907094476098,5.281317430295771,10.075902869590603,46.26763621704933,11.222059297360474,16.82504550983667,38.519913185839584,44.45627139978421,30.292900447901303
beta_h_lh,-5.982281801365689,0.26458242609175325,-6.187282605395146,-31.543749767036452,-5.816373090054901,-1.0712255442528718,-5.615894415263882,-3.0296896707253627,-59.25403651850587,-13.37523949068987,27.147034657419923,-5.869410984764297,-4.895393264543984,-60.22560411398372,181.649267533227,28.845049174300634,4.382047478565692,2.268398258515373,2.542014381025181,4.618566891131328,3.608485144965819,2.9409988202725628,3.3442222237570607,14.480565362096979,5.607152347855699,2.190433324800662,0.916344661224638,7.02731164994612,1.8794872961517028,1.2906032171634443,4.358893229184943,48.30669022850826,8.06012686241505,20.800477229007477,46.56320902153345,57.85842928213199,16.79215803381088
beta_E_gsur,-1.8725777360245046,-0.07398671904172327,-2.0550620605094876,-13.719484948742581,-1.9618218828582163,-0.23505362129398844,-2.0108059272537178,-1.4136117578550884,-29.29558141054614,-86.88207208607373,171.28010036800825,5.748777365812822,4.489426015143437,53.05492941576296,28.845049174300634,210.95475523404323,27.507223164965367,20.362107819137425,16.78445297147914,25.28503932400607,18.33954125820722,16.823342305846424,26.548540572705186,92.24323752970876,36.50714839737215,9.442403737654974,5.301341236185736,40.11753820499459,16.65068694667177,11.284517349842279,35.36750091379772,126.4012266264402,47.693005539814266,17.076283078838692,126.05006608196385,166.4575979984234,37.424682380603414
beta_E_drgn2,-0.2977917187444333,-0.024245886199637398,-0.31763716242434037,-2.174995838465503,-0.2784739598183854,-0.05076511228912388,-0.29566501873464157,-0.17522099345252046,-4.041937375193134,-13.184599401240485,25.651097115821504,0.781425531393543,0.6350958664678156,8.153489969889023,4.382047478565691,27.507223164965367,25.651097115821504,0.0,0.0,0.0,0.0,0.0,0.0,9.684554309539248,7.822552608093454,1.5115622951177095,0.774617250674959,6.508538261654767,2.439270169613414,1.5643953957902914,4.931832954809558,19.662450340522213,4.863415595148725,3.1894722844056007,20.50125865903607,28.713501259925984,6.771523584410308
beta_E_drgn3,-0.12897263206612292,0.02228607273603437,-0.16552194978728263,-0.9644801614162939,-0.17976569643124285,0.01271997662484095,-0.1738659389208526,-0.12802895774294998,-2.7330376741439912,-6.75102475708067,13.641257936675617,0.4746125393956956,0.3592077764987076,4.1208232212898945,2.268398258515373,20.36210781913742,0.0,13.641257936675617,0.0,0.0,0.0,0.0,0.0,9.176593127237734,3.5386416395674396,0.585946785673455,0.3382636270226232,3.0108852226850153,1.5642258328468763,1.0764262902815305,3.100747198186011,8.510122348482085,2.2152865473294523,1.8260362978861808,7.549030222405863,9.152991381288128,0.6938484706957214
beta_E_drgn4,-0.137662750462058,0.03860123965594118,-0.14982020850321714,-0.9970847192877875,-0.22229310103232727,-0.027918147712856525,-0.19624750551127246,-0.1717364098249936,-3.2617314305765115,-9.048884465179379,15.807706018084263,0.610106829310524,0.35645075692020733,4.800712173406584,2.5420143810251807,16.78445297147914,0.0,0.0,15.807706018084263,0.0,0.0,0.0,0.0,7.018598544623327,4.0190563098094865,0.6805093677348893,0.41757145053440603,3.0709048650084148,1.7963631040676582,1.2995362238249766,4.151784749690055,11.716675628735755,2.4663626126898275,3.2761878296759095,9.99343917355687,11.749988520772867,5.912950161113323
beta_E_drgn5,-0.33106807543192424,0.026765484379255616,-0.37135903869985115,-2.4276732177003812,-0.2652556341052487,0.0496620960166824,-0.30890026364505346,-0.18123779686117175,-4.109288495613909,-13.585699215444425,26.96848722955852,0.8854396126938575,0.8293464759357312,8.574387334672956,4.618566891131328,25.28503932400607,0.0,0.0,0.0,26.96848722955852,0.0,0.0,0.0,11.57418660379583,2.910140321484911,1.800126480449633,0.9206527592940319,7.048019964769173,2.165148024072365,1.5730976983356528,4.887833031308182,20.078821991886223,4.449924152595523,3.7119062145826436,19.115869887671835,24.50481076975452,5.2008750187832895
beta_E_drgn6,-0.23818522780333845,-0.03945595649042595,-0.25094057015528154,-1.7164835961541542,-0.2169431033416105,-0.040071710128687356,-0.2346406834394169,-0.10549532588863755,-3.050744425734388,-10.437994340439694,19.612653022493014,0.6853674943465711,0.4302327747807802,6.158867841994027,3.6084851449658197,18.33954125820722,0.0,0.0,0.0,0.0,19.612653022493014,0.0,0.0,8.912271888728014,4.531135966723251,1.0692295539326473,0.563747509474394,5.329989182079399,1.6341924385377107,1.0901057956152713,3.844239094385496,14.287079395676415,2.9246082896139836,3.40125084735712,14.74303541659389,19.773046640984894,4.299686839292834
beta_E_drgn7,-0.18272816050816826,0.01879322787746186,-0.2678366624037847,-1.4122549687636217,-0.2059300348873931,0.018015555630481867,-0.2370730812261791,-0.16638513528119817,-3.2703853375036633,-9.542845538684697,17.55708400591525,0.5884158818405663,0.4226094538813404,5.4900798789558864,2.940998820272563,16.823342305846424,0.0,0.0,0.0,0.0,0.0,17.55708400591525,0.0,8.01501714391349,5.160198052875942,0.9557428724349194,0.5032163077024052,3.7783610747913006,1.7322662286588901,1.2047315766672895,4.206722049234591,11.891557978431077,2.361787040125508,2.8584884993199013,11.64391025572363,15.425143320401066,2.7470911539640914
beta_E_drgn8,-0.2066218761539904,-0.03729753526395827,-0.15232114851543363,-1.4217170399670387,-0.2652911922437897,-0.030876496413770004,-0.2531080276881815,-0.1966761425863752,-3.9594223749734017,-9.16047704623282,20.72460256322377,0.6414076486044153,0.5499848777288046,6.367784216475111,3.3442222237570602,26.548540572705186,0.0,0.0,0.0,0.0,0.0,0.0,20.72460256322377,12.844871279303502,3.6200625212775677,1.0166698489705746,0.703379374255219,4.413793083556522,2.2869290471213795,1.2596554471947434,4.993006846772767,15.98824445856246,5.552229946051147,3.6638862602942406,16.862887089950135,21.82967606277743,4.316246705240927
beta_E_drgur,-0.8902356392145551,0.06510030205072163,-0.9935371607732187,-6.427796810964889,-1.0572062619865754,-0.09176822123927046,-1.0382093395655985,-0.7631420960706461,-15.772135064197435,-39.66508368995966,85.0367951818067,2.7997653784584307,2.2268590659316456,26.471895560891866,14.48056536209698,92.24323752970876,9.684554309539248,9.176593127237734,7.018598544623327,11.57418660379583,8.912271888728014,8.01501714391349,12.844871279303502,85.0367951818067,0.0,4.3607614531727945,2.3990990948583852,19.14665280443206,8.838330899800292,5.975399301269759,19.633919578348944,62.411222945583106,18.107918793512546,16.234659465799208,59.504124290752834,76.50028889292389,18.801607433727664
beta_E_drgmd,-0.334865010936611,0.03932189257225947,-0.37216472253223654,-2.446436818479606,-0.42109440684362975,-0.030042085782441663,-0.43339190980788306,-0.27550951913035504,-6.20269379739955,-17.52993235832357,33.4540296604045,1.1211127923528486,0.9458210638703823,10.336591584716272,5.607152347855699,36.50714839737215,7.822552608093454,3.5386416395674396,4.0190563098094865,2.910140321484911,4.531135966723251,5.160198052875942,3.6200625212775677,0.0,33.4540296604045,1.713295963171365,0.937025835376458,7.501354178120711,3.327436134790781,2.451561180362357,7.690913750501612,25.305357148164568,6.078406778588727,5.1036566218242925,23.73486963454051,29.63730993686707,5.665019106985033
beta_occ_2_m,-0.20027526233985948,0.013098968721977097,-0.21794358214837145,-1.4161937158376685,0.0,0.0,0.0,0.0,0.0,-4.839822047182237,8.544770181557007,0.2569655742715763,0.1446273649635155,1.4736178351519202,2.190433324800662,9.442403737654974,1.511562295117709,0.5859467856734553,0.6805093677348891,1.800126480449633,1.0692295539326475,0.9557428724349195,1.0166698489705746,4.3607614531727945,1.713295963171365,52.53412386840809,-2.7397419224944026,-23.214738391232164,0.0,0.0,0.0,-10.15778747264938,-0.41150565515928483,-4.508522029523109,-12.339659455417877,-16.019674569914542,-14.65745516895739
beta_occ_3_m,-0.10129403932331059,0.044859875238306784,-0.07772128846104544,-0.6693327510340192,0.0,0.0,0.0,0.0,0.0,-2.935941170445407,4.755303983814118,0.08771866344471407,0.1932772850098918,1.5093362780339383,0.916344661224638,5.301341236185735,0.774617250674959,0.3382636270226232,0.41757145053440614,0.9206527592940317,0.5637475094743939,0.5032163077024052,0.703379374255219,2.3990990948583852,0.937025835376458,-2.739741922494402,30.134874260905427,-12.792974297172659,0.0,0.0,0.0,3.339269029358988,0.830357027564341,0.1302103049251287,4.987218612496788,5.505266329603863,0.23689449305810706
beta_occ_4_m,-0.7335642525765718,-0.03178618850366501,-0.843929770715943,-5.467190894738817,0.0,0.0,0.0,0.0,0.0,-23.76066922347958,37.378695026360035,1.3625922972898645,0.8630903943733635,12.295615011798477,7.027311649946122,40.117538204994595,6.508538261654767,3.010885222685015,3.0709048650084148,7.048019964769173,5.3299891820794,3.7783610747913006,4.413793083556523,19.14665280443206,7.501354178120712,-23.214738391232167,-12.792974297172657,156.73075088703723,0.0,0.0,0.0,82.60125195034702,11.525199795685662,25.338967000300723,87.395560013274,121.96011386072996,48.46191990963071
beta_occ_2_f,0.0,0.0,0.0,0.0,-0.35155612968091454,0.05091393885664913,-0.36340363128237857,-0.26110588361458065,-5.580067516076898,-6.2359039019243605,15.621977919808103,0.522783256549371,0.7283791916788005,5.08907094476098,1.879487296151703,16.65068694667177,2.4392701696134136,1.5642258328468763,1.796363104067658,2.1651480240723653,1.6341924385377107,1.7322662286588906,2.2869290471213795,8.838330899800292,3.3274361347907804,0.0,0.0,0.0,109.17941408902935,-15.79635978945017,-54.52457105091908,-26.297393534658283,-5.114725357262482,-13.01103361579343,-23.605338557208107,-29.704496829360977,-16.924600563521174
beta_occ_3_f,0.0,0.0,0.0,0.0,-0.2746682242958836,0.016938441882532813,-0.239720756887512,-0.22567042573458412,-4.239176519228181,-4.795821633485904,10.838597472136666,0.26534571509260896,0.32611632476423214,5.28131743029577,1.2906032171634445,11.284517349842279,1.564395395790291,1.0764262902815305,1.2995362238249766,1.5730976983356524,1.0901057956152713,1.2047315766672893,1.2596554471947439,5.975399301269759,2.4515611803623574,0.0,0.0,0.0,-15.79635978945017,82.81456801549612,-39.65984520289472,-0.48928136477847983,1.2547621375046538,-2.103010227630498,-3.9520725038377655,-7.550553444746464,-19.969761901038225
beta_occ_4_f,0.0,0.0,0.0,0.0,-0.8602387733249132,-0.13643156268626466,-0.8786254277829926,-0.5925740625295924,-12.737110445828058,-13.72556120995987,35.18738575363177,1.6297348357765769,0.9741339335990746,10.075902869590603,4.358893229184944,35.36750091379771,4.931832954809558,3.100747198186011,4.151784749690055,4.887833031308183,3.844239094385496,4.206722049234592,4.993006846772767,19.63391957834894,7.690913750501613,0.0,0.0,0.0,-54.52457105091907,-39.659845202894715,184.2920273627842,94.83743817181042,19.758253593032848,35.509819639239815,91.15894838996876,115.85262462806615,71.19099559581151
beta_w0,-2.4410988349117755,-0.1975964675525427,-2.00193054292059,-15.650075159466262,-2.5510578764492884,-0.026278726899955585,-2.454277522793362,-1.8226967063403468,-33.96041919497621,-70.815266516995,116.74208939029445,-1.6666936596358561,-1.3317487968352657,46.26763621704933,48.30669022850826,126.4012266264402,19.662450340522213,8.510122348482087,11.716675628735757,20.078821991886223,14.287079395676415,11.891557978431079,15.98824445856246,62.411222945583106,25.305357148164564,-10.157787472649384,3.339269029358988,82.601251950347,-26.29739353465828,-0.4892813647784784,94.83743817181043,7401.534792566705,961.5592040920064,3155.685173960939,7602.299364971093,10002.42738750312,4371.6528734098165
beta_w_educL,-0.4981842190666268,-0.07175862765939545,-0.547160415538696,-3.231383622379065,-0.4222264066307291,-0.10421714069859533,-0.50534362559256,-0.28213017014259956,-6.207458454830502,-27.736732771386336,28.827040448364063,-0.25718291837008844,1.3323970171006554,11.222059297360476,8.06012686241505,47.693005539814266,4.863415595148724,2.2152865473294527,2.466362612689827,4.449924152595523,2.9246082896139836,2.3617870401255074,5.552229946051146,18.107918793512546,6.078406778588727,-0.4115056551592857,0.8303570275643409,11.525199795685658,-5.114725357262482,1.2547621375046536,19.75825359303285,961.5592040920064,961.5592040920064,0.0,1119.5039240516285,1649.683790492901,588.960548448577
beta_w_educH,-0.8496296982377539,0.13612879524514723,-0.5100235147811996,-5.135531621645447,-1.1139551187685481,0.1766780814699251,-1.1122923335671797,-0.7821380383959853,-13.468305195291032,26.01637614308381,26.838737349656167,-0.9485780685734728,0.42309754059587645,16.82504550983667,20.800477229007477,17.076283078838692,3.189472284405602,1.8260362978861806,3.2761878296759104,3.7119062145826445,3.4012508473571192,2.8584884993199005,3.66388626029424,16.23465946579921,5.103656621824292,-4.50852202952311,0.13021030492512628,25.33896700030072,-13.011033615793435,-2.103010227630497,35.50981963923982,3155.685173960939,0.0,3155.685173960939,2778.922612490588,3226.164037126,1563.0919812803277
beta_w_pexp,-2.5902958208237097,-1.1381161636525126,-2.1304719152835774,-16.055024550870797,-2.453966592482126,-1.004202809693672,-2.5652093412214483,-1.6741163938178572,-32.11305431072843,-47.36648931548613,113.86349859113906,-1.6291076396439577,-2.392401670065029,38.519913185839584,46.563209021533446,126.05006608196385,20.501258659036065,7.549030222405864,9.993439173556872,19.11586988767184,14.743035416593887,11.643910255723625,16.86288708995013,59.504124290752834,23.734869634540505,-12.339659455417882,4.9872186124967905,87.39556001327398,-23.605338557208103,-3.95207250383777,91.15894838996874,7602.299364971092,1119.5039240516285,2778.9226124905877,10002.427387503121,14816.232586363465,4469.797866353211
beta_w_pexp2,-3.3546855282493278,-2.2830994141436625,-3.217801136410678,-21.52726474215638,-2.9922828489762825,-2.1691023835292746,-3.769671485172444,-1.7868442683221062,-38.728990278088105,-54.823648654207176,147.57994084002422,-1.4786725807501782,-4.748683921749394,44.456271399784185,57.85842928213199,166.4575979984234,28.713501259925987,9.152991381288128,11.749988520772867,24.50481076975452,19.773046640984894,15.425143320401062,21.829676062777427,76.50028889292389,29.63730993686707,-16.01967456991455,5.505266329603874,121.96011386072995,-29.704496829360977,-7.550553444746466,115.85262462806611,10002.42738750312,1649.683790492901,3226.164037126,14816.232586363465,23588.01987815184,5887.343188826201
sigma,-0.7984940205481088,0.42413347106950317,-0.49979219705259403,-5.821408389813179,-1.2388381425972277,-0.09478389583107039,-1.4547723822795682,-1.4760608385110339,-16.69860000892959,229.85289898956722,34.09312424851143,-2.4973702546838954,3.904447055950831,30.292900447901317,16.792158033810864,37.42468238060346,6.771523584410293,0.6938484706957233,5.912950161113319,5.200875018783279,4.299686839292825,2.7470911539640888,4.316246705240921,18.80160743372764,5.665019106985028,-14.657455168957402,0.23689449305810584,48.46191990963071,-16.92460056352118,-19.96976190103822,71.1909955958115,4371.6528734098165,588.9605484485771,1563.0919812803274,4469.797866353211,5887.3431888262,17071.175926654134
