sheet,variable,label,description,monetary_variable,applicable_observations,weighted_number,weighted_mean,weighted_sd,min,max
assets,afc,ASSETS : Financial Capital,financial income,1,0,0,0,0,0,0
assets,amrtn,ASSETS : Main Residence : Tenure 1 Owned on mortgage 2 Owned outright 3 Rented 4 Reduced Rented 5 Social Rented 6 Free 7 Other,tenure status,0,7482,63155144.39457703,3,0,3,3
expenditure shares,xs01111,EXPENDITURE SHARE: Rice,01111 : 01 Food and nonalcoholic beverages - 1 Food - 1 Bread and cereals - 1 Rice,0,7482,63155144.39457703,0.0006930941117970076,0.0022120055883034623,0,0.03153754025697708
expenditure shares,xs01112,EXPENDITURE SHARE: Bread,01112 : 01 Food and nonalcoholic beverages - 1 Food - 1 Bread and cereals - 2 Bread,0,7482,63155144.39457703,0.0011063110513440727,0.0025335813195002874,0,0.030491210520267487
expenditure shares,xs01113,EXPENDITURE SHARE: Pasta products,01113 : 01 Food and nonalcoholic beverages - 1 Food - 1 Bread and cereals - 3 Pasta products,0,7482,63155144.39457703,0.001196451337178159,0.0028848682301101172,0,0.016326621174812317
expenditure shares,xs01114,EXPENDITURE SHARE: Pastry-cook products,01114 : 01 Food and nonalcoholic beverages - 1 Food - 1 Bread and cereals - 4 Pastry-cook products,0,7482,63155144.39457703,0.002437213541205795,0.004464026277604571,0,0.05080746114253998
expenditure shares,xs01115,EXPENDITURE SHARE: Sandwiches,01115 : 01 Food and nonalcoholic beverages - 1 Food - 1 Bread and cereals - 5 Sandwiches,0,7482,63155144.39457703,0,0,0,0
expenditure shares,xs01116,EXPENDITURE SHARE: Other products,01116 : 01 Food and nonalcoholic beverages - 1 Food - 1 Bread and cereals - 6 Other products,0,7482,63155144.39457703,0.008095076418014322,0.008065072221220783,0,0.06846460700035095
expenditure shares,xs01121,"EXPENDITURE SHARE: Fresh, chilled or frozen meat of bovine animals","01121 : 01 Food and nonalcoholic beverages - 1 Food - 2 Meat - 1 Fresh, chilled or frozen meat of bovine animals",0,7482,63155144.39457703,0.0031881813146680165,0.0074727940856487655,0,0.16647690534591675
expenditure shares,xs01122,"EXPENDITURE SHARE: Fresh, chilled or frozen meat of swine","01122 : 01 Food and nonalcoholic beverages - 1 Food - 2 Meat - 2 Fresh, chilled or frozen meat of swine",0,7482,63155144.39457703,0.001106199823015913,0.0031163084846464882,0,0.0620407871901989
expenditure shares,xs01123,"EXPENDITURE SHARE: Fresh, chilled or frozen meat of sheep and goat","01123 : 01 Food and nonalcoholic beverages - 1 Food - 2 Meat - 3 Fresh, chilled or frozen meat of sheep and goat",0,7482,63155144.39457703,0.0008038847538599963,0.006289782479948055,0,0.19233785569667816
expenditure shares,xs01124,"EXPENDITURE SHARE: Fresh, chilled or frozen meat of poultry","01124 : 01 Food and nonalcoholic beverages - 1 Food - 2 Meat - 4 Fresh, chilled or frozen meat of poultry",0,7482,63155144.39457703,0.002754133091159387,0.006055267135806604,0,0.05197644606232643
expenditure shares,xs01125,"EXPENDITURE SHARE: Dried, salted or smoked meat and edible meat offal","01125 : 01 Food and nonalcoholic beverages - 1 Food - 2 Meat - 5 Dried, salted or smoked meat and edible meat offal",0,7482,63155144.39457703,0.001680905415272838,0.003914995937208226,0,0.05231264978647232
expenditure shares,xs01126,EXPENDITURE SHARE: Other preserved or processed meat and meat preparations,01126 : 01 Food and nonalcoholic beverages - 1 Food - 2 Meat - 6 Other preserved or processed meat and meat preparations,0,7482,63155144.39457703,0,0,0,0
expenditure shares,xs01127,"EXPENDITURE SHARE: Other fresh, chilled or frozen edible meat","01127 : 01 Food and nonalcoholic beverages - 1 Food - 2 Meat - 7 Other fresh, chilled or frozen edible meat",0,7482,63155144.39457703,0.0058932483024748995,0.006907535637101505,0,0.05275573581457138
expenditure shares,xs01131,"EXPENDITURE SHARE: Fresh, chilled or frozen fish","01131 : 01 Food and nonalcoholic beverages - 1 Food - 3 Fish - 1 Fresh, chilled or frozen fish",0,7482,63155144.39457703,0.003887533730752336,0.008572485109175269,0,0.09095810353755951
expenditure shares,xs01132,"EXPENDITURE SHARE: Fresh, chilled or frozen seafood","01132 : 01 Food and nonalcoholic beverages - 1 Food - 3 Fish - 2 Fresh, chilled or frozen seafood",0,7482,63155144.39457703,0.0016790571813763884,0.0039936669564377145,0,0.07163809984922409
expenditure shares,xs01133,"EXPENDITURE SHARE: Dried, smoked or salted fish and seafood","01133 : 01 Food and nonalcoholic beverages - 1 Food - 3 Fish - 3 Dried, smoked or salted fish and seafood",0,7482,63155144.39457703,0,0,0,0
expenditure shares,xs01134,EXPENDITURE SHARE: Other preserved or processed fish and seafood and fish and seafood preparations,01134 : 01 Food and nonalcoholic beverages - 1 Food - 3 Fish - 4 Other preserved or processed fish and seafood and fish and seafood preparations,0,7482,63155144.39457703,0,0,0,0
expenditure shares,xs01141,EXPENDITURE SHARE: Whole milk,"01141 : 01 Food and nonalcoholic beverages - 1 Food - 4 Milk, cheese and eggs - 1 Whole milk",0,7482,63155144.39457703,6.280552499034427e-05,0.00041665628214232925,0,0.006913087330758572
expenditure shares,xs01142,EXPENDITURE SHARE: Low fat milk,"01142 : 01 Food and nonalcoholic beverages - 1 Food - 4 Milk, cheese and eggs - 2 Low fat milk",0,7482,63155144.39457703,0.0010096282424757119,0.002237669251999849,0,0.02945040352642536
expenditure shares,xs01143,EXPENDITURE SHARE: Preserved milk,"01143 : 01 Food and nonalcoholic beverages - 1 Food - 4 Milk, cheese and eggs - 3 Preserved milk",0,7482,63155144.39457703,8.806877184546052e-05,0.0007440691099068662,0,0.017730306833982468
expenditure shares,xs01144,EXPENDITURE SHARE: Yoghurt,"01144 : 01 Food and nonalcoholic beverages - 1 Food - 4 Milk, cheese and eggs - 4 Yoghurt",0,7482,63155144.39457703,0.001994083003747106,0.002877598467079584,0,0.03393234685063362
expenditure shares,xs01145,EXPENDITURE SHARE: Cheese and curd,"01145 : 01 Food and nonalcoholic beverages - 1 Food - 4 Milk, cheese and eggs - 5 Cheese and curd",0,7482,63155144.39457703,0.005505179378613339,0.006601113398154333,0,0.04936937615275383
expenditure shares,xs01146,EXPENDITURE SHARE: Other milk products,"01146 : 01 Food and nonalcoholic beverages - 1 Food - 4 Milk, cheese and eggs - 6 Other milk products",0,7482,63155144.39457703,0.0012563899116317756,0.0021754307380787517,0,0.01570739597082138
expenditure shares,xs01147,EXPENDITURE SHARE: Eggs,"01147 : 01 Food and nonalcoholic beverages - 1 Food - 4 Milk, cheese and eggs - 7 Eggs",0,7482,63155144.39457703,0.000973415684289489,0.0017925331921918343,0,0.01344734150916338
expenditure shares,xs01151,EXPENDITURE SHARE: Butter,01151 : 01 Food and nonalcoholic beverages - 1 Food - 5 Oils and fats - 1 Butter,0,7482,63155144.39457703,0.0007637473350111479,0.0014563994208486252,0,0.012309953570365906
expenditure shares,xs01152,EXPENDITURE SHARE: Margarine and other vegetable fats,01152 : 01 Food and nonalcoholic beverages - 1 Food - 5 Oils and fats - 2 Margarine and other vegetable fats,0,7482,63155144.39457703,0.00011360119223586347,0.0006951137765526764,0,0.010050779208540916
expenditure shares,xs01153,EXPENDITURE SHARE: Olive oil,01153 : 01 Food and nonalcoholic beverages - 1 Food - 5 Oils and fats - 3 Olive oil,0,7482,63155144.39457703,0.0003663768389338931,0.0015735119062124713,0,0.014399521984159946
expenditure shares,xs01154,EXPENDITURE SHARE: Edible oils,01154 : 01 Food and nonalcoholic beverages - 1 Food - 5 Oils and fats - 4 Edible oils,0,7482,63155144.39457703,0.0003250012813149479,0.0012227524115568822,0,0.012533794157207012
expenditure shares,xs01155,EXPENDITURE SHARE: Other edible animal fats,01155 : 01 Food and nonalcoholic beverages - 1 Food - 5 Oils and fats - 5 Other edible animal fats,0,7482,63155144.39457703,0,0,0,0
expenditure shares,xs01161,"EXPENDITURE SHARE: Citrus fruits (fresh, chilled or frozen)","01161 : 01 Food and nonalcoholic beverages - 1 Food - 6 Fruit - 1 Citrus fruits (fresh, chilled or frozen)",0,7482,63155144.39457703,0,0,0,0
expenditure shares,xs01162,"EXPENDITURE SHARE: Bananas (fresh, chilled or frozen)","01162 : 01 Food and nonalcoholic beverages - 1 Food - 6 Fruit - 2 Bananas (fresh, chilled or frozen)",0,7482,63155144.39457703,0,0,0,0
expenditure shares,xs01163,"EXPENDITURE SHARE: Apples (fresh, chilled or frozen)","01163 : 01 Food and nonalcoholic beverages - 1 Food - 6 Fruit - 3 Apples (fresh, chilled or frozen)",0,7482,63155144.39457703,0,0,0,0
expenditure shares,xs01164,"EXPENDITURE SHARE: Pears (fresh, chilled or frozen)","01164 : 01 Food and nonalcoholic beverages - 1 Food - 6 Fruit - 4 Pears (fresh, chilled or frozen)",0,7482,63155144.39457703,0,0,0,0
expenditure shares,xs01165,"EXPENDITURE SHARE: Stone fruits (fresh, chilled or frozen)","01165 : 01 Food and nonalcoholic beverages - 1 Food - 6 Fruit - 5 Stone fruits (fresh, chilled or frozen)",0,7482,63155144.39457703,0,0,0,0
expenditure shares,xs01166,"EXPENDITURE SHARE: Berries (fresh, chilled or frozen)","01166 : 01 Food and nonalcoholic beverages - 1 Food - 6 Fruit - 6 Berries (fresh, chilled or frozen)",0,7482,63155144.39457703,0,0,0,0
expenditure shares,xs01167,"EXPENDITURE SHARE: Other fresh, chilled or frozen fruits","01167 : 01 Food and nonalcoholic beverages - 1 Food - 6 Fruit - 7 Other fresh, chilled or frozen fruits",0,7482,63155144.39457703,0.0015380222212387296,0.0024200662792236353,0,0.02037741430103779
expenditure shares,xs01168,EXPENDITURE SHARE: Dried fruit,01168 : 01 Food and nonalcoholic beverages - 1 Food - 6 Fruit - 8 Dried fruit,0,7482,63155144.39457703,0.0008464990300657796,0.0021295474489223996,0,0.031899213790893555
expenditure shares,xs01169,EXPENDITURE SHARE: Preserved fruit and fruit based products,01169 : 01 Food and nonalcoholic beverages - 1 Food - 6 Fruit - 9 Preserved fruit and fruit based products,0,7482,63155144.39457703,0.0003865550055380433,0.0009439496148734522,0,0.006018348038196564
expenditure shares,xs01171,"EXPENDITURE SHARE: Leaf and stem vegetables (fresh, chilled or frozen)","01171 : 01 Food and nonalcoholic beverages - 1 Food - 7 Vegetables - 1 Leaf and stem vegetables (fresh, chilled or frozen)",0,7482,63155144.39457703,0.0019815252308619073,0.004786910819730827,0,0.04147116094827652
expenditure shares,xs01172,"EXPENDITURE SHARE: Cabbages (fresh, chilled or frozen)","01172 : 01 Food and nonalcoholic beverages - 1 Food - 7 Vegetables - 2 Cabbages (fresh, chilled or frozen)",0,7482,63155144.39457703,0,0,0,0
expenditure shares,xs01173,"EXPENDITURE SHARE: Vegetables cultivated for their fruit (fresh, chilled or frozen)","01173 : 01 Food and nonalcoholic beverages - 1 Food - 7 Vegetables - 3 Vegetables cultivated for their fruit (fresh, chilled or frozen)",0,7482,63155144.39457703,0,0,0,0
expenditure shares,xs01174,"EXPENDITURE SHARE: Root crops, non-starchy bulbs and mushrooms (fresh, chilled or frozen)","01174 : 01 Food and nonalcoholic beverages - 1 Food - 7 Vegetables - 4 Root crops, non-starchy bulbs and mushrooms (fresh, chilled or frozen)",0,7482,63155144.39457703,0,0,0,0
expenditure shares,xs01175,EXPENDITURE SHARE: Dried vegetables,01175 : 01 Food and nonalcoholic beverages - 1 Food - 7 Vegetables - 5 Dried vegetables,0,7482,63155144.39457703,0,0,0,0
expenditure shares,xs01176,EXPENDITURE SHARE: Other preserved or processed vegetables,01176 : 01 Food and nonalcoholic beverages - 1 Food - 7 Vegetables - 6 Other preserved or processed vegetables,0,7482,63155144.39457703,0.0019661318210324086,0.0033850652233881695,0,0.03846002370119095
expenditure shares,xs01177,EXPENDITURE SHARE: Potatoes,01177 : 01 Food and nonalcoholic beverages - 1 Food - 7 Vegetables - 7 Potatoes,0,7482,63155144.39457703,0.0015389932171287416,0.0034031571517948106,0,0.03418166562914848
expenditure shares,xs01178,EXPENDITURE SHARE: Other tubers and products of tuber vegetables,01178 : 01 Food and nonalcoholic beverages - 1 Food - 7 Vegetables - 8 Other tubers and products of tuber vegetables,0,7482,63155144.39457703,0.0019031877662628617,0.0029118863419506026,0,0.028484534472227097
expenditure shares,xs01181,EXPENDITURE SHARE: Sugar,"01181 : 01 Food and nonalcoholic beverages - 1 Food - 8 Sugar, jam, honey, chocolate and confectionery - 1 Sugar",0,7482,63155144.39457703,0.000254261587633568,0.0009661380847373964,0,0.011285695247352123
expenditure shares,xs01182,"EXPENDITURE SHARE: Jams, marmalades","01182 : 01 Food and nonalcoholic beverages - 1 Food - 8 Sugar, jam, honey, chocolate and confectionery - 2 Jams, marmalades",0,7482,63155144.39457703,0.0012518747096475539,0.0030386714671277433,0,0.025911107659339905
expenditure shares,xs01183,EXPENDITURE SHARE: Chocolate,"01183 : 01 Food and nonalcoholic beverages - 1 Food - 8 Sugar, jam, honey, chocolate and confectionery - 3 Chocolate",0,7482,63155144.39457703,0.0016292972254159147,0.003458610189136002,0,0.03111330419778824
expenditure shares,xs01184,EXPENDITURE SHARE: Confectionery products,"01184 : 01 Food and nonalcoholic beverages - 1 Food - 8 Sugar, jam, honey, chocolate and confectionery - 4 Confectionery products",0,7482,63155144.39457703,0.000538028020346241,0.0015484749340511125,0,0.01727910153567791
expenditure shares,xs01185,EXPENDITURE SHARE: Edible ices and ice cream,"01185 : 01 Food and nonalcoholic beverages - 1 Food - 8 Sugar, jam, honey, chocolate and confectionery - 5 Edible ices and ice cream",0,7482,63155144.39457703,0.0005485921807872752,0.001955301667073332,0,0.03519332408905029
expenditure shares,xs01186,EXPENDITURE SHARE: Other sugar products,"01186 : 01 Food and nonalcoholic beverages - 1 Food - 8 Sugar, jam, honey, chocolate and confectionery - 6 Other sugar products",0,7482,63155144.39457703,0.0002470149480637613,0.0010691702068461552,0,0.015822693705558777
expenditure shares,xs01191,"EXPENDITURE SHARE: Sauces, condiments","01191 : 01 Food and nonalcoholic beverages - 1 Food - 9 Food products n.e.c. - 1 Sauces, condiments",0,7482,63155144.39457703,0.000867399984060782,0.001662502724374608,0,0.016163384541869164
expenditure shares,xs01192,"EXPENDITURE SHARE: Salt, spices and culinary herbs","01192 : 01 Food and nonalcoholic beverages - 1 Food - 9 Food products n.e.c. - 2 Salt, spices and culinary herbs",0,7482,63155144.39457703,0.0003520085164793093,0.0020176548961825416,0,0.03359556198120117
expenditure shares,xs01193,"EXPENDITURE SHARE: Baby food, dietary preparations, baker's yeast and other food preparations","01193 : 01 Food and nonalcoholic beverages - 1 Food - 9 Food products n.e.c. - 3 Baby food, dietary preparations, baker's yeast and other food preparations",0,7482,63155144.39457703,0.0012007202900223553,0.004323708147638328,0,0.09930012375116348
expenditure shares,xs01194,EXPENDITURE SHARE: Other food products n.e.c.,01194 : 01 Food and nonalcoholic beverages - 1 Food - 9 Food products n.e.c. - 4 Other food products n.e.c.,0,7482,63155144.39457703,0.00029242556729543526,0.0029879053568032557,0,0.05090118572115898
expenditure shares,xs01211,EXPENDITURE SHARE: Coffee,"01211 : 01 Food and nonalcoholic beverages - 2 Non alcoholic beverages - 1 Coffee, tea and cocoa - 1 Coffee",0,7482,63155144.39457703,0.001352453759552162,0.005518966501265089,0,0.10458969324827194
expenditure shares,xs01212,EXPENDITURE SHARE: Tea,"01212 : 01 Food and nonalcoholic beverages - 2 Non alcoholic beverages - 1 Coffee, tea and cocoa - 2 Tea",0,7482,63155144.39457703,0.00039925489964490294,0.0021052804194288534,0,0.020477915182709694
expenditure shares,xs01213,EXPENDITURE SHARE: Cocoa and powdered chocolate,"01213 : 01 Food and nonalcoholic beverages - 2 Non alcoholic beverages - 1 Coffee, tea and cocoa - 3 Cocoa and powdered chocolate",0,7482,63155144.39457703,8.553614662944414e-05,0.000567041403466978,0,0.006340553518384695
expenditure shares,xs01221,EXPENDITURE SHARE: Mineral or spring waters,"01221 : 01 Food and nonalcoholic beverages - 2 Non alcoholic beverages - 2 Mineral waters, soft drinks, fruit and vegetable juices - 1 Mineral or spring waters",0,7482,63155144.39457703,0.001100224837968746,0.0022606046602317333,0,0.02659335918724537
expenditure shares,xs01222,EXPENDITURE SHARE: Soft drinks,"01222 : 01 Food and nonalcoholic beverages - 2 Non alcoholic beverages - 2 Mineral waters, soft drinks, fruit and vegetable juices - 2 Soft drinks",0,7482,63155144.39457703,0.0006430402604077657,0.001878493070200673,0,0.019220029935240746
expenditure shares,xs01223,EXPENDITURE SHARE: Fruit juices,"01223 : 01 Food and nonalcoholic beverages - 2 Non alcoholic beverages - 2 Mineral waters, soft drinks, fruit and vegetable juices - 3 Fruit juices",0,7482,63155144.39457703,0.0020819923928544672,0.0034587753666798743,0,0.034687042236328125
expenditure shares,xs01224,EXPENDITURE SHARE: Vegetable juices,"01224 : 01 Food and nonalcoholic beverages - 2 Non alcoholic beverages - 2 Mineral waters, soft drinks, fruit and vegetable juices - 4 Vegetable juices",0,7482,63155144.39457703,0,0,0,0
expenditure shares,xs02111,EXPENDITURE SHARE: Spirits and liqueurs,"02111 : 02 Alcoholic beverages, tobacco and narcotics - 1 Alcoholic - 1 Spirits - 1 Spirits and liqueurs",0,7482,63155144.39457703,0.0019039943767065822,0.007261009254774071,0,0.08726038038730621
expenditure shares,xs02121,EXPENDITURE SHARE: Wine from grapes or other fruit,"02121 : 02 Alcoholic beverages, tobacco and narcotics - 1 Alcoholic - 2 Wine - 1 Wine from grapes or other fruit",0,7482,63155144.39457703,0.0041221451853969285,0.012267584644466676,0,0.2530468702316284
expenditure shares,xs02122,EXPENDITURE SHARE: Other,"02122 : 02 Alcoholic beverages, tobacco and narcotics - 1 Alcoholic - 2 Wine - 2 Other",0,7482,63155144.39457703,0,0,0,0
expenditure shares,xs02131,EXPENDITURE SHARE: Beer,"02131 : 02 Alcoholic beverages, tobacco and narcotics - 1 Alcoholic - 3 Beer - 1 Beer",0,7482,63155144.39457703,0.0012216979098559821,0.0045440565101987586,0,0.04676131159067154
expenditure shares,xs02211,EXPENDITURE SHARE: Cigarettes,"02211 : 02 Alcoholic beverages, tobacco and narcotics - 2 Tobacco - 1 Tobacco - 1 Cigarettes",0,7482,63155144.39457703,0,0,0,0
expenditure shares,xs02212,EXPENDITURE SHARE: Cigars,"02212 : 02 Alcoholic beverages, tobacco and narcotics - 2 Tobacco - 1 Tobacco - 2 Cigars",0,7482,63155144.39457703,0,0,0,0
expenditure shares,xs02213,EXPENDITURE SHARE: Other tobacco,"02213 : 02 Alcoholic beverages, tobacco and narcotics - 2 Tobacco - 1 Tobacco - 3 Other tobacco",0,7482,63155144.39457703,0,0,0,0
expenditure shares,xs03111,EXPENDITURE SHARE: Clothing materials,03111 : 03 Clothing and footwear - 1 Clothing - 1 Clothing materials - 1 Clothing materials,0,7482,63155144.39457703,5.5445961529515556e-05,0.0010212017460083042,0,0.02156107686460018
expenditure shares,xs03121,EXPENDITURE SHARE: Garments for men,03121 : 03 Clothing and footwear - 1 Clothing - 2 Garments - 1 Garments for men,0,7482,63155144.39457703,0.0071857139765602275,0.01259715642496254,0,0.175679013133049
expenditure shares,xs03122,EXPENDITURE SHARE: Garments for women,03122 : 03 Clothing and footwear - 1 Clothing - 2 Garments - 2 Garments for women,0,7482,63155144.39457703,0.009325621231433231,0.015291419908650464,0,0.13187626004219055
expenditure shares,xs03123,EXPENDITURE SHARE: Garments for children (3 to 13 years) and infants (0 to 2 years),03123 : 03 Clothing and footwear - 1 Clothing - 2 Garments - 3 Garments for children (3 to 13 years) and infants (0 to 2 years),0,7482,63155144.39457703,0.0024579042448751994,0.005707978907409845,0,0.0482855923473835
expenditure shares,xs03131,EXPENDITURE SHARE: Other articles of clothing and clothing accessories,03131 : 03 Clothing and footwear - 1 Clothing - 3 Other articles of clothing and clothing accessories - 1 Other articles of clothing and clothing accessories,0,7482,63155144.39457703,0.0013150037762173013,0.01003069668008223,0,0.13376078009605408
expenditure shares,xs03141,"EXPENDITURE SHARE: Cleaning, repair and hire of clothing","03141 : 03 Clothing and footwear - 1 Clothing - 4 Cleaning, repair and hire of clothing - 1 Cleaning, repair and hire of clothing",0,7482,63155144.39457703,0.00011879538999287398,0.0010022539722252274,0,0.015030481852591038
expenditure shares,xs03211,EXPENDITURE SHARE: Footwear for men,03211 : 03 Clothing and footwear - 2 Footwear - 1 Shoes and other footwear - 1 Footwear for men,0,7482,63155144.39457703,0.001452956144605164,0.004075109154352961,0,0.03626594319939613
expenditure shares,xs03212,EXPENDITURE SHARE: Footwear for women,03212 : 03 Clothing and footwear - 2 Footwear - 1 Shoes and other footwear - 2 Footwear for women,0,7482,63155144.39457703,0.003568775072674183,0.008277749751947483,0,0.06701674312353134
expenditure shares,xs03213,EXPENDITURE SHARE: Footwear for children (3 to 13 years) and infants (0 to 2 years),03213 : 03 Clothing and footwear - 2 Footwear - 1 Shoes and other footwear - 3 Footwear for children (3 to 13 years) and infants (0 to 2 years),0,7482,63155144.39457703,0.000809654644095838,0.002391120501621801,0,0.020958712324500084
expenditure shares,xs03221,EXPENDITURE SHARE: Repair and hire of footwear,03221 : 03 Clothing and footwear - 2 Footwear - 2 Repair and hire of footwear - 1 Repair and hire of footwear,0,7482,63155144.39457703,1.3019959589522045e-05,0.00036595488867611055,0,0.018667375668883324
expenditure shares,xs04111,EXPENDITURE SHARE: Actual rentals paid by tenants,"04111 : 04 Housing, water, electricity, gas and other fuels - 1 Actual rentals for housing - 1 Actual rentals paid by tenants - 1 Actual rentals paid by tenants",0,7482,63155144.39457703,0.03910089795684448,0.08111814792013523,0,0.4642675817012787
expenditure shares,xs04121,EXPENDITURE SHARE: Other actual rentals,"04121 : 04 Housing, water, electricity, gas and other fuels - 1 Actual rentals for housing - 2 Other actual rentals - 1 Other actual rentals",0,7482,63155144.39457703,0.00034509184406235046,0.004278351384376456,0,0.07495006173849106
expenditure shares,xs04311,EXPENDITURE SHARE: Materials for the maintenance and repair of the dwelling,"04311 : 04 Housing, water, electricity, gas and other fuels - 3 Maintenance and repair of the dwelling - 1 Materials for the maintenance and repair of the dwelling - 1 Materials for the maintenance and repair of the dwelling",0,7482,63155144.39457703,0.004050422155620991,0.029235082821646708,0,0.4345282018184662
expenditure shares,xs04321,EXPENDITURE SHARE: Services for the maintenance and repair of the dwelling,"04321 : 04 Housing, water, electricity, gas and other fuels - 3 Maintenance and repair of the dwelling - 2 Services for the maintenance and repair of the dwelling - 1 Services for the maintenance and repair of the dwelling",0,7482,63155144.39457703,0.0018821821002958684,0.014393691280550677,0,0.3130098581314087
expenditure shares,xs04411,EXPENDITURE SHARE: Water supply,"04411 : 04 Housing, water, electricity, gas and other fuels - 4 Water supply and miscellaneous services relating to the dwelling - 1 Water supply - 1 Water supply",0,7482,63155144.39457703,0.005326674225095333,0.006547782425034397,0,0.10400886833667755
expenditure shares,xs04421,EXPENDITURE SHARE: Refuse collection,"04421 : 04 Housing, water, electricity, gas and other fuels - 4 Water supply and miscellaneous services relating to the dwelling - 2 Refuse collection - 1 Refuse collection",0,7482,63155144.39457703,0,0,0,0
expenditure shares,xs04431,EXPENDITURE SHARE: Sewerage collection,"04431 : 04 Housing, water, electricity, gas and other fuels - 4 Water supply and miscellaneous services relating to the dwelling - 3 Sewerage collection - 1 Sewerage collection",0,7482,63155144.39457703,0,0,0,0
expenditure shares,xs04441,EXPENDITURE SHARE: Other services relating to the dwelling n.e.c.,"04441 : 04 Housing, water, electricity, gas and other fuels - 4 Water supply and miscellaneous services relating to the dwelling - 4 Other services relating to the dwelling n.e.c. - 1 Other services relating to the dwelling n.e.c.",0,7482,63155144.39457703,0.013055981837429594,0.03971094949027949,0,0.3671490550041199
expenditure shares,xs04511,EXPENDITURE SHARE: Electricity,"04511 : 04 Housing, water, electricity, gas and other fuels - 5 Electricity, gas and other fuels - 1 Electricity - 1 Electricity",0,7482,63155144.39457703,0.01613615853288951,0.014200159212837335,0,0.15873198211193085
expenditure shares,xs04521,EXPENDITURE SHARE: Town gas and natural gas,"04521 : 04 Housing, water, electricity, gas and other fuels - 5 Electricity, gas and other fuels - 2 Gas - 1 Town gas and natural gas",0,7482,63155144.39457703,0.0034781311201384627,0.007946507760527102,0,0.04580312222242355
expenditure shares,xs04522,"EXPENDITURE SHARE: Liquefied hydrocarbons (butane, propane, etc.).","04522 : 04 Housing, water, electricity, gas and other fuels - 5 Electricity, gas and other fuels - 2 Gas - 2 Liquefied hydrocarbons (butane, propane, etc.).",0,7482,63155144.39457703,0.0004115155544740251,0.0009178080930007183,0,0.009005521424114704
expenditure shares,xs04531,EXPENDITURE SHARE: Liquid fuels,"04531 : 04 Housing, water, electricity, gas and other fuels - 5 Electricity, gas and other fuels - 3 Liquid fuels - 1 Liquid fuels",0,7482,63155144.39457703,0.0016401705081206298,0.006979673498003282,0,0.04776184633374214
expenditure shares,xs04541,EXPENDITURE SHARE: Solid fuels,"04541 : 04 Housing, water, electricity, gas and other fuels - 5 Electricity, gas and other fuels - 4 Solid fuels - 1 Solid fuels",0,7482,63155144.39457703,0.000615815447381439,0.002329743100206839,0,0.018977418541908264
expenditure shares,xs04551,"EXPENDITURE SHARE: Hot water, steam and ice","04551 : 04 Housing, water, electricity, gas and other fuels - 5 Electricity, gas and other fuels - 5 Heat energy - 1 Hot water, steam and ice",0,7482,63155144.39457703,1.11703184586995e-05,0.0002247245722208174,0,0.006267544813454151
expenditure shares,xs05111,EXPENDITURE SHARE: Furniture and furnishings,"05111 : 05 Furnishings, household equipment and routine maintenance of the house - 1 Furniture and furnishings, carpets and other floor coverings - 1 Furniture and furnishings - 1 Furniture and furnishings",0,7482,63155144.39457703,0.008157622809836534,0.01896166793966255,0,0.31879571080207825
expenditure shares,xs05121,EXPENDITURE SHARE: Carpets and other floor coverings,"05121 : 05 Furnishings, household equipment and routine maintenance of the house - 1 Furniture and furnishings, carpets and other floor coverings - 2 Carpets and other floor coverings - 1 Carpets and other floor coverings",0,7482,63155144.39457703,8.377319846239238e-05,0.0008186078710539968,0,0.03931400552392006
expenditure shares,xs05131,"EXPENDITURE SHARE: Repair of furniture, furnishings and floor coverings","05131 : 05 Furnishings, household equipment and routine maintenance of the house - 1 Furniture and furnishings, carpets and other floor coverings - 3 Repair of furniture, furnishings and floor coverings - 1 Repair of furniture, furnishings and floor coverings",0,7482,63155144.39457703,0.00021537914569132063,0.0035782821659645432,0,0.05966451019048691
expenditure shares,xs05211,EXPENDITURE SHARE: Household textiles,"05211 : 05 Furnishings, household equipment and routine maintenance of the house - 2 Household textiles - 1 Household textiles - 1 Household textiles",0,7482,63155144.39457703,0.0026215669351723507,0.020459398755247635,0,0.33982813358306885
expenditure shares,xs05311,"EXPENDITURE SHARE: Refrigerators, freezers and fridge freezers","05311 : 05 Furnishings, household equipment and routine maintenance of the house - 3 Household appliances - 1 Major household appliances whether or not electrical - 1 Refrigerators, freezers and fridge freezers",0,7482,63155144.39457703,0.0022836507954866643,0.010016271743144031,0,0.07593125849962234
expenditure shares,xs05312,"EXPENDITURE SHARE: Clothes washing machines, clothes drying machines and dish washing machines","05312 : 05 Furnishings, household equipment and routine maintenance of the house - 3 Household appliances - 1 Major household appliances whether or not electrical - 2 Clothes washing machines, clothes drying machines and dish washing machines",0,7482,63155144.39457703,0.0011345923429591424,0.0030994194596661888,0,0.02667749486863613
expenditure shares,xs05313,EXPENDITURE SHARE: Cookers,"05313 : 05 Furnishings, household equipment and routine maintenance of the house - 3 Household appliances - 1 Major household appliances whether or not electrical - 3 Cookers",0,7482,63155144.39457703,0.0005115759403970523,0.0020645097064904963,0,0.028045805171132088
expenditure shares,xs05314,"EXPENDITURE SHARE: Heaters, air conditioners","05314 : 05 Furnishings, household equipment and routine maintenance of the house - 3 Household appliances - 1 Major household appliances whether or not electrical - 4 Heaters, air conditioners",0,7482,63155144.39457703,0.00032747156995453953,0.0019212707860759366,0,0.032590825110673904
expenditure shares,xs05315,EXPENDITURE SHARE: Cleaning equipment,"05315 : 05 Furnishings, household equipment and routine maintenance of the house - 3 Household appliances - 1 Major household appliances whether or not electrical - 5 Cleaning equipment",0,7482,63155144.39457703,0.00014820358076161164,0.0007662006179259675,0,0.012219898402690887
expenditure shares,xs05316,EXPENDITURE SHARE: Sewing and knitting machines,"05316 : 05 Furnishings, household equipment and routine maintenance of the house - 3 Household appliances - 1 Major household appliances whether or not electrical - 6 Sewing and knitting machines",0,7482,63155144.39457703,0,0,0,0
expenditure shares,xs05317,EXPENDITURE SHARE: Other major household appliances,"05317 : 05 Furnishings, household equipment and routine maintenance of the house - 3 Household appliances - 1 Major household appliances whether or not electrical - 7 Other major household appliances",0,7482,63155144.39457703,0,0,0,0
expenditure shares,xs05321,EXPENDITURE SHARE: Small electrical household appliances,"05321 : 05 Furnishings, household equipment and routine maintenance of the house - 3 Household appliances - 2 Small electrical household appliances - 1 Small electrical household appliances",0,7482,63155144.39457703,0.00033390786230575093,0.0018062774825178614,0,0.035795144736766815
expenditure shares,xs05331,EXPENDITURE SHARE: Repair of household appliances,"05331 : 05 Furnishings, household equipment and routine maintenance of the house - 3 Household appliances - 3 Repair of household appliances - 1 Repair of household appliances",0,7482,63155144.39457703,0.00017174852423592704,0.005076586374256084,0,0.15022677183151245
expenditure shares,xs05411,"EXPENDITURE SHARE: Glass and crystal ware, tableware","05411 : 05 Furnishings, household equipment and routine maintenance of the house - 4 Glassware, tableware and household utensils - 1 Glassware, tableware and household utensils - 1 Glass and crystal ware, tableware",0,7482,63155144.39457703,0,0,0,0
expenditure shares,xs05412,"EXPENDITURE SHARE: Cutlery, flatware and silverware","05412 : 05 Furnishings, household equipment and routine maintenance of the house - 4 Glassware, tableware and household utensils - 1 Glassware, tableware and household utensils - 2 Cutlery, flatware and silverware",0,7482,63155144.39457703,0,0,0,0
expenditure shares,xs05413,EXPENDITURE SHARE: Kitchen and domestic utensils,"05413 : 05 Furnishings, household equipment and routine maintenance of the house - 4 Glassware, tableware and household utensils - 1 Glassware, tableware and household utensils - 3 Kitchen and domestic utensils",0,7482,63155144.39457703,0,0,0,0
expenditure shares,xs05414,"EXPENDITURE SHARE: Repair of glassware, tableware and household utensils","05414 : 05 Furnishings, household equipment and routine maintenance of the house - 4 Glassware, tableware and household utensils - 1 Glassware, tableware and household utensils - 4 Repair of glassware, tableware and household utensils",0,7482,63155144.39457703,0,0,0,0
expenditure shares,xs05511,EXPENDITURE SHARE: Major tools and equipment,"05511 : 05 Furnishings, household equipment and routine maintenance of the house - 5 Tools and equipment for house and garden - 1 Major tools and equipment - 1 Major tools and equipment",0,7482,63155144.39457703,0.0009851149536735636,0.0029047286776349773,0,0.028028346598148346
expenditure shares,xs05521,EXPENDITURE SHARE: Small tools and miscellaneous accessories,"05521 : 05 Furnishings, household equipment and routine maintenance of the house - 5 Tools and equipment for house and garden - 2 Small tools and miscellaneous accessories - 1 Small tools and miscellaneous accessories",0,7482,63155144.39457703,0.0028126858593069985,0.013046394530971369,0,0.33393168449401855
expenditure shares,xs05611,EXPENDITURE SHARE: Cleaning and maintenance products,"05611 : 05 Furnishings, household equipment and routine maintenance of the house - 6 Goods and services for routine household maintenance - 1 Non durable household goods - 1 Cleaning and maintenance products",0,7482,63155144.39457703,0.002382523518021916,0.005736844850179038,0,0.10935615748167038
expenditure shares,xs05612,EXPENDITURE SHARE: Other non durable household articles,"05612 : 05 Furnishings, household equipment and routine maintenance of the house - 6 Goods and services for routine household maintenance - 1 Non durable household goods - 2 Other non durable household articles",0,7482,63155144.39457703,0.0014068038744966284,0.0036761463273647043,0,0.0466717965900898
expenditure shares,xs05621,EXPENDITURE SHARE: Domestic services,"05621 : 05 Furnishings, household equipment and routine maintenance of the house - 6 Goods and services for routine household maintenance - 2 Domestic services and household services - 1 Domestic services",0,7482,63155144.39457703,0.012336773218589905,0.031009046374130336,0,0.24759775400161743
expenditure shares,xs05622,EXPENDITURE SHARE: Household services,"05622 : 05 Furnishings, household equipment and routine maintenance of the house - 6 Goods and services for routine household maintenance - 2 Domestic services and household services - 2 Household services",0,7482,63155144.39457703,5.9379937520077306e-05,0.0011311680557749494,0,0.02160775475203991
expenditure shares,xs06111,EXPENDITURE SHARE: Pharmaceutical products,"06111 : 06 Health - 1 Medical products, appliances and equipment - 1 Pharmaceutical products - 1 Pharmaceutical products",0,7482,63155144.39457703,0.002454736585837391,0.0055850032318645855,0,0.11004086583852768
expenditure shares,xs06121,EXPENDITURE SHARE: Other medical products,"06121 : 06 Health - 1 Medical products, appliances and equipment - 2 Other medical products - 1 Other medical products",0,7482,63155144.39457703,0.0005804274598866354,0.0030024426567095285,0,0.07348167896270752
expenditure shares,xs06131,EXPENDITURE SHARE: Therapeutic appliances and equipment,"06131 : 06 Health - 1 Medical products, appliances and equipment - 3 Therapeutic appliances and equipment - 1 Therapeutic appliances and equipment",0,7482,63155144.39457703,0.0020960796660984813,0.006971902433393802,0,0.04311104491353035
expenditure shares,xs06211,EXPENDITURE SHARE: Medical Services - 1 Medical Services,06211 : 06 Health - 2 Out-patient services - 1 Medical Services - 1 Medical Services,0,7482,63155144.39457703,0.002173694042973344,0.005244266115354213,0,0.0510435625910759
expenditure shares,xs06221,EXPENDITURE SHARE: Dental services - 1 Dental services,06221 : 06 Health - 2 Out-patient services - 2 Dental services - 1 Dental services,0,7482,63155144.39457703,0.0009495999709701255,0.004700137484950069,0,0.062389589846134186
expenditure shares,xs06231,EXPENDITURE SHARE: Paramedical services - 1 Services of medical analysis laboratories and X-ray centres,06231 : 06 Health - 2 Out-patient services - 3 Paramedical services - 1 Services of medical analysis laboratories and X-ray centres,0,7482,63155144.39457703,0.0011742262383690556,0.01035056729462576,0,0.10896722227334976
expenditure shares,xs06232,EXPENDITURE SHARE: Paramedical services - 2 Services of medical auxiliaries,06232 : 06 Health - 2 Out-patient services - 3 Paramedical services - 2 Services of medical auxiliaries,0,7482,63155144.39457703,0.0002675455832295916,0.005118177977929113,0,0.17094926536083221
expenditure shares,xs06233,EXPENDITURE SHARE: Paramedical services - 3 Other nonhospital services,06233 : 06 Health - 2 Out-patient services - 3 Paramedical services - 3 Other nonhospital services,0,7482,63155144.39457703,0,0,0,0
expenditure shares,xs06311,EXPENDITURE SHARE: Hospital services,063 : 06 Health - 3 Hospital services - - Hospital services,0,7482,63155144.39457703,0.0007386921739814741,0.006946834127452226,0,0.15934838354587555
expenditure shares,xs07111,EXPENDITURE SHARE: rs - 1 Purchase of new motor-cars,07111 : 07 Transport - 1 Purchase of vehicles - 1 Motor-cars - 1 Purchase of new motor-cars,0,7482,63155144.39457703,0.03736229610230316,0.14312483227237044,0,1.08952796459198
expenditure shares,xs07112,EXPENDITURE SHARE: rs - 2 Purchase of second-hand motor-cars,07112 : 07 Transport - 1 Purchase of vehicles - 1 Motor-cars - 2 Purchase of second-hand motor-cars,0,7482,63155144.39457703,0.022746135290793747,0.08197776533504894,0,0.7479385137557983
expenditure shares,xs07121,EXPENDITURE SHARE: cles - 1 Motor-cycles,07121 : 07 Transport - 1 Purchase of vehicles - 2 Motor-cycles - 1 Motor-cycles,0,7482,63155144.39457703,0.0005585833632686432,0.009050019070727113,0,0.5275305509567261
expenditure shares,xs07131,EXPENDITURE SHARE: Bicycles,07131 : 07 Transport - 1 Purchase of vehicles - 3 Bicycles - 1 Bicycles,0,7482,63155144.39457703,0.0013242796955206656,0.006824135880343226,0,0.09536384046077728
expenditure shares,xs07141,EXPENDITURE SHARE: awn vehicles - 1 Animal-drawn vehicles,07141 : 07 Transport - 1 Purchase of vehicles - 4 Animal-drawn vehicles - 1 Animal-drawn vehicles,0,7482,63155144.39457703,0,0,0,0
expenditure shares,xs07211,EXPENDITURE SHARE: Spare parts and accessories,07211 : 07 Transport - 2 Operation of personal transport equipment - 1 Spare parts and accessories - 1 Spare parts and accessories,0,7482,63155144.39457703,0.002476389919648081,0.018295497864141894,0,0.3144909143447876
expenditure shares,xs07221,EXPENDITURE SHARE: Fuels and lubricants,07221 : 07 Transport - 2 Operation of personal transport equipment - 2 Fuels and lubricants - 1 Fuels and lubricants,0,7482,63155144.39457703,0.017874836506656278,0.027172700232544915,0,0.2007676064968109
expenditure shares,xs07231,EXPENDITURE SHARE: Maintenance and repair,07231 : 07 Transport - 2 Operation of personal transport equipment - 3 Maintenance and repair of personal transport equipment - 1 Maintenance and repair,0,7482,63155144.39457703,0.00619531441619276,0.011425373534616635,0,0.18248771131038666
expenditure shares,xs07241,EXPENDITURE SHARE: Other services in respect of personal transport equipment,07241 : 07 Transport - 2 Operation of personal transport equipment - 4 Other services in respect of personal transport equipment - 1 Other services in respect of personal transport equipment,0,7482,63155144.39457703,0.004092060725174217,0.016140288711363103,0,0.1413976550102234
expenditure shares,xs07311,EXPENDITURE SHARE: Passenger transport by railway,07311 : 07 Transport - 3 Transport services - 1 Passenger transport by railway - 1 Passenger transport by railway,0,7482,63155144.39457703,0.004807278249043179,0.014406137845675933,0,0.1176600456237793
expenditure shares,xs07321,EXPENDITURE SHARE: Passenger transport by road,07321 : 07 Transport - 3 Transport services - 2 Passenger transport by road - 1 Passenger transport by road,0,7482,63155144.39457703,0.0010580211640319756,0.004015908018065036,0,0.04873451963067055
expenditure shares,xs07331,EXPENDITURE SHARE: Passenger transport by air,07331 : 07 Transport - 3 Transport services - 3 Passenger transport by air - 1 Passenger transport by air,0,7482,63155144.39457703,0.004339789807991429,0.01698576951531475,0,0.135530486702919
expenditure shares,xs07341,EXPENDITURE SHARE: Passenger transport by sea and inland waterway,07341 : 07 Transport - 3 Transport services - 4 Passenger transport by sea and inland waterway - 1 Passenger transport by sea and inland waterway,0,7482,63155144.39457703,0.0007361414133906308,0.007627816300624526,0,0.08643991500139236
expenditure shares,xs07351,EXPENDITURE SHARE: Combined passenger transport,07351 : 07 Transport - 3 Transport services - 5 Combined passenger transport - 1 Combined passenger transport,0,7482,63155144.39457703,0.002938948257794565,0.011124253665199622,0,0.1259157955646515
expenditure shares,xs07361,EXPENDITURE SHARE: Other purchased transport services,07361 : 07 Transport - 3 Transport services - 6 Other purchased transport services - 1 Other purchased transport services,0,7482,63155144.39457703,0.0012060036306243375,0.010554038676227352,0,0.15549573302268982
expenditure shares,xs08111,EXPENDITURE SHARE: Postal services,0811 : 08 Communication - 1 Postal services - 1 Postal services - Postal services,0,7482,63155144.39457703,0.0007251170276409543,0.0032685039727469887,0,0.034730762243270874
expenditure shares,xs08211,EXPENDITURE SHARE: Telephone and telefax equipment,08211 : 08 Communication - 2 Telephone and telefax equipment - 1 Telephone and telefax equipment - 1 Telephone and telefax equipment,0,7482,63155144.39457703,0.001514846077059644,0.00392904813474048,0,0.1300622969865799
expenditure shares,xs08311,EXPENDITURE SHARE: Telephone and telefax services,08311 : 08 Communication - 3 Telephone and telefax services - 1 Telephone and telefax services - 1 Telephone and telefax services,0,7482,63155144.39457703,0.014505075779544685,0.02400016269301384,0.0002389035653322935,0.23584717512130737
expenditure shares,xs09111,"EXPENDITURE SHARE: Equipment for the reception, recording and reproduction of sound and pictures - 1 Equipment for the reception, recording and reproduction of sound","09111 : 09 Recreation and culture - 1 Audio-visual, photographic and information processing equipment - 1 Equipment for the reception, recording and reproduction of sound and pictures - 1 Equipment for the reception, recording and reproduction of sound",0,7482,63155144.39457703,0.00029588200335848013,0.005398732806656032,0,0.15615816414356232
expenditure shares,xs09112,"EXPENDITURE SHARE: Equipment for the reception, recording and reproduction of sound and pictures - 2 Television sets, video cassette players and recorders","09112 : 09 Recreation and culture - 1 Audio-visual, photographic and information processing equipment - 1 Equipment for the reception, recording and reproduction of sound and pictures - 2 Television sets, video cassette players and recorders",0,7482,63155144.39457703,0.0010821440603345212,0.006067145062865154,0,0.09857340157032013
expenditure shares,xs09121,EXPENDITURE SHARE: Photographic and cinematographic equipment and optical instruments - 1 Photographic and cinematographic equipment,"09121 : 09 Recreation and culture - 1 Audio-visual, photographic and information processing equipment - 2 Photographic and cinematographic equipment and optical instruments - 1 Photographic and cinematographic equipment",0,7482,63155144.39457703,0.0002536690560196133,0.0015837057916572859,0,0.03135598450899124
expenditure shares,xs09122,EXPENDITURE SHARE: Photographic and cinematographic equipment and optical instruments - 2 Optical instruments,"09122 : 09 Recreation and culture - 1 Audio-visual, photographic and information processing equipment - 2 Photographic and cinematographic equipment and optical instruments - 2 Optical instruments",0,7482,63155144.39457703,0,0,0,0
expenditure shares,xs09131,EXPENDITURE SHARE: Information processing equipment - 1 Information processing equipment,"09131 : 09 Recreation and culture - 1 Audio-visual, photographic and information processing equipment - 3 Information processing equipment - 1 Information processing equipment",0,7482,63155144.39457703,0.004367441080981063,0.027317065890245233,0,0.4227806031703949
expenditure shares,xs09141,EXPENDITURE SHARE: Recording media - 1 Recording media for pictures and sound,"09141 : 09 Recreation and culture - 1 Audio-visual, photographic and information processing equipment - 4 Recording media - 1 Recording media for pictures and sound",0,7482,63155144.39457703,0.0011411158473308043,0.0039008976086859566,0,0.07043180614709854
expenditure shares,xs09151,"EXPENDITURE SHARE: Repair of audiovisual, photographic and information processing equipment - 1 Repair of audiovisual, photographic and information processing equipment","09151 : 09 Recreation and culture - 1 Audio-visual, photographic and information processing equipment - 5 Repair of audiovisual, photographic and information processing equipment - 1 Repair of audiovisual, photographic and information processing equipment",0,7482,63155144.39457703,0,0,0,0
expenditure shares,xs09211,EXPENDITURE SHARE: Major durables for outdoor recreation,09211 : 09 Recreation and culture - 2 Other major durables for recreation and culture - 1 Major durables for outdoor recreation - 1 Major durables for outdoor recreation,0,7482,63155144.39457703,0.0015788070650207759,0.033687773556858806,0,0.7482468485832214
expenditure shares,xs09221,EXPENDITURE SHARE: Musical instruments,09221 : 09 Recreation and culture - 2 Other major durables for recreation and culture - 2 Musical instruments and majors durables for indoor recreation - 1 Musical instruments,0,7482,63155144.39457703,0.0003202728708399724,0.0028341745835770726,0,0.0507507361471653
expenditure shares,xs09222,EXPENDITURE SHARE: Major durables for indoor recreation,09222 : 09 Recreation and culture - 2 Other major durables for recreation and culture - 2 Musical instruments and majors durables for indoor recreation - 2 Major durables for indoor recreation,0,7482,63155144.39457703,0,0,0,0
expenditure shares,xs09231,EXPENDITURE SHARE: Maintenance and repair of other major durables for recreation and culture,09231 : 09 Recreation and culture - 2 Other major durables for recreation and culture - 3 Maintenance and repair of other major durables for recreation and culture - 1 Maintenance and repair of other major durables for recreation and culture,0,7482,63155144.39457703,0,0,0,0
expenditure shares,xs09311,"EXPENDITURE SHARE: Games, toys and hobbies","09311 : 09 Recreation and culture - 3 Other major durables for recreation and culture - 1 Games, toys and hobbies - 1 Games, toys and hobbies",0,7482,63155144.39457703,0.002502636330969482,0.009176417232941086,0,0.09751114994287491
expenditure shares,xs09321,"EXPENDITURE SHARE: Equipment for sport, camping and open air recreation","09321 : 09 Recreation and culture - 3 Other major durables for recreation and culture - 2 Equipment for sport, camping and open air recreation - 1 Equipment for sport, camping and open air recreation",0,7482,63155144.39457703,0.002643114792060886,0.014006525490516564,0,0.11302396655082703
expenditure shares,xs09331,"EXPENDITURE SHARE: Gardens, plants and flowers","09331 : 09 Recreation and culture - 3 Other major durables for recreation and culture - 3 Gardens, plants and flowers - 1 Gardens, plants and flowers",0,7482,63155144.39457703,0.001515827829743216,0.006380651848687617,0,0.06473408639431
expenditure shares,xs09341,EXPENDITURE SHARE: Pets and related products,09341 : 09 Recreation and culture - 3 Other major durables for recreation and culture - 4 Pets and related products - 1 Pets and related products,0,7482,63155144.39457703,0.002159595406696543,0.008272311145723396,0,0.12110865861177444
expenditure shares,xs09351,EXPENDITURE SHARE: Veterinary and other services for pets,09351 : 09 Recreation and culture - 3 Other major durables for recreation and culture - 5 Veterinary and other services for pets - 1 Veterinary and other services for pets,0,7482,63155144.39457703,0.0019691570875403817,0.0055966389872889166,0,0.040258996188640594
expenditure shares,xs09411,EXPENDITURE SHARE: Recreational and sporting services,09411 : 09 Recreation and culture - 4 Recreational and cultural services - 1 Recreational and sporting services - 1 Recreational and sporting services,0,7482,63155144.39457703,0.010385333555554103,0.037484315945978154,0,0.6817912459373474
expenditure shares,xs09421,"EXPENDITURE SHARE: Cinemas, theatres, concerts","09421 : 09 Recreation and culture - 4 Recreational and cultural services - 2 Cultural services - 1 Cinemas, theatres, concerts",0,7482,63155144.39457703,0.001572371940041469,0.0056069938093412245,0,0.10207142680883408
expenditure shares,xs09422,"EXPENDITURE SHARE: Museums, zoological gardens and the like","09422 : 09 Recreation and culture - 4 Recreational and cultural services - 2 Cultural services - 2 Museums, zoological gardens and the like",0,7482,63155144.39457703,0.0005130729241032372,0.0029270987800116286,0,0.025050239637494087
expenditure shares,xs09423,EXPENDITURE SHARE: Television and radio taxes and hire of equipment,09423 : 09 Recreation and culture - 4 Recreational and cultural services - 2 Cultural services - 3 Television and radio taxes and hire of equipment,0,7482,63155144.39457703,0.00578949524110758,0.006329471761890844,0,0.05099589750170708
expenditure shares,xs09424,EXPENDITURE SHARE: Other services,09424 : 09 Recreation and culture - 4 Recreational and cultural services - 2 Cultural services - 4 Other services,0,7482,63155144.39457703,0.00046990154641441046,0.00400860890425479,0,0.194353386759758
expenditure shares,xs09511,EXPENDITURE SHARE: Books,"09511 : 09 Recreation and culture - 5 Newspapers, books and stationery - 1 Books - 1 Books",0,7482,63155144.39457703,0.002565340061246077,0.006196938870050872,0,0.11760899424552917
expenditure shares,xs09521,EXPENDITURE SHARE: Newspapers and periodicals,"09521 : 09 Recreation and culture - 5 Newspapers, books and stationery - 2 Newspapers and periodicals - 1 Newspapers and periodicals",0,7482,63155144.39457703,0.0025340391434477494,0.006229591375886191,0,0.07052256911993027
expenditure shares,xs09531,EXPENDITURE SHARE: Miscellaneous printed matter,"09531 : 09 Recreation and culture - 5 Newspapers, books and stationery - 3 Miscellaneous printed matter - 1 Miscellaneous printed matter",0,7482,63155144.39457703,0.00026032748338291944,0.0014743469409008274,0,0.020342011004686356
expenditure shares,xs09541,EXPENDITURE SHARE: Stationery and drawing materials,"09541 : 09 Recreation and culture - 5 Newspapers, books and stationery - 4 Stationery and drawing materials - 1 Stationery and drawing materials",0,7482,63155144.39457703,0.001320979259017023,0.0074171722587917455,0,0.08747074007987976
expenditure shares,xs09611,EXPENDITURE SHARE: Package holidays,096 : 09 Recreation and culture - 6 Package holidays - - Package holidays,0,7482,63155144.39457703,0,0,0,0
expenditure shares,xs10111,EXPENDITURE SHARE: Pre primary and primary education,10111 : 10 Education - 1 Pre primary and primary education - 1 Pre primary and primary education - 1 Pre primary and primary education,0,7482,63155144.39457703,0.0004292136608717115,0.0021064568653897365,0,0.03268604725599289
expenditure shares,xs10211,EXPENDITURE SHARE: Secondary education,10211 : 10 Education - 2 Secondary education - 1 Secondary education - 1 Secondary education,0,7482,63155144.39457703,0.0003774129968237459,0.0023625004057758804,0,0.03481088951230049
expenditure shares,xs10311,EXPENDITURE SHARE: rtiary education - 1 Post-secondary non-tertiary education - 1 Post-secondary non-tertiary education,10311 : 10 Education - 3 Post-secondary non-tertiary education - 1 Post-secondary non-tertiary education - 1 Post-secondary non-tertiary education,0,7482,63155144.39457703,0,0,0,0
expenditure shares,xs10411,EXPENDITURE SHARE: Tertiary education,10411 : 10 Education - 4 Tertiary education - 1 Tertiary education - 1 Tertiary education,0,7482,63155144.39457703,0.001747062498404376,0.009933570168038872,0,0.17968396842479706
expenditure shares,xs10511,EXPENDITURE SHARE: Education not definable by level,10511 : 10 Education - 5 Education not definable by level - 1 Education not definable by level - 1 Education not definable by level,0,7482,63155144.39457703,0.0007850115939965895,0.004374979833539526,0,0.07690437138080597
expenditure shares,xs11111,EXPENDITURE SHARE: Restaurants,"11111 : 11 Restaurants and hotels - 1 Catering services - 1 Restaurants, cafés and the like(S) - 1 Restaurants",0,7482,63155144.39457703,0.021732198613982172,0.03800727949424091,0,0.525930643081665
expenditure shares,xs11112,"EXPENDITURE SHARE: Cafés, bars and the like","11112 : 11 Restaurants and hotels - 1 Catering services - 1 Restaurants, cafés and the like(S) - 2 Cafés, bars and the like",0,7482,63155144.39457703,0.007475803332427426,0.014289978704976157,0,0.2323434203863144
expenditure shares,xs11121,EXPENDITURE SHARE: Canteens,11121 : 11 Restaurants and hotels - 1 Catering services - 2 Canteens - 1 Canteens,0,7482,63155144.39457703,0.008467064720543382,0.016205756729982142,0,0.11723768711090088
expenditure shares,xs11211,EXPENDITURE SHARE: Accommodation services,11211 : 11 Restaurants and hotels - 2 Accommodation services - 1 Accommodation services - 1 Accommodation services,0,7482,63155144.39457703,0.014546140444049003,0.03922818250414989,0,0.48984479904174805
expenditure shares,xs12111,EXPENDITURE SHARE: Hairdressing salons and personal grooming establishments,12111 : 12 Miscellaneous goods and services - 1 Personal care - 1 Hairdressing salons and personal grooming establishments - 1 Hairdressing salons and personal grooming establishments,0,7482,63155144.39457703,0.007600284299400266,0.009852741255311579,0,0.12494019418954849
expenditure shares,xs12121,EXPENDITURE SHARE: Electrical appliances for personal care,12121 : 12 Miscellaneous goods and services - 1 Personal care - 2 Electrical appliances for personal care - 1 Electrical appliances for personal care,0,7482,63155144.39457703,3.759024044994692e-05,0.00032234490103302615,0,0.0047659724950790405
expenditure shares,xs12131,"EXPENDITURE SHARE: Other appliance, articles and products for personal care","12131 : 12 Miscellaneous goods and services - 1 Personal care - 3 Other appliances, articles and products for personal care - 1 Other appliance, articles and products for personal care",0,7482,63155144.39457703,0.008198205957499708,0.01638836316783932,0,0.32504165172576904
expenditure shares,xs12311,"EXPENDITURE SHARE: Jewellery, clocks and watches","12311 : 12 Miscellaneous goods and services - 3 Personal effects n.e.c. - 1 Jewellery, clocks and watches - 1 Jewellery, clocks and watches",0,7482,63155144.39457703,0.002545830300852384,0.016371613070463926,0,0.26913556456565857
expenditure shares,xs12321,EXPENDITURE SHARE: Travel goods and other carriers,12321 : 12 Miscellaneous goods and services - 3 Personal effects n.e.c. - 2 Other personal effects - 1 Travel goods and other carriers,0,7482,63155144.39457703,0.0016516722014674595,0.0055882226222006655,0,0.10809826850891113
expenditure shares,xs12322,EXPENDITURE SHARE: Other personal effects,12322 : 12 Miscellaneous goods and services - 3 Personal effects n.e.c. - 2 Other personal effects - 2 Other personal effects,0,7482,63155144.39457703,0,0,0,0
expenditure shares,xs12411,EXPENDITURE SHARE: Social protection services,12411 : 12 Miscellaneous goods and services - 4 Social protection - 1 Social protection services - 1 Social protection services,0,7482,63155144.39457703,0,0,0,0
expenditure shares,xs12412,"EXPENDITURE SHARE: Crèches, nurseries","12412 : 12 Miscellaneous goods and services - 4 Social protection - 1 Social protection services - 2 Crèches, nurseries",0,7482,63155144.39457703,0,0,0,0
expenditure shares,xs12521,EXPENDITURE SHARE: Insurance connected with the dwelling,12521 : 12 Miscellaneous goods and services - 5 Insurance - 2 Insurance connected with the dwelling - 1 Insurance connected with the dwelling,0,7482,63155144.39457703,0.007043438653079774,0.006959055269794768,0,0.059975262731313705
expenditure shares,xs12531,EXPENDITURE SHARE: Insurance connected with health,12531 : 12 Miscellaneous goods and services - 5 Insurance - 3 Insurance connected with health - 1 Insurance connected with health,0,7482,63155144.39457703,0.017819618495109997,0.01419023466580489,0,0.07924725115299225
expenditure shares,xs12541,EXPENDITURE SHARE: Insurance connected with transport,12541 : 12 Miscellaneous goods and services - 5 Insurance - 4 Insurance connected with transport - 1 Insurance connected with transport,0,7482,63155144.39457703,0.013561481921566717,0.010795846518166424,0,0.06851891428232193
expenditure shares,xs12551,EXPENDITURE SHARE: Other insurance,12551 : 12 Miscellaneous goods and services - 5 Insurance - 5 Other insurance - 1 Other insurance,0,7482,63155144.39457703,0.003082733731040254,0.006778002064026014,0,0.07718183845281601
expenditure shares,xs12621,EXPENDITURE SHARE: Financial services n.e.c.,12621 : 12 Miscellaneous goods and services - 6 Financial services n.e.c. - 2 Financial services n.e.c. - 1 Financial services n.e.c.,0,7482,63155144.39457703,0.002711848366626493,0.0020083428150291767,0,0.016468103975057602
expenditure shares,xs12711,EXPENDITURE SHARE: Other services n.e.c.,12711: 12 Miscellaneous goods and services - 7 Other services n.e.c. - 1 Other services n.e.c. - 1 Other services n.e.c.,0,7482,63155144.39457703,0.01896508180237479,0.06394144133660898,0,0.5663609504699707
expenditures,xed00,EXPENDITURE: Education,expenditure for education,1,0,0,0,0,0,0
expenditures,xhc,EXPENDITURE : Housing cost,total housing cost,1,2397,30604712.67250061,610.755615234375,0,610.755615234375,610.755615234375
expenditures,xhcmomi,EXPENDITURE : Housing cost : Mortgage Interest,interest repayments on mortgage,1,0,0,0,0,0,0
expenditures,xhcot,EXPENDITURE : Housing cost : Other,other housing costs,1,0,0,0,0,0,0
expenditures,xhcrt,EXPENDITURE : Housing cost : Rent,current rent related to occupied dwelling,1,2397,30604712.67250061,610.755615234375,0,610.755615234375,610.755615234375
expenditures,xhl00,EXPENDITURE: Health care,expenditure for health care,1,0,0,0,0,0,0
expenditures,xmp,EXPENDITURE : Maintenance Payment,regular inter-household cash transfers paid,1,0,0,0,0,0,0
expenditures,xpp,EXPENDITURE : Private Pension (voluntary),contributions to individual private pension plans,1,0,0,0,0,0,0
hhot,sft_h,family type for HHoT household,,,0,0,0,0,0,0
hhot,sid_h,household id for HHoT household,,,7482,63155144.39457703,890216210.7305866,608800185.4478399,18093234,2078521206
income,bch00,BENEFIT/PENSION : Child : Main/Basic,monthly Family Allowance (Allocation Familiale AF),1,0,0,0,0,0,0
income,bched,BENEFIT/PENSION : Child : Education,yearly Mean Tested education related family benefit (Allocation de rentrée scolaire ARS),1,0,0,0,0,0,0
income,bchlg,BENEFIT/PENSION : Child : Large Family,monthly Family Complement (Complément Familial CF),1,0,0,0,0,0,0
income,bchlp,benefit/pension : child : lone parent,,1,0,0,0,0,0,0
income,bchot,BENEFIT/PENSION : Child : Other,monthly Other Family Benefit (autres prestations familiales),1,0,0,0,0,0,0
income,bchyc,BENEFIT/PENSION : Child : Young Children,monthly Mean Tested Young Children Allowance and Baby Bonus (Prestation d'accueil des jeunes enfants PAJE + Prime de naissance),1,0,0,0,0,0,0
income,bdi,BENEFIT/PENSION : Disability,monthly Disabled Benefit (Allocation de l'adulte Handicapé AAH),1,0,0,0,0,0,0
income,bed,BENEFIT/PENSION : Education,education-related allowances,1,0,0,0,0,0,0
income,bfa,BENEFIT/PENSION : Family,family/children related allowances,1,0,0,0,0,0,0
income,bhl,BENEFIT/PENSION : Health,sickness benefits,1,0,0,0,0,0,0
income,bho,BENEFIT/PENSION : Housing,housing allowances,1,0,0,0,0,0,0
income,bhoot,BENEFIT/PENSION : Housing,dissaggregation of bho,1,0,0,0,0,0,0
income,bhotn,BENEFIT/PENSION : Housing,dissaggregation of bho,1,0,0,0,0,0,0
income,bma,benefit/pension : maternity,,1,0,0,0,0,0,0
income,bsa,BENEFIT/PENSION : Social Assistance,social exclusion/assistance benefits,1,0,0,0,0,0,0
income,bsa00,BENEFIT/PENSION : Social Assistance : Main/Basic,monthly mean-tested minimum income (Revenu minimum d'insertion RMI),1,0,0,0,0,0,0
income,bsaoa,BENEFIT/PENSION : Social Assistance : Old-Age,monthly amount from means-tested old-age benefit (Allocation de solidarité aux personnes agées ASPA),1,0,0,0,0,0,0
income,bsaot,MEAN-TESTED MINIMUM INCOME (RSA): store remaining exclusion benefits,RSA store remaining exclusion benefits,1,0,0,0,0,0,0
income,bsuwd,BENEFIT/PENSION : Survivors : Widow,monthly Survivor minimum pensions (allocation veuvage),1,0,0,0,0,0,0
income,bun,BENEFIT/PENSION : Unemployment,unemployment benefits,1,58,3240785.017578125,1,0,1,1
income,bunct,BENEFIT/PENSION : Unemployment : Contributory,monthly amount from contributory unemployment benefit (Allocation de retour à l’emploi ARE),1,58,3240785.017578125,1,0,1,1
income,bunmt,BENEFIT/PENSION : Unemployment : Means-Tested,monthly amount from means-tested unemployment benefit (Allocation de solidarité spécifique ASS),1,0,0,0,0,0,0
income,bunmy,BENEFIT/PENSION : Unemployment : Months per year,number of months while receiving unemployment benefits,0,58,3240785.017578125,12,0,12,12
income,kfb,IN KIND : Fringe benefit,non-cash employee income,1,0,0,0,0,0,0
income,kfbcc,IN KIND : Fringe benefit: company car,company car,1,0,0,0,0,0,0
income,kivho,IN KIND : Imputed value: Housing,imputed housing rent,1,0,0,0,0,0,0
income,pdi,BENEFIT/PENSION : Disability,disability benefits,1,0,0,0,0,0,0
income,pdi00,BENEFIT/PENSION : Disability : Main/Basic,monthly amount from invalidity pension,1,0,0,0,0,0,0
income,poa,BENEFIT/PENSION : Old Age,old-age benefits,1,1680,15709112.982788086,1693.2602125515696,917.3315949416358,152.68890380859375,3817.222900390625
income,poamy,BENEFIT/PENSION : Old Age : Months per year,number of months while receiving old-age benefits,0,1680,15709112.982788086,12,0,12,12
income,psu,BENEFIT/PENSION : Survivors,survivor benefits,1,0,0,0,0,0,0
income,tad,TAX : Repayments/Receipts,repayments/receipts for tax adjustment,1,0,0,0,0,0,0
income,tpr,TAX : Property tax,regular taxes on wealth,1,0,0,0,0,0,0
income,twl,tax : wealth,,1,0,0,0,0,0,0
income,yem,INCOME : Employment,gross employee cash or near cash income,1,2744,22290681.628570557,2253.9689045072387,1332.4195681461588,152.68890380859375,6107.55615234375
income,yem00,INCOME : Employment: Main,gross employee cash or near cash income,1,2744,22290681.628570557,2253.9689045072387,1332.4195681461588,152.68890380859375,6107.55615234375
income,yem01,income : employment : 01,,1,0,0,0,0,0,0
income,yemmy,INCOME : Employment : Months per Year,number of months while receiving gross employee cash or near cash income,0,2744,22290681.628570557,12,0,12,12
income,yempv,INCOME : Employment previous year,imputed by inverting the unemployment benefit function,1,58,3240785.017578125,2443.02197265625,0,2443.02197265625,2443.02197265625
income,yemxp,INCOME : Employment: Extra pay,wages received for overtime pay',1,0,0,0,0,0,0
income,yivwg,INCOME : Imputed value : Wage/Salary,Hourly predicted wage (all individuals aged 18-65; not in education; not self-employed; not pensioners),1,2744,22290681.628570557,13.635626064269337,8.06061423562575,0.9237077832221985,36.94831085205078
income,yiy,INCOME : Investment,"income from interest, dividends, and profit from capital investments in unincorporated business",1,0,0,0,0,0,0
income,yot,INCOME : Other,income received by people aged under 16,1,0,0,0,0,0,0
income,ypp,INCOME : Private Pension,income received from pensions from individual private plans,1,0,0,0,0,0,0
income,ypr,INCOME : Property,income from rent,1,0,0,0,0,0,0
income,yprrt,income : property : rent,,1,0,0,0,0,0,0
income,ypt,INCOME : Private Transfers,regular inter-household cash transfers received,1,0,0,0,0,0,0
income,yse,INCOME : Self Employment,self-employment income,1,664,2927924.4951324463,2126.865892605503,1503.457175695018,152.68890380859375,4427.97802734375
income,ysemy,INCOME : Self Employment : Months per Year,number of months while receiving self-employment income,0,664,2927924.4951324463,12,0,12,12
labour,lcs,LABOUR MARKET : Civil Servant 1 yes 0 no,civil servant,0,0,0,0,0,0,0
labour,les,LABOUR MARKET : Economic Status 0 Pre-school 1 Farmer 2 Employer or self-employed 3 Employee 4 Pensioner 5 Unemployed 6 Student 7 Inactive 8 Sick or Disabled 9 Other,"basic labour information on the self-declared current activity status and current main job, including information on last main job for unemployed",0,6843,59567916.753707886,4.156824597177811,1.3871456535527313,2,7
labour,lfs,LABOUR MARKET : Firm size,number of persons working at the local unit,0,7482,63155144.39457703,15,0,15,15
labour,lhw,LABOUR MARKET : Hours worked per week,"number of hours usually worked per week in main job and in second, third... Jobs",0,3408,25218606.123703003,38,0,38,38
labour,lindi,"LABOUR MARKET : Industry (NACE) 1 Agriculture 2 Industry 3 Services 0 Not appl : Detailed Industry 1: Agriculture and Fishing 2: Mining, Manifact. and Utilities 3: Construction 4: Wholesale and retail 5: Hotels and restaurants 6: Transport and communication 7: Financial intermediation 8: Real estate and business 9: Public administ. and defence 10: Education 11: Health and social work 12: Other",economic activity of the main job for respondents who are currently at work,0,7482,63155144.39457703,4,0,4,4
labour,liwmy,LABOUR MARKET : In work : Months per year,number of months spent in full-time work and/or in part-time work,0,3408,25218606.123703003,12,0,12,12
labour,liwwh,LABOUR MARKET : In work : Work history (length of time in months),number of months spent in paid work,0,5436,47617139.01567078,258.5599300831504,197.47485214383914,120,540
labour,liwwh28_h,labour market : in work : work history (length of time in months) : 28 : HHoT extensions,,0,7482,63155144.39457703,4,0,4,4
labour,lnu,labour market : new unemployed,,0,0,0,0,0,0,0
labour,loc,LABOUR MARKET : Occupation (ISCO 1-Digit) 0 Armed forces 1 Senior officials and managers 2 Professionals 3 Technicians and associate professionals 4 Clerks 5 Service and sales workers 6 Skilled agricultural 7 Craft and trades workers 8 Plant and machine operators 9 Elementary occupations -1 Not Applicable,occupation,0,7482,63155144.39457703,5,0,5,5
labour,lunmy,LABOUR MARKET : Unemployed : Months per year,number of months spent in unemployment,0,58,3240785.017578125,12,0,12,12
personal,dag,DEMOGRAPHIC : Age,dag = age,0,7482,63155144.39457703,40.23085404403121,21.070576484913055,0,70
personal,ddi,DEMOGRAPHIC : Disability 0: Not disabled 1: Disabled -1: not applicable (individual younger than 16),ddi = 1 if pl031 == 8 ddi = 0 if pl031 != 8 & pl031 != . ddi = -1 if pl031 == . & pb030 == . replace ddi=1 if ddi==. & (ph020==1 | ph030==1) *Imputation : if missing ==> not disable (not other information) replace ddi=0 if ddi==.,0,7482,63155144.39457703,0,0,0,0
personal,dec,DEMOGRAPHIC : Education - Current Status 0: Not in Education 1: Pre-primary 2: Primary 3: Lower Secondary 4: Upper Secondary 5: Post Secondary 6: Tertiary,"gen temp_pe020 = pe020 recode temp_pe020 (10 = 1) (20 = 2) (30/39 = 3) (40/49 = 4) (50/80 = 5) gen dec = temp_pe020 recode dec (0=1) (1=2) (2=3) (3=4) (4=5) (5=6) replace dec = 0 if pe010 == 2 * Current education of individuals younger than 16 must be imputed according to the country system // [TO DO]! replace * the years with the proper ones in your country and uncomment the following lines replace dec = 1 if rx010 < 6 & dec == . replace dec = 2 if rx010 >= 6 & rx010 <= 10 & dec == . replace dec = 3 if rx010 > 10 & rx010 <= 14 & dec == . replace dec = 4 if rx010 > 14 & rx010 <= 16 & dec == . replace dec=3 if dec==. & pe010==1 & pe020==2 replace dec=5 if dec==. & pe010==1 & pe020==3 replace dec=6 if dec==. & pe010==1 & pe020==5 * replace remaining missing values with ""0: not in education"" replace dec=0 if dec==. & pe010==1 replace dec=0 if dec==.",0,2046,15538005.37890625,2.9674346789718773,1.4865810783627218,1,6
personal,deh,DEMOGRAPHIC : Education - Highest Status 0: Not completed Primary 1: Primary 2: Lower Secondary 3: Upper Secondary 4: Post Secondary 5: Tertiary,gen temp_pe040 = pe040 recode temp_pe040 (100 = 1) (200 = 2) (300/399 = 3) (400/499 = 4) (500/800 = 5) gen deh = temp_pe040 replace deh = 0 if (dec == 1 | dec == 2) & deh == . * Highest education achieved by children must be imputed according to the country system // replace deh = 0 if rx010 <= 10 & deh == . replace deh = 1 if rx010 > 10 & rx010 <= 14 & deh == . replace deh = 2 if rx010 > 14 & pb030 == . & deh == . * and/or according to the current education status replace deh = 0 if deh == . & dec <= 2 replace deh = dec - 2 if deh == . & dec > 2,0,6843,59567916.753707886,2.6733825896431376,0.7392941884938916,1,3
personal,dgn,DEMOGRAPHIC : Gender 0: Female 1: Male,dgn = rb090 recode dgn (2=0),0,7482,63155144.39457703,0.48477791785368585,0.4997682384565547,0,1
personal,dms,DEMOGRAPHIC : Marital Status 1: Single 2: Married 3: Separated 4: Divorced 5: Widowed,"dms = pb190 recode dms (5=4) (4=5) individuals with missing marital status and without a partner are considered as single replace dms = 1 if dms == . & idpartner == 0 * individuals with missing marital status and with a partner are assigned their partner's marital status (if non-missing) tempfile temp_save sort idhh idperson save `temp_save' keep idhh idpartner dms keep if idpartner != 0 rename idpartner idperson rename dms partner_dms sort idhh idperson merge idhh idperson using `temp_save' qui count if _merge == 1 if (r(N)>0) di in y ""Warning _merge should only be 2 (those without a partner or partner not matched) or 3 (those with a partner matched). No. of problematic observations:"" r(N) drop if _merge == 1 replace dms = partner_dms if dms == . & idpartner > 0 & partner_dms != . * if partner's marital status also missing then assume that the couple is cohabiting but not married (i.e. single) replace dms = 1 if dms == . & idpartner > 0 & partner_dms == .",0,7482,63155144.39457703,1.539329557071773,0.49845078982237717,1,2
personal,drg01,"""zone"" for APL",gen drg01 = . replace drg01 = 2 if db100==1 | db100==2 | drgn2==22 // Zone II (Corsica & cities over 100.000) replace drg01 = 1 if drgn2==1 // Zone I (Ile de France) replace drg01 = 3 if drg01 ==.,0,7482,63155144.39457703,1,0,1,1
personal,drgmd,DEMOGRAPHIC : Region : Middle density 0: No middle density region 1: Middle region,drgmd = 1 if db100 == 2 drgmd = 0 if db100 != 2 & db100 !=. & db100 !=-1,0,0,0,0,0,0,0
personal,drgru,DEMOGRAPHIC : Region : Rural 0: No rural region 1: Rural region,drgru = 1 if db100 == 3 drgru = 0 if db100 != 3 & db100 !=. & db100 !=-1,0,0,0,0,0,0,0
personal,drgur,DEMOGRAPHIC : Region : Urban 0: No urban region 1: Urban region,drgur = 1 if db100 == 1 drgur = 0 if db100 != 1 & db100 !=. & db100 !=-1,0,7482,63155144.39457703,1,0,1,1
personal,dwt,DEMOGRAPHIC : Weight,dwt = db090,0,7482,63155144.39457703,83867.11168217269,153611.80530517624,221.0850067138672,712423
personal,idfather,IDENTIFIER : father,idfather = rb220,0,2644,17991245.7131958,167458.62986204243,53051.69644149263,53302,231003
personal,idhh,IDENTIFIER : hh,idhh = db030,0,7482,63155144.39457703,1058.2815471304007,795.4054432148038,1,2397
personal,idmother,IDENTIFIER : mother,idmother = rb230,0,2730,17739176.440246582,166561.07186946934,48073.5762047536,63101,239701
personal,idpartner,IDENTIFIER : partner,idpartner = rb240,0,4318,34061436.0531311,99763.58964246108,74623.16662900664,6301,231003
personal,idperson,IDENTIFIER : person,idperson = rb030,0,7482,63155144.39457703,105830.04940386223,79541.10808758394,101,239704
