stacked_hh_uid,draw,idperson,dgn,lhw,stored_ils_dispy,reprice_ils_dispy,absdiff_ils_dispy,absdiff_ils_origy,absdiff_ils_ben,absdiff_ils_tax,absdiff_ils_sicdy,stored_ils_ben,FAIL
200001495800,0,149580001.0,0.0,35.0,2052.949406689303,2052.949406689303,0.0,0.0,0.0,0.0,0.0,736.2984349383285,False
200001495800,0,149580002.0,1.0,0.0,2.75,2.75,0.0,0.0,0.0,0.0,0.0,2.75,False
200001495800,0,149580003.0,0.0,0.0,0.0,0.0,0.0,0.0,0.0,0.0,0.0,0.0,False
200001495800,1,149580001.0,0.0,29.54697138093991,2307.595384093962,2307.595384093962,0.0,0.0,0.0,0.0,0.0,574.5418777480857,False
200001495800,1,149580002.0,1.0,0.0,2.75,2.75,0.0,0.0,0.0,0.0,0.0,2.75,False
200001495800,1,149580003.0,0.0,0.0,0.0,0.0,0.0,0.0,0.0,0.0,0.0,0.0,False
200001495800,2,149580001.0,0.0,56.349778281308254,1908.4913547911601,1908.4913547911601,0.0,0.0,0.0,0.0,0.0,791.1423075091359,False
200001495800,2,149580002.0,1.0,0.0,2.75,2.75,0.0,0.0,0.0,0.0,0.0,2.75,False
200001495800,2,149580003.0,0.0,0.0,0.0,0.0,0.0,0.0,0.0,0.0,0.0,0.0,False
200001495800,3,149580001.0,0.0,24.62188856833008,2392.9789714826265,2392.9789714826265,0.0,0.0,0.0,0.0,0.0,523.5184407296676,False
200001495800,3,149580002.0,1.0,0.0,2.75,2.75,0.0,0.0,0.0,0.0,0.0,2.75,False
200001495800,3,149580003.0,0.0,0.0,0.0,0.0,0.0,0.0,0.0,0.0,0.0,0.0,False
200001495800,4,149580001.0,0.0,37.84812074194283,2071.128785447795,2071.128785447795,0.0,0.0,0.0,0.0,0.0,715.4538741619908,False
200001495800,4,149580002.0,1.0,0.0,2.75,2.75,0.0,0.0,0.0,0.0,0.0,2.75,False
200001495800,4,149580003.0,0.0,0.0,0.0,0.0,0.0,0.0,0.0,0.0,0.0,0.0,False
200001495800,5,149580001.0,0.0,40.46544732147645,2562.0754170122286,2562.0754170122286,0.0,0.0,0.0,0.0,0.0,457.4975033333333,False
200001495800,5,149580002.0,1.0,0.0,2.75,2.75,0.0,0.0,0.0,0.0,0.0,2.75,False
200001495800,5,149580003.0,0.0,0.0,0.0,0.0,0.0,0.0,0.0,0.0,0.0,0.0,False
200001495800,6,149580001.0,0.0,33.66691276014047,1895.8082985906294,1663.8675259481633,231.94077264246607,0.0,233.10630416328263,1.1655315208164154,0.0,880.4437507814333,True
200001495800,6,149580002.0,1.0,0.0,2.75,2.75,0.0,0.0,0.0,0.0,0.0,2.75,False
200001496401,0,149640101.0,0.0,45.0,2162.6854366865286,2162.6854366865286,0.0,0.0,0.0,0.0,0.0,0.0,False
200001496401,1,149640101.0,0.0,39.566455773197234,1412.4027310975962,1412.4027310975962,0.0,0.0,0.0,0.0,0.0,0.0,False
200001496401,2,149640101.0,0.0,21.208734415836258,1567.4850827276373,1567.4850827276373,0.0,0.0,0.0,0.0,0.0,0.0,False
200001496401,3,149640101.0,0.0,34.19063187141902,1593.4089492429516,1593.4089492429516,0.0,0.0,0.0,0.0,0.0,0.0,False
200001496401,4,149640101.0,0.0,34.450732288043994,3292.8718075191223,3292.8718075191223,0.0,0.0,0.0,0.0,0.0,0.0,False
200001496401,5,149640101.0,0.0,34.89673842285609,1227.0906367152363,1227.0906367152363,0.0,0.0,0.0,0.0,0.0,0.30746883594156227,False
200001496401,6,149640101.0,0.0,0.0,518.8208331066667,96.47083615,422.3499969566667,0.0,422.34999695666664,0.0,0.0,422.34999695666664,True
200001496401,7,149640101.0,0.0,35.22430083103351,2146.7723221285496,2146.7723221285496,0.0,0.0,0.0,0.0,0.0,0.0,False
200001496401,8,149640101.0,0.0,0.0,518.8208331066667,518.8208331066667,0.0,0.0,0.0,0.0,0.0,422.34999695666664,False
200001496401,9,149640101.0,0.0,29.02421671550755,1488.8949283843908,1488.8949283843908,0.0,0.0,0.0,0.0,0.0,0.0,False
200001496401,10,149640101.0,0.0,28.61697865063728,2266.079042080527,2266.079042080527,0.0,0.0,0.0,0.0,0.0,0.0,False
200001496401,11,149640101.0,0.0,29.11605864048974,1196.0266063655972,1196.0266063655972,0.0,0.0,0.0,0.0,0.0,10.554192229344926,False
200001496401,12,149640101.0,0.0,6.968868210684942,594.6227622734448,594.6227622734448,0.0,0.0,0.0,0.0,0.0,44.85755854462081,False
200001496401,13,149640101.0,0.0,30.47800926663465,1352.136982065512,1352.136982065512,0.0,0.0,0.0,0.0,0.0,0.0,False
200001496401,14,149640101.0,0.0,19.24308584576062,1810.2350537350608,1810.2350537350608,0.0,0.0,0.0,0.0,0.0,0.0,False
200001496401,15,149640101.0,0.0,20.730865418738162,740.5645193972402,489.51473992526206,251.04977947197818,0.0,251.0497794719781,0.0,0.0,286.4425763269602,True
200001496401,16,149640101.0,0.0,28.73112020653174,1753.6643420528762,1753.6643420528762,0.0,0.0,0.0,0.0,0.0,0.0,False
200001496401,17,149640101.0,0.0,20.1066757993744,1076.4757789434739,1053.4865032518649,22.98927569160901,0.0,22.989275691609024,0.0,0.0,80.56148176636563,True
200001496401,18,149640101.0,0.0,20.239942229591783,1309.2910746111882,1309.2910746111882,0.0,0.0,0.0,0.0,0.0,0.0,False
200001496401,19,149640101.0,0.0,18.8130722096863,986.1478160479612,986.1478160479612,0.0,0.0,0.0,0.0,0.0,79.784420448972,False
200001498400,0,149840001.0,0.0,60.0,3206.1313935069943,3206.1313935069943,0.0,0.0,0.0,0.0,0.0,0.0,False
200001498400,1,149840001.0,0.0,34.336057500722355,2216.5377803114307,2216.5377803114307,0.0,0.0,0.0,0.0,0.0,0.0,False
200001498400,2,149840001.0,0.0,35.90479749063283,1927.0425062373763,1927.0425062373763,0.0,0.0,0.0,0.0,0.0,0.0,False
200001498400,3,149840001.0,0.0,33.55203951640912,2744.454460806819,2744.454460806819,0.0,0.0,0.0,0.0,0.0,0.0,False
200001498400,4,149840001.0,0.0,37.90778330760019,2041.1321254222967,2041.1321254222967,0.0,0.0,0.0,0.0,0.0,0.0,False
200001498400,5,149840001.0,0.0,38.8540901154565,2579.2373835591034,2579.2373835591034,0.0,0.0,0.0,0.0,0.0,0.0,False
200001498400,6,149840001.0,0.0,20.292105702041034,1417.5236446993563,1417.5236446993563,0.0,0.0,0.0,0.0,0.0,62.79555499362519,False
200001498400,7,149840001.0,0.0,29.268007569335676,3504.308224479496,3504.308224479496,0.0,0.0,0.0,0.0,0.0,0.0,False
200001498400,8,149840001.0,0.0,40.36954040655101,2255.487001890101,2255.487001890101,0.0,0.0,0.0,0.0,0.0,0.0,False
200001498400,9,149840001.0,0.0,56.96531354206091,3644.183528808253,3644.183528808253,0.0,0.0,0.0,0.0,0.0,0.0,False
200001498400,10,149840001.0,0.0,29.592607639605127,1091.890557813562,1091.890557813562,0.0,0.0,0.0,0.0,0.0,33.46473159540076,False
200001498400,11,149840001.0,0.0,29.390771682070067,2409.872332313829,2409.872332313829,0.0,0.0,0.0,0.0,0.0,0.0,False
200001498400,12,149840001.0,0.0,9.03622177659581,1184.1168842924233,1184.1168842924233,0.0,0.0,0.0,0.0,0.0,41.771854561585045,False
200001498400,13,149840001.0,0.0,63.517065952540435,3400.659433213552,3400.659433213552,0.0,0.0,0.0,0.0,0.0,0.0,False
200001498400,14,149840001.0,0.0,36.00554580172372,1824.2047356818348,1824.2047356818348,0.0,0.0,0.0,0.0,0.0,0.0,False
200001498400,15,149840001.0,0.0,35.36757407657644,3030.0044573198593,3030.0044573198593,0.0,0.0,0.0,0.0,0.0,0.0,False
200001498400,16,149840001.0,0.0,20.804294926796167,1605.9820456227824,1605.9820456227824,0.0,0.0,0.0,0.0,0.0,79.77061157728077,False
200001498400,17,149840001.0,0.0,40.46849516867177,3069.498242466775,3069.498242466775,0.0,0.0,0.0,0.0,0.0,0.0,False
200001498400,18,149840001.0,0.0,66.16093412817763,2432.313452161097,2432.313452161097,0.0,0.0,0.0,0.0,0.0,0.0,False
200001498400,19,149840001.0,0.0,20.756979267670967,2009.6057575258294,2009.6057575258294,0.0,0.0,0.0,0.0,0.0,0.0,False
200001502500,0,150250001.0,0.0,50.0,1486.48408264671,1486.48408264671,0.0,0.0,0.0,0.0,0.0,1111.6630653836933,False
200001502500,0,150250004.0,1.0,0.0,0.0,0.0,0.0,0.0,0.0,0.0,0.0,0.0,False
200001502500,0,150250005.0,0.0,0.0,0.0,0.0,0.0,0.0,0.0,0.0,0.0,0.0,False
200001502500,1,150250001.0,0.0,39.52666067543937,2758.772721188446,2758.772721188446,0.0,0.0,0.0,0.0,0.0,262.31333333333333,False
200001502500,1,150250004.0,1.0,0.0,0.0,0.0,0.0,0.0,0.0,0.0,0.0,0.0,False
200001502500,1,150250005.0,0.0,0.0,0.0,0.0,0.0,0.0,0.0,0.0,0.0,0.0,False
200001502500,2,150250001.0,0.0,30.006963709847298,1669.3641031962907,1669.3641031962907,0.0,0.0,0.0,0.0,0.0,617.9673720153481,False
200001502500,2,150250004.0,1.0,0.0,0.0,0.0,0.0,0.0,0.0,0.0,0.0,0.0,False
200001502500,2,150250005.0,0.0,0.0,0.0,0.0,0.0,0.0,0.0,0.0,0.0,0.0,False
200001502500,3,150250001.0,0.0,19.88235011929767,1711.1563404322344,1870.5297661417467,159.37342570951228,0.0,159.37342570951216,0.0,0.0,582.1345260722235,True
200001502500,3,150250004.0,1.0,0.0,0.0,0.0,0.0,0.0,0.0,0.0,0.0,0.0,False
200001502500,3,150250005.0,0.0,0.0,0.0,0.0,0.0,0.0,0.0,0.0,0.0,0.0,False
200001502500,4,150250001.0,0.0,17.973014835510504,1522.5501557042373,1522.5501557042373,0.0,0.0,0.0,0.0,0.0,1089.558052864564,False
200001502500,4,150250004.0,1.0,0.0,0.0,0.0,0.0,0.0,0.0,0.0,0.0,0.0,False
200001502500,4,150250005.0,0.0,0.0,0.0,0.0,0.0,0.0,0.0,0.0,0.0,0.0,False
200001502500,5,150250001.0,0.0,18.204783096850257,1791.6867245202152,1606.4751889230001,185.21153559721506,0.0,185.21153559721506,0.0,0.0,857.1001361881665,True
200001502500,5,150250004.0,1.0,0.0,0.0,0.0,0.0,0.0,0.0,0.0,0.0,0.0,False
200001502500,5,150250005.0,0.0,0.0,0.0,0.0,0.0,0.0,0.0,0.0,0.0,0.0,False
200001502500,6,150250001.0,0.0,9.591285009619554,1486.1924404167876,1313.319207083454,172.87323333333347,0.0,174.06914116666678,1.1959078333333366,0.0,1111.8418138471945,True
200001502500,6,150250004.0,1.0,0.0,0.0,0.0,0.0,0.0,0.0,0.0,0.0,0.0,False
200001504300,0,150430001.0,1.0,55.0,4000.6830596259842,4000.6830596259842,0.0,0.0,0.0,0.0,0.0,0.0,False
200001504300,1,150430001.0,1.0,18.090668688243802,952.6462956729456,952.6462956729456,0.0,0.0,0.0,0.0,0.0,282.87544909866546,False
200001504300,2,150430001.0,1.0,36.50989989049834,1987.6811431962094,1987.6811431962094,0.0,0.0,0.0,0.0,0.0,0.0,False
200001504300,3,150430001.0,1.0,36.142162844647714,1961.7447634808468,1961.7447634808468,0.0,0.0,0.0,0.0,0.0,0.0,False
200001504300,4,150430001.0,1.0,18.05818829523079,1610.6662605744991,1610.6662605744991,0.0,0.0,0.0,0.0,0.0,0.0,False
200001504300,5,150430001.0,1.0,29.252190521080966,1173.8626258779104,1173.8626258779104,0.0,0.0,0.0,0.0,0.0,78.09510237381193,False
200001504300,6,150430001.0,1.0,35.730912169688935,2159.7048186455922,2159.7048186455922,0.0,0.0,0.0,0.0,0.0,0.0,False
200001504300,7,150430001.0,1.0,33.81649620984297,1420.0590681275587,1420.0590681275587,0.0,0.0,0.0,0.0,0.0,0.0,False
200001504300,8,150430001.0,1.0,35.87898929007981,2779.107602318116,2779.107602318116,0.0,0.0,0.0,0.0,0.0,0.0,False
200001504300,9,150430001.0,1.0,20.47648304590799,969.3197569951896,969.3197569951896,0.0,0.0,0.0,0.0,0.0,276.1753488051711,False
200001504300,10,150430001.0,1.0,36.06896354790448,2307.9600988102047,2307.9600988102047,0.0,0.0,0.0,0.0,0.0,0.0,False
200001504300,11,150430001.0,1.0,35.74527678165538,1857.3064091507488,1857.3064091507488,0.0,0.0,0.0,0.0,0.0,0.0,False
200001504300,12,150430001.0,1.0,37.979502583707664,3214.037785219163,3214.037785219163,0.0,0.0,0.0,0.0,0.0,0.0,False
200001504300,13,150430001.0,1.0,31.29879722063602,986.0999689642265,1078.61923101094,92.5192620467135,0.0,92.51926204671366,0.0,0.0,269.4323515974675,True
200001504300,14,150430001.0,1.0,20.262381129267638,1271.3500192979604,1271.3500192979604,0.0,0.0,0.0,0.0,0.0,0.0,False
200001504300,15,150430001.0,1.0,40.33311222184218,1837.7030178081754,1837.7030178081754,0.0,0.0,0.0,0.0,0.0,0.0,False
200001504300,16,150430001.0,1.0,38.88121011094181,2748.7969100038704,2748.7969100038704,0.0,0.0,0.0,0.0,0.0,0.0,False
200001504300,17,150430001.0,1.0,21.31363032856872,1131.5040372681572,1131.5040372681572,0.0,0.0,0.0,0.0,0.0,188.20673731775415,False
200001504300,18,150430001.0,1.0,34.16093964444871,2263.9143995006566,2263.9143995006566,0.0,0.0,0.0,0.0,0.0,0.0,False
200001504300,19,150430001.0,1.0,58.30062174000478,2827.9696351142447,2827.9696351142447,0.0,0.0,0.0,0.0,0.0,0.0,False
