"Root","Type","Name","FullName","LastWriteTime","FileCount","SizeBytes","Size"
"U:\EUROMOD-STORAGE","DIR","boxcox_local","U:\EUROMOD-STORAGE\boxcox_local","14-12-25 13:30:55","0","0","0 B"
"U:\EUROMOD-STORAGE","DIR","Data","U:\EUROMOD-STORAGE\Data","04-12-25 09:32:05","146","2640450799","2,46 GB"
"U:\EUROMOD-STORAGE","DIR","EUROMOD_RELEASES_I6","U:\EUROMOD-STORAGE\EUROMOD_RELEASES_I6","06-12-25 19:05:40","3","142","142 B"
"U:\EUROMOD-STORAGE","DIR","EUROMOD_RELEASES_J1.0+","U:\EUROMOD-STORAGE\EUROMOD_RELEASES_J1.0+","15-12-25 13:42:34","213","2028390641","1,89 GB"
"U:\EUROMOD-STORAGE","DIR","gamspy","U:\EUROMOD-STORAGE\gamspy","26-11-25 15:18:08","70","1521776","1,45 MB"
"U:\EUROMOD-STORAGE","DIR","interim","U:\EUROMOD-STORAGE\interim","01-12-25 23:51:20","5","760847544","725,60 MB"
"U:\EUROMOD-STORAGE","DIR","male_ascsON_q99","U:\EUROMOD-STORAGE\male_ascsON_q99","26-11-25 12:03:56","1","11264","11,00 KB"
"U:\EUROMOD-STORAGE","DIR","old rep","U:\EUROMOD-STORAGE\old rep","07-11-25 12:54:20","185","2803616","2,67 MB"
"U:\EUROMOD-STORAGE","DIR","old_Data_results","U:\EUROMOD-STORAGE\old_Data_results","14-12-25 13:39:35","914","421333720","401,82 MB"
"U:\EUROMOD-STORAGE","DIR","outputs","U:\EUROMOD-STORAGE\outputs","29-11-25 17:59:28","68","3660549","3,49 MB"
"U:\EUROMOD-STORAGE","DIR","reports","U:\EUROMOD-STORAGE\reports","07-12-25 01:19:59","317","7840947","7,48 MB"
"U:\EUROMOD-STORAGE","DIR","RURO1","U:\EUROMOD-STORAGE\RURO1","08-12-25 01:23:00","750","6683547024","6,22 GB"
"Z:\Hisham\EUROMOD-STORAGE","DIR","boxcox_local","Z:\Hisham\EUROMOD-STORAGE\boxcox_local","14-12-25 13:30:55","0","0","0 B"
"Z:\Hisham\EUROMOD-STORAGE","DIR","Data","Z:\Hisham\EUROMOD-STORAGE\Data","04-02-26 16:01:23","149","2972496454","2,77 GB"
"Z:\Hisham\EUROMOD-STORAGE","DIR","EUROMOD_RELEASES_I6","Z:\Hisham\EUROMOD-STORAGE\EUROMOD_RELEASES_I6","04-02-26 16:01:25","3","142","142 B"
"Z:\Hisham\EUROMOD-STORAGE","DIR","EUROMOD_RELEASES_J1.0+","Z:\Hisham\EUROMOD-STORAGE\EUROMOD_RELEASES_J1.0+","04-02-26 16:01:27","213","2028390641","1,89 GB"
"Z:\Hisham\EUROMOD-STORAGE","DIR","gamspy","Z:\Hisham\EUROMOD-STORAGE\gamspy","04-02-26 16:01:51","70","1521776","1,45 MB"
"Z:\Hisham\EUROMOD-STORAGE","DIR","interim","Z:\Hisham\EUROMOD-STORAGE\interim","04-02-26 16:01:51","7","1218654893","1,13 GB"
"Z:\Hisham\EUROMOD-STORAGE","DIR","male_ascsON_q99","Z:\Hisham\EUROMOD-STORAGE\male_ascsON_q99","04-02-26 16:01:54","1","11264","11,00 KB"
"Z:\Hisham\EUROMOD-STORAGE","DIR","old rep","Z:\Hisham\EUROMOD-STORAGE\old rep","04-02-26 16:01:58","185","2803616","2,67 MB"
"Z:\Hisham\EUROMOD-STORAGE","DIR","old_Data_results","Z:\Hisham\EUROMOD-STORAGE\old_Data_results","04-02-26 16:02:17","914","421333720","401,82 MB"
"Z:\Hisham\EUROMOD-STORAGE","DIR","outputs","Z:\Hisham\EUROMOD-STORAGE\outputs","04-02-26 16:02:20","68","3660549","3,49 MB"
"Z:\Hisham\EUROMOD-STORAGE","DIR","reports","Z:\Hisham\EUROMOD-STORAGE\reports","04-02-26 16:02:22","317","7840947","7,48 MB"
"Z:\Hisham\EUROMOD-STORAGE","DIR","RURO1","Z:\Hisham\EUROMOD-STORAGE\RURO1","04-02-26 16:03:10","750","6683547024","6,22 GB"
"Z:\Hisham\EUROMOD-STORAGE_1","DIR","Data","Z:\Hisham\EUROMOD-STORAGE_1\Data","19-01-26 18:20:52","108","2359137446","2,20 GB"
"Z:\Hisham\EUROMOD-STORAGE_1","DIR","EUROMOD_RELEASES_I6","Z:\Hisham\EUROMOD-STORAGE_1\EUROMOD_RELEASES_I6","19-01-26 18:20:56","3","142","142 B"
"Z:\Hisham\EUROMOD-STORAGE_1","DIR","EUROMOD_RELEASES_J1.0+","Z:\Hisham\EUROMOD-STORAGE_1\EUROMOD_RELEASES_J1.0+","19-01-26 18:20:56","213","2028390641","1,89 GB"
"Z:\Hisham\EUROMOD-STORAGE_1","DIR","gamspy","Z:\Hisham\EUROMOD-STORAGE_1\gamspy","19-01-26 18:21:19","70","1521776","1,45 MB"
"Z:\Hisham\EUROMOD-STORAGE_1","DIR","interim","Z:\Hisham\EUROMOD-STORAGE_1\interim","19-01-26 18:21:19","3","554352851","528,67 MB"
"Z:\Hisham\EUROMOD-STORAGE_1","DIR","male_ascsON_q99","Z:\Hisham\EUROMOD-STORAGE_1\male_ascsON_q99","19-01-26 18:21:24","1","11264","11,00 KB"
"Z:\Hisham\EUROMOD-STORAGE_1","DIR","old rep","Z:\Hisham\EUROMOD-STORAGE_1\old rep","19-01-26 18:21:26","185","2803616","2,67 MB"
"Z:\Hisham\EUROMOD-STORAGE_1","DIR","old_Data_results","Z:\Hisham\EUROMOD-STORAGE_1\old_Data_results","19-01-26 18:21:39","914","421333720","401,82 MB"
"Z:\Hisham\EUROMOD-STORAGE_1","DIR","outputs","Z:\Hisham\EUROMOD-STORAGE_1\outputs","19-01-26 18:21:42","68","3660549","3,49 MB"
"Z:\Hisham\EUROMOD-STORAGE_1","DIR","reports","Z:\Hisham\EUROMOD-STORAGE_1\reports","19-01-26 18:21:44","317","7840947","7,48 MB"
"Z:\Hisham\EUROMOD-STORAGE_1","DIR","RURO1","Z:\Hisham\EUROMOD-STORAGE_1\RURO1","19-01-26 18:23:02","750","6683547024","6,22 GB"
