run_path,timestamp,specification,spec_config,mnl_base,group,opt_method,analytical_gradient,success_all_groups,joint_ll,n_obs_total,n_groups_total,walltime_seconds,prior_correction,market_centering,hessian_condition,negative_eigs,command_line
outputs\estimates\fr\2016,2026-01-09T05:50:13.704153,base_vw,scripts\enhanced\estimation_spec.yaml,U:/EUROMOD-STORAGE/Data/processed/fr/2016/fr_2016_RURO_mnl,joint,L-BFGS-B,True,False,-5148.163890557068,425300,4253,1192.8533561229706,,,,,scripts\enhanced\enh_RURO_estimate_FR.py --mnl-base U:/EUROMOD-STORAGE/Data/processed/fr/2016/fr_2016_RURO_mnl --output-dir outputs\estimates\fr\2016 --group joint --method L-BFGS-B --maxiter 1000 --n-jobs 32 --spec-config scripts\enhanced\estimation_spec.yaml
outputs\estimates\fr\2016\test_run,2026-01-09T05:08:59.222387,base_vw,estimation_spec.yaml,U:/EUROMOD-STORAGE/Data/processed/fr/2016/fr_2016_RURO_mnl,joint,L-BFGS-B,True,False,-13039.01367966284,425300,4253,24.808894634246826,,,,,scripts\enhanced\enh_RURO_estimate_FR.py --mnl-base U:/EUROMOD-STORAGE/Data/processed/fr/2016/fr_2016_RURO_mnl --output-dir outputs/estimates/fr/2016/test_run --group joint --maxiter 10 --skip-se --n-jobs 1
outputs\estimates\fr\2016\test_run2,2026-01-09T05:19:32.856240,base_vw,estimation_spec.yaml,U:/EUROMOD-STORAGE/Data/processed/fr/2016/fr_2016_RURO_mnl,joint,L-BFGS-B,True,False,-13039.01367966284,425300,4253,25.013530254364014,,,,,scripts\enhanced\enh_RURO_estimate_FR.py --mnl-base U:/EUROMOD-STORAGE/Data/processed/fr/2016/fr_2016_RURO_mnl --output-dir outputs/estimates/fr/2016/test_run2 --group joint --maxiter 10 --skip-se
outputs\estimates\fr\2016_gamspy\run_2026-01-16_20-10-05,2026-01-16T20:12:46.083254,base_vw,scripts\enhanced\estimation_spec.yaml,U:/EUROMOD-STORAGE/Data/processed/fr/2016/fr_2016_RURO_mnl,joint,L-BFGS-B,True,False,-15053.627048719412,425300,4253,90.59832668304443,,,,,scripts\enhanced\enh_RURO_estimate_FR.py --mnl-base U:/EUROMOD-STORAGE/Data/processed/fr/2016/fr_2016_RURO_mnl --output-dir outputs\estimates\fr\2016_gamspy --group joint --solver gamspy-conopt --spec-config scripts\enhanced\estimation_spec.yaml --auto-timestamp
outputs\estimates\fr\2016_gamspy\run_2026-01-16_20-22-31,2026-01-16T20:25:08.150688,base_vw,scripts\enhanced\estimation_spec.yaml,U:/EUROMOD-STORAGE/Data/processed/fr/2016/fr_2016_RURO_mnl,joint,L-BFGS-B,True,False,-15053.627048719412,425300,4253,90.86600542068481,,,,,scripts\enhanced\enh_RURO_estimate_FR.py --mnl-base U:/EUROMOD-STORAGE/Data/processed/fr/2016/fr_2016_RURO_mnl --output-dir outputs\estimates\fr\2016_gamspy --group joint --solver gamspy-conopt --spec-config scripts\enhanced\estimation_spec.yaml --auto-timestamp
outputs\estimates\fr\2016_gamspy\run_2026-01-17_10-09-26,2026-01-17T10:16:57.597478,base_vw,scripts\enhanced\estimation_spec.yaml,U:/EUROMOD-STORAGE/Data/processed/fr/2016/fr_2016_RURO_mnl,joint,L-BFGS-B,True,True,-10408.923222855603,425300,4253,364.7906086444855,,,,,scripts\enhanced\enh_RURO_estimate_FR.py --mnl-base U:/EUROMOD-STORAGE/Data/processed/fr/2016/fr_2016_RURO_mnl --output-dir outputs\estimates\fr\2016_gamspy --group joint --solver gamspy-conopt --spec-config scripts\enhanced\estimation_spec.yaml --auto-timestamp --verbose
outputs\estimates\fr\2016_gamspy\run_2026-01-17_14-53-16,2026-01-17T14:59:25.310235,base_vw,scripts\enhanced\estimation_spec.yaml,U:/EUROMOD-STORAGE/Data/processed/fr/2016/fr_2016_RURO_mnl,joint,L-BFGS-B,True,True,-10408.923222855603,425300,4253,270.4751486778259,,,,,scripts\enhanced\enh_RURO_estimate_FR.py --mnl-base U:/EUROMOD-STORAGE/Data/processed/fr/2016/fr_2016_RURO_mnl --output-dir outputs\estimates\fr\2016_gamspy --group joint --solver gamspy-conopt --spec-config scripts\enhanced\estimation_spec.yaml --auto-timestamp --verbose
outputs\estimates\fr\2016_gamspy\run_2026-01-17_15-10-15,2026-01-17T15:15:50.195302,base_vw,scripts/enhanced/estimation_spec.yaml,U:/EUROMOD-STORAGE/Data/processed/fr/2016/fr_2016_RURO_mnl,joint,L-BFGS-B,True,True,-10408.923222855603,425300,4253,272.1134819984436,,,,,scripts/enhanced/enh_RURO_estimate_FR.py --mnl-base U:/EUROMOD-STORAGE/Data/processed/fr/2016/fr_2016_RURO_mnl --output-dir outputs/estimates/fr/2016_gamspy --group joint --solver gamspy-conopt --spec-config scripts/enhanced/estimation_spec.yaml --auto-timestamp --verbose
outputs\estimates\fr\2016_gamspy\run_2026-01-17_19-42-09,2026-01-17T19:57:12.901296,base_vw,scripts\enhanced\estimation_spec.yaml,U:/EUROMOD-STORAGE/Data/processed/fr/2016/fr_2016_RURO_mnl,joint,L-BFGS-B,True,True,-4878.61883364321,425300,4253,815.8715279102325,,,,,scripts\enhanced\enh_RURO_estimate_FR.py --mnl-base U:/EUROMOD-STORAGE/Data/processed/fr/2016/fr_2016_RURO_mnl --output-dir outputs\estimates\fr\2016_gamspy --group joint --solver gamspy-conopt --spec-config scripts\enhanced\estimation_spec.yaml --auto-timestamp --verbose
outputs\estimates\fr\2016_gamspy\run_2026-01-20_14-05-59,2026-01-20T14:21:19.734231,base_vw,U:/Desktop/Nizam_Hisham/MNL/scripts/enhanced/estimation_spec.yaml,Z:/hisham/EUROMOD-STORAGE/Data/processed/fr/2016/fr_2016_RURO_mnl,joint,L-BFGS-B,True,True,-6998.54947633401,425300,4253,853.8308475017548,,,,,scripts/enhanced/enh_RURO_estimate_FR.py --mnl-base Z:/hisham/EUROMOD-STORAGE/Data/processed/fr/2016/fr_2016_RURO_mnl --output-dir U:/Desktop/Nizam_Hisham/MNL/outputs/estimates/fr/2016_gamspy --group joint --solver gamspy-conopt --spec-config U:/Desktop/Nizam_Hisham/MNL/scripts/enhanced/estimation_spec.yaml --warm-start U:/Desktop/Nizam_Hisham/MNL/outputs/estimates/fr/2016_legacy/estimation_results.json --auto-timestamp --verbose
outputs\estimates\fr\2016_gamspy\run_2026-01-20_15-30-09,2026-01-20T15:49:25.839617,base_vw,U:/Desktop/Nizam_Hisham/MNL/scripts/enhanced/estimation_spec.yaml,Z:/hisham/EUROMOD-STORAGE/Data/processed/fr/2016/fr_2016_RURO_mnl,joint,L-BFGS-B,True,True,-6954.241572931234,425300,4253,1095.8371796607971,,,,,scripts/enhanced/enh_RURO_estimate_FR.py --mnl-base Z:/hisham/EUROMOD-STORAGE/Data/processed/fr/2016/fr_2016_RURO_mnl --output-dir U:/Desktop/Nizam_Hisham/MNL/outputs/estimates/fr/2016_gamspy --group joint --solver gamspy-conopt --spec-config U:/Desktop/Nizam_Hisham/MNL/scripts/enhanced/estimation_spec.yaml --warm-start U:/Desktop/Nizam_Hisham/MNL/outputs/estimates/fr/2016_gamspy/run_2026-01-20_14-05-59/estimation_results.json --auto-timestamp --verbose
outputs\estimates\fr\2016_gamspy\run_2026-01-20_15-57-10,2026-01-20T16:15:53.553797,base_vw,U:/Desktop/Nizam_Hisham/MNL/scripts/enhanced/estimation_spec.yaml,Z:/hisham/EUROMOD-STORAGE/Data/processed/fr/2016/fr_2016_RURO_mnl,joint,L-BFGS-B,True,True,-6954.241572931234,425300,4253,1062.921285867691,,,,,scripts/enhanced/enh_RURO_estimate_FR.py --mnl-base Z:/hisham/EUROMOD-STORAGE/Data/processed/fr/2016/fr_2016_RURO_mnl --output-dir U:/Desktop/Nizam_Hisham/MNL/outputs/estimates/fr/2016_gamspy --group joint --solver gamspy-conopt --spec-config U:/Desktop/Nizam_Hisham/MNL/scripts/enhanced/estimation_spec.yaml --warm-start U:/Desktop/Nizam_Hisham/MNL/outputs/estimates/fr/2016_gamspy/run_2026-01-20_15-30-09/estimation_results.json --auto-timestamp --verbose
outputs\estimates\fr\2016_gamspy\run_2026-01-22_00-51-46,2026-01-22T01:09:36.790410,base_vw,U:/Desktop/Nizam_Hisham/MNL/scripts/enhanced/estimation_spec.yaml,Z:/hisham/EUROMOD-STORAGE/Data/processed/fr/2016/fr_2016_RURO_mnl,joint,L-BFGS-B,True,True,-6954.241572931234,425300,4253,1020.0681962966919,,,,0,scripts/enhanced/enh_RURO_estimate_FR.py --mnl-base Z:/hisham/EUROMOD-STORAGE/Data/processed/fr/2016/fr_2016_RURO_mnl --output-dir U:/Desktop/Nizam_Hisham/MNL/outputs/estimates/fr/2016_gamspy --group joint --solver gamspy-conopt --spec-config U:/Desktop/Nizam_Hisham/MNL/scripts/enhanced/estimation_spec.yaml --warm-start U:/Desktop/Nizam_Hisham/MNL/outputs/estimates/fr/2016_gamspy/run_2026-01-20_15-57-10/estimation_results.json --auto-timestamp --verbose
outputs\estimates\fr\2016_gamspy\run_2026-01-22_13-38-57,2026-01-22T13:56:47.768311,base_vw,U:/Desktop/Nizam_Hisham/MNL/scripts/enhanced/estimation_spec.yaml,Z:/hisham/EUROMOD-STORAGE/Data/processed/fr/2016/fr_2016_RURO_mnl,joint,L-BFGS-B,True,True,-6954.241572931234,425300,4253,1020.4681334495544,,,1.1784512618552699e+25,0,scripts/enhanced/enh_RURO_estimate_FR.py --mnl-base Z:/hisham/EUROMOD-STORAGE/Data/processed/fr/2016/fr_2016_RURO_mnl --output-dir U:/Desktop/Nizam_Hisham/MNL/outputs/estimates/fr/2016_gamspy --group joint --solver gamspy-conopt --spec-config U:/Desktop/Nizam_Hisham/MNL/scripts/enhanced/estimation_spec.yaml --warm-start U:/Desktop/Nizam_Hisham/MNL/outputs/estimates/fr/2016_gamspy/run_2026-01-20_15-57-10/estimation_results.json --auto-timestamp --verbose
outputs\estimates\fr\2016_gamspy\run_2026-01-22_15-32-40,2026-01-22T15:47:29.476759,simple_vw,U:/Desktop/Nizam_Hisham/MNL/scripts/enhanced/estimation_spec_simple.yaml,Z:/hisham/EUROMOD-STORAGE/Data/processed/fr/2016/fr_2016_RURO_mnl,joint,L-BFGS-B,True,True,-7009.05969001475,425300,4253,860.371630191803,,,4.016812443737215e+22,0,.\scripts\enhanced\enh_RURO_estimate_FR.py --mnl-base Z:/hisham/EUROMOD-STORAGE/Data/processed/fr/2016/fr_2016_RURO_mnl --output-dir U:/Desktop/Nizam_Hisham/MNL/outputs/estimates/fr/2016_gamspy --group joint --solver gamspy-conopt --spec-config U:/Desktop/Nizam_Hisham/MNL/scripts/enhanced/estimation_spec_simple.yaml --auto-timestamp --warm-start U:/Desktop/Nizam_Hisham/MNL/outputs/estimates/fr/2016_gamspy/run_2026-01-22_13-38-57/estimation_results.json --verbose
outputs\estimates\fr\2016_gamspy_fixed\run_2026-01-18_10-55-25,2026-01-18T11:13:49.473552,base_vw,scripts/enhanced/estimation_spec.yaml,U:/EUROMOD-STORAGE/Data/processed/fr/2016/fr_2016_RURO_mnl_,joint,L-BFGS-B,True,True,-4863.608194728527,425300,4253,1006.3768723011017,,,,,U:\Desktop\Nizam_Hisham\MNL\scripts\enhanced\enh_RURO_estimate_FR.py --group joint --solver gamspy-conopt --spec-config scripts/enhanced/estimation_spec.yaml --mnl-base U:/EUROMOD-STORAGE/Data/processed/fr/2016/fr_2016_RURO_mnl_ --output-dir outputs/estimates/fr/2016_gamspy_fixed --auto-timestamp --verbose
outputs\estimates\fr\2016_gamspy_tight\run_2026-01-18_16-55-57,2026-01-18T17:13:32.303124,base_vw,scripts/enhanced/estimation_spec.yaml,U:/EUROMOD-STORAGE/Data/processed/fr/2016/fr_2016_RURO_mnl_,joint,L-BFGS-B,True,True,-4863.608194728527,425300,4253,992.1823427677155,,,,,"scripts/enhanced/enh_RURO_estimate_FR.py --group joint --solver gamspy-conopt --spec-config scripts/enhanced/estimation_spec.yaml --mnl-base U:/EUROMOD-STORAGE/Data/processed/fr/2016/fr_2016_RURO_mnl_ --output-dir outputs/estimates/fr/2016_gamspy_tight --auto-timestamp --verbose --solver-options Tol_Optimality=1e-9,Lim_Iteration=20000,Lim_StallIter=200"
outputs\estimates\fr\2016_legacy,2026-01-09T10:21:59.960268,base_vw,scripts\enhanced\estimation_spec.yaml,U:/EUROMOD-STORAGE/Data/processed/fr/2016/fr_2016_RURO_mnl,joint,L-BFGS-B,True,False,-5045.611671128795,425300,4253,2037.9824306964874,,,,,scripts\enhanced\enh_RURO_estimate_FR.py --mnl-base U:/EUROMOD-STORAGE/Data/processed/fr/2016/fr_2016_RURO_mnl --output-dir outputs\estimates\fr\2016_legacy --group joint --method L-BFGS-B --maxiter 1000 --n-jobs 32 --spec-config scripts\enhanced\estimation_spec.yaml --warm-start outputs\estimates\fr\2016\estimation_results.json
outputs\estimates\fr\2016_scipy\run_2026-01-20_12-31-49,2026-01-20T12:44:47.676663,base_vw,scripts/enhanced/estimation_spec.yaml,Z:/hisham/EUROMOD-STORAGE/Data/processed/fr/2016/fr_2016_RURO_mnl,joint,L-BFGS-B,True,True,-7103.746870145102,425300,4253,735.1437575817108,,,,,scripts/enhanced/enh_RURO_estimate_FR.py --mnl-base Z:/hisham/EUROMOD-STORAGE/Data/processed/fr/2016/fr_2016_RURO_mnl --output-dir outputs/estimates/fr/2016_scipy --group joint --method L-BFGS-B --solver scipy --maxiter 2000 --spec-config scripts/enhanced/estimation_spec.yaml --warm-start outputs/estimates/fr/2016_legacy/estimation_results.json --auto-timestamp --verbose
outputs\estimates\fr\2016_scipy\run_2026-01-20_14-29-22,2026-01-20T14:44:36.187088,base_vw,U:/Desktop/Nizam_Hisham/MNL/scripts/enhanced/estimation_spec.yaml,Z:/hisham/EUROMOD-STORAGE/Data/processed/fr/2016/fr_2016_RURO_mnl,joint,L-BFGS-B,True,True,-7103.746870145102,425300,4253,863.2489814758301,,,,,scripts/enhanced/enh_RURO_estimate_FR.py --mnl-base Z:/hisham/EUROMOD-STORAGE/Data/processed/fr/2016/fr_2016_RURO_mnl --output-dir U:/Desktop/Nizam_Hisham/MNL/outputs/estimates/fr/2016_scipy --group joint --method L-BFGS-B --solver scipy --maxiter 2000 --spec-config U:/Desktop/Nizam_Hisham/MNL/scripts/enhanced/estimation_spec.yaml --warm-start U:/Desktop/Nizam_Hisham/MNL/outputs/estimates/fr/2016_gamspy/run_2026-01-20_14-05-59/estimation_results.json --auto-timestamp --verbose
outputs\estimates\fr\2016_scipy\run_2026-01-20_15-11-40,2026-01-20T15:27:05.371555,base_vw,U:/Desktop/Nizam_Hisham/MNL/scripts/enhanced/estimation_spec.yaml,Z:/hisham/EUROMOD-STORAGE/Data/processed/fr/2016/fr_2016_RURO_mnl,joint,L-BFGS-B,True,True,-7103.746870145102,425300,4253,883.6181299686432,,,,,scripts/enhanced/enh_RURO_estimate_FR.py --mnl-base Z:/hisham/EUROMOD-STORAGE/Data/processed/fr/2016/fr_2016_RURO_mnl --output-dir U:/Desktop/Nizam_Hisham/MNL/outputs/estimates/fr/2016_scipy --group joint --method L-BFGS-B --solver scipy --maxiter 2000 --spec-config U:/Desktop/Nizam_Hisham/MNL/scripts/enhanced/estimation_spec.yaml --auto-timestamp --verbose
outputs\estimates\fr\2016_v2,2026-01-09T09:06:32.299051,base_vw_v2,scripts\enhanced\estimation_spec_v2.yaml,U:/EUROMOD-STORAGE/Data/processed/fr/2016/fr_2016_RURO_mnl,joint,L-BFGS-B,True,False,-5045.405352521895,425300,4253,1148.566806793213,,,,,scripts\enhanced\enh_RURO_estimate_FR.py --mnl-base U:/EUROMOD-STORAGE/Data/processed/fr/2016/fr_2016_RURO_mnl --output-dir outputs\estimates\fr\2016_v2 --group joint --method L-BFGS-B --maxiter 1000 --n-jobs 32 --skip-se --spec-config scripts\enhanced\estimation_spec_v2.yaml
outputs\estimates\fr\V1_gamspy\run_2026-01-27_11-27-43,2026-01-27T11:51:16.072526,base_vw,U:/Desktop/Nizam_Hisham/MNL/scripts/enhanced/estimation_spec.yaml,Z:/hisham/EUROMOD-STORAGE/Data/processed/fr/2016/fr_2016_RURO_mnl,joint,L-BFGS-B,True,True,-6742.359596699069,425300,4253,1326.0274138450623,,,7.370042130556958e+24,7,scripts/enhanced/enh_RURO_estimate_FR.py --mnl-base Z:/hisham/EUROMOD-STORAGE/Data/processed/fr/2016/fr_2016_RURO_mnl --output-dir U:/Desktop/Nizam_Hisham/MNL/MNL/outputs/estimates/fr/2016_gamspy_styled --group joint --solver gamspy-conopt --spec-config U:/Desktop/Nizam_Hisham/MNL/scripts/enhanced/estimation_spec.yaml --warm-start U:/Desktop/Nizam_Hisham/MNL/outputs/estimates/fr/2016_gamspy/run_2026-01-22_15-32-40/estimation_results.json --auto-timestamp --verbose
outputs\estimates\fr\minimal_spec\2016_gamspy\run_2026-01-23_11-01-01,2026-01-23T11:11:46.872860,minimal_vw,U:/Desktop/Nizam_Hisham/MNL/scripts/enhanced/estimation_spec_minimal.yaml,Z:/hisham/EUROMOD-STORAGE/Data/processed/fr/2016/fr_2016_RURO_mnl,joint,L-BFGS-B,True,True,-7839.33108831101,425300,4253,629.2467861175537,,,120330.84730714328,4,scripts/enhanced/enh_RURO_estimate_FR.py --mnl-base Z:/hisham/EUROMOD-STORAGE/Data/processed/fr/2016/fr_2016_RURO_mnl --output-dir U:/Desktop/Nizam_Hisham/MNL/outputs/estimates/fr/minimal_spec/2016_gamspy --group joint --solver gamspy-conopt --spec-config U:/Desktop/Nizam_Hisham/MNL/scripts/enhanced/estimation_spec_minimal.yaml --auto-timestamp --verbose
outputs\estimates\fr\minimal_theta0\2016_gamspy\run_2026-01-23_14-10-01,2026-01-23T14:20:37.437939,minimal_vw_theta0,U:/Desktop/Nizam_Hisham/MNL/scripts/enhanced/estimation_spec_minimal_theta0.yaml,Z:/hisham/EUROMOD-STORAGE/Data/processed/fr/2016/fr_2016_RURO_mnl,joint,L-BFGS-B,True,True,-7862.908318617425,425300,4253,621.500143289566,,,178338.44166494024,4,scripts/enhanced/enh_RURO_estimate_FR.py --mnl-base Z:/hisham/EUROMOD-STORAGE/Data/processed/fr/2016/fr_2016_RURO_mnl --output-dir U:/Desktop/Nizam_Hisham/MNL/outputs/estimates/fr/minimal_theta0/2016_gamspy --group joint --solver gamspy-conopt --spec-config U:/Desktop/Nizam_Hisham/MNL/scripts/enhanced/estimation_spec_minimal_theta0.yaml --auto-timestamp --verbose
outputs\estimates\fr\minimal_theta0\2016_gamspy\run_2026-01-23_14-49-16,2026-01-23T14:59:18.642448,minimal_vw_theta0,U:/Desktop/Nizam_Hisham/MNL/scripts/enhanced/estimation_spec_minimal_theta0.yaml,Z:/hisham/EUROMOD-STORAGE/Data/processed/fr/2016/fr_2016_RURO_mnl,joint,L-BFGS-B,True,True,-7862.908318617425,425300,4253,589.2007253170013,,,17032.860596433886,0,scripts/enhanced/enh_RURO_estimate_FR.py --mnl-base Z:/hisham/EUROMOD-STORAGE/Data/processed/fr/2016/fr_2016_RURO_mnl --output-dir U:/Desktop/Nizam_Hisham/MNL/outputs/estimates/fr/minimal_theta0/2016_gamspy --group joint --solver gamspy-conopt --spec-config U:/Desktop/Nizam_Hisham/MNL/scripts/enhanced/estimation_spec_minimal_theta0.yaml --warm-start U:/Desktop/Nizam_Hisham/MNL/outputs/estimates/fr/minimal_theta0/2016_gamspy/run_2026-01-23_14-10-01/estimation_results.json --auto-timestamp --verbose
outputs\estimates\fr\minimal_theta0\2016_gamspy\run_2026-01-23_15-41-04,2026-01-23T15:51:15.350220,minimal_vw_theta0,U:/Desktop/Nizam_Hisham/MNL/scripts/enhanced/estimation_spec_minimal_theta0.yaml,Z:/hisham/EUROMOD-STORAGE/Data/processed/fr/2016/fr_2016_RURO_mnl,joint,L-BFGS-B,True,True,-7862.908318617425,425300,4253,598.3041722774506,,,17032.86059642683,0,scripts/enhanced/enh_RURO_estimate_FR.py --mnl-base Z:/hisham/EUROMOD-STORAGE/Data/processed/fr/2016/fr_2016_RURO_mnl --output-dir U:/Desktop/Nizam_Hisham/MNL/outputs/estimates/fr/minimal_theta0/2016_gamspy --group joint --solver gamspy-conopt --spec-config U:/Desktop/Nizam_Hisham/MNL/scripts/enhanced/estimation_spec_minimal_theta0.yaml --warm-start U:/Desktop/Nizam_Hisham/MNL/outputs/estimates/fr/minimal_theta0/2016_gamspy/run_2026-01-23_14-49-16/estimation_results.json --auto-timestamp --verbose
outputs\estimates\fr\minimal_theta0\2016_scipy\run_2026-01-23_14-13-07,2026-01-23T14:14:25.933391,minimal_vw_theta0,U:/Desktop/Nizam_Hisham/MNL/scripts/enhanced/estimation_spec_minimal_theta0.yaml,Z:/hisham/EUROMOD-STORAGE/Data/processed/fr/2016/fr_2016_RURO_mnl,joint,L-BFGS-B,True,True,-7862.908472407517,425300,4253,67.46882009506226,,,180900.7438715202,4,scripts/enhanced/enh_RURO_estimate_FR.py --mnl-base Z:/hisham/EUROMOD-STORAGE/Data/processed/fr/2016/fr_2016_RURO_mnl --output-dir U:/Desktop/Nizam_Hisham/MNL/outputs/estimates/fr/minimal_theta0/2016_scipy --group joint --solver scipy --method L-BFGS-B --maxiter 2000 --spec-config U:/Desktop/Nizam_Hisham/MNL/scripts/enhanced/estimation_spec_minimal_theta0.yaml --warm-start U:/Desktop/Nizam_Hisham/MNL/outputs/estimates/fr/minimal_spec/2016_gamspy/run_2026-01-23_11-01-01/estimation_results.json --auto-timestamp --verbose
outputs\estimates\fr\minimal_theta0\2016_scipy\run_2026-01-23_14-24-06,2026-01-23T14:25:08.306316,minimal_vw_theta0,U:/Desktop/Nizam_Hisham/MNL/scripts/enhanced/estimation_spec_minimal_theta0.yaml,Z:/hisham/EUROMOD-STORAGE/Data/processed/fr/2016/fr_2016_RURO_mnl,joint,L-BFGS-B,True,True,-7862.908472407517,425300,4253,51.68798828125,,,180900.7438715202,4,scripts/enhanced/enh_RURO_estimate_FR.py --mnl-base Z:/hisham/EUROMOD-STORAGE/Data/processed/fr/2016/fr_2016_RURO_mnl --output-dir U:/Desktop/Nizam_Hisham/MNL/outputs/estimates/fr/minimal_theta0/2016_scipy --group joint --solver scipy --method L-BFGS-B --maxiter 2000 --spec-config U:/Desktop/Nizam_Hisham/MNL/scripts/enhanced/estimation_spec_minimal_theta0.yaml --warm-start U:/Desktop/Nizam_Hisham/MNL/outputs/estimates/fr/minimal_spec/2016_gamspy/run_2026-01-23_14-10-01/estimation_results.json --auto-timestamp --verbose
outputs\estimates\fr\minimal_theta0\2016_scipy\run_2026-01-23_14-27-28,2026-01-23T14:27:41.331723,minimal_vw_theta0,U:/Desktop/Nizam_Hisham/MNL/scripts/enhanced/estimation_spec_minimal_theta0.yaml,Z:/hisham/EUROMOD-STORAGE/Data/processed/fr/2016/fr_2016_RURO_mnl,joint,L-BFGS-B,True,True,-7862.90831861128,425300,4253,3.120652675628662,,,178338.44166494024,4,scripts/enhanced/enh_RURO_estimate_FR.py --mnl-base Z:/hisham/EUROMOD-STORAGE/Data/processed/fr/2016/fr_2016_RURO_mnl --output-dir U:/Desktop/Nizam_Hisham/MNL/outputs/estimates/fr/minimal_theta0/2016_scipy --group joint --solver scipy --method L-BFGS-B --maxiter 2000 --spec-config U:/Desktop/Nizam_Hisham/MNL/scripts/enhanced/estimation_spec_minimal_theta0.yaml --warm-start U:/Desktop/Nizam_Hisham/MNL/outputs/estimates/fr/minimal_theta0/2016_gamspy/run_2026-01-23_14-10-01/estimation_results.json --auto-timestamp --verbose
outputs\estimates\fr\minimal_theta0\2016_scipy\run_2026-01-23_14-51-29,2026-01-23T14:51:40.024566,minimal_vw_theta0,U:/Desktop/Nizam_Hisham/MNL/scripts/enhanced/estimation_spec_minimal_theta0.yaml,Z:/hisham/EUROMOD-STORAGE/Data/processed/fr/2016/fr_2016_RURO_mnl,joint,L-BFGS-B,True,True,-7862.90831861128,425300,4253,2.978209972381592,,,17032.860596433886,0,scripts/enhanced/enh_RURO_estimate_FR.py --mnl-base Z:/hisham/EUROMOD-STORAGE/Data/processed/fr/2016/fr_2016_RURO_mnl --output-dir U:/Desktop/Nizam_Hisham/MNL/outputs/estimates/fr/minimal_theta0/2016_scipy --group joint --solver scipy --method L-BFGS-B --maxiter 2000 --spec-config U:/Desktop/Nizam_Hisham/MNL/scripts/enhanced/estimation_spec_minimal_theta0.yaml --warm-start U:/Desktop/Nizam_Hisham/MNL/outputs/estimates/fr/minimal_theta0/2016_gamspy/run_2026-01-23_14-10-01/estimation_results.json --auto-timestamp --verbose
outputs\estimates\fr\minimal_theta0\2016_scipy\run_2026-01-23_15-42-32,2026-01-23T15:42:43.848398,minimal_vw_theta0,U:/Desktop/Nizam_Hisham/MNL/scripts/enhanced/estimation_spec_minimal_theta0.yaml,Z:/hisham/EUROMOD-STORAGE/Data/processed/fr/2016/fr_2016_RURO_mnl,joint,L-BFGS-B,True,True,-7862.90831861128,425300,4253,3.2880325317382812,,,17032.860596433886,0,scripts/enhanced/enh_RURO_estimate_FR.py --mnl-base Z:/hisham/EUROMOD-STORAGE/Data/processed/fr/2016/fr_2016_RURO_mnl --output-dir U:/Desktop/Nizam_Hisham/MNL/outputs/estimates/fr/minimal_theta0/2016_scipy --group joint --solver scipy --method L-BFGS-B --maxiter 2000 --spec-config U:/Desktop/Nizam_Hisham/MNL/scripts/enhanced/estimation_spec_minimal_theta0.yaml --warm-start U:/Desktop/Nizam_Hisham/MNL/outputs/estimates/fr/minimal_theta0/2016_gamspy/run_2026-01-23_14-49-16/estimation_results.json --auto-timestamp --verbose
outputs\estimates\fr\simple_spec\2016_gamspy\run_2026-01-22_16-14-53,2026-01-22T16:28:34.432431,simple_vw,U:/Desktop/Nizam_Hisham/MNL/scripts/enhanced/estimation_spec_simple.yaml,Z:/hisham/EUROMOD-STORAGE/Data/processed/fr/2016/fr_2016_RURO_mnl,joint,L-BFGS-B,True,True,-6994.659753045795,425300,4253,796.3505825996399,,,1.1708412048710635e+21,0,scripts/enhanced/enh_RURO_estimate_FR.py --mnl-base Z:/hisham/EUROMOD-STORAGE/Data/processed/fr/2016/fr_2016_RURO_mnl --output-dir U:/Desktop/Nizam_Hisham/MNL/outputs/estimates/fr/simple_spec/2016_gamspy --group joint --solver gamspy-conopt --spec-config U:/Desktop/Nizam_Hisham/MNL/scripts/enhanced/estimation_spec_simple.yaml --warm-start U:/Desktop/Nizam_Hisham/MNL/outputs/estimates/fr/2016_gamspy/run_2026-01-22_13-38-57/estimation_results.json --auto-timestamp --verbose
outputs\estimates\fr\spec\job_choice\gamspy\estimation_spec_job_M0\run_2026-02-05_15-38-28,2026-02-05T15:39:47.727420,job_choice_M0_preferences_plus_employment_offer,scripts/enhanced/estimation_spec_job_M0.yaml,Z:/hisham/EUROMOD-STORAGE/Data/processed/fr/2016/fr_2016_RURO_mnl_job,joint,L-BFGS-B,True,True,-24633.703499130803,425300,4253,62.567601919174194,True,False,,2,scripts/enhanced/enh_RURO_estimate_FR.py --mnl-base Z:/hisham/EUROMOD-STORAGE/Data/processed/fr/2016/fr_2016_RURO_mnl_job --output-dir U:/Desktop/Nizam_Hisham/MNL/outputs/estimates/fr/spec/job_choice/gamspy --group joint --solver gamspy-conopt --vectorized --spec-config scripts/enhanced/estimation_spec_job_M0.yaml --warm-start none --auto-timestamp --verbose
outputs\estimates\fr\spec\job_choice\gamspy\estimation_spec_job_M0\run_2026-02-08_22-27-15,2026-02-08T22:28:59.525523,job_choice_M0_preferences_plus_employment_offer,scripts/enhanced/estimation_spec_job_M0.yaml,\\aff300msh.cifs.myliser.lu\ComputeShare\Hisham\EUROMOD-STORAGE\Data\processed\fr\2016\fr_2016_RURO_mnl_job_gmm,joint,L-BFGS-B,True,True,-22828.818666534033,850600,4253,80.19520401954651,True,False,,0,.\scripts\enhanced\enh_RURO_estimate_FR.py --mnl-base \\aff300msh.cifs.myliser.lu\ComputeShare\Hisham\EUROMOD-STORAGE\Data\processed\fr\2016\fr_2016_RURO_mnl_job_gmm --output-dir U:/Desktop/Nizam_Hisham/MNL/outputs/estimates/fr/spec/job_choice/gamspy --group joint --solver gamspy-conopt --vectorized --spec-config scripts/enhanced/estimation_spec_job_M0.yaml --warm-start none --auto-timestamp --verbose
outputs\estimates\fr\spec\job_choice\gamspy\estimation_spec_job_M1\run_2026-02-05_16-19-19,2026-02-05T16:20:09.455538,job_choice_M1_participation_opportunity,scripts/enhanced/estimation_spec_job_M1.yaml,Z:/hisham/EUROMOD-STORAGE/Data/processed/fr/2016/fr_2016_RURO_mnl_job,joint,L-BFGS-B,True,True,-24603.355002755918,425300,4253,32.979599475860596,True,False,,2,scripts/enhanced/enh_RURO_estimate_FR.py --mnl-base Z:/hisham/EUROMOD-STORAGE/Data/processed/fr/2016/fr_2016_RURO_mnl_job --output-dir U:/Desktop/Nizam_Hisham/MNL/outputs/estimates/fr/spec/job_choice/gamspy --group joint --solver gamspy-conopt --vectorized --spec-config scripts/enhanced/estimation_spec_job_M1.yaml --warm-start U:/Desktop/Nizam_Hisham/MNL/outputs/estimates/fr/spec/job_choice/gamspy/run_2026-02-05_15-38-28/estimation_results.json --auto-timestamp --verbose
outputs\estimates\fr\spec\job_choice\gamspy\estimation_spec_job_M1\run_2026-02-05_16-22-00,2026-02-05T16:23:01.696687,job_choice_M1_participation_opportunity,scripts/enhanced/estimation_spec_job_M1.yaml,Z:/hisham/EUROMOD-STORAGE/Data/processed/fr/2016/fr_2016_RURO_mnl_job,joint,L-BFGS-B,True,True,-24539.40793388406,425300,4253,42.88320589065552,True,False,,3,scripts/enhanced/enh_RURO_estimate_FR.py --mnl-base Z:/hisham/EUROMOD-STORAGE/Data/processed/fr/2016/fr_2016_RURO_mnl_job --output-dir U:/Desktop/Nizam_Hisham/MNL/outputs/estimates/fr/spec/job_choice/gamspy --group joint --solver gamspy-conopt --vectorized --spec-config scripts/enhanced/estimation_spec_job_M1.yaml --warm-start U:/Desktop/Nizam_Hisham/MNL/outputs/estimates/fr/spec/job_choice/gamspy/run_2026-02-05_15-38-28/estimation_results.json --auto-timestamp --verbose
outputs\estimates\fr\spec\job_choice\gamspy\estimation_spec_job_M1\run_2026-02-05_16-42-16,2026-02-05T16:43:20.246273,job_choice_M1_participation_opportunity,scripts/enhanced/estimation_spec_job_M1.yaml,Z:/hisham/EUROMOD-STORAGE/Data/processed/fr/2016/fr_2016_RURO_mnl_job,joint,L-BFGS-B,True,True,-24576.41519487991,425300,4253,44.655823707580566,True,False,,2,scripts/enhanced/enh_RURO_estimate_FR.py --mnl-base Z:/hisham/EUROMOD-STORAGE/Data/processed/fr/2016/fr_2016_RURO_mnl_job --output-dir U:/Desktop/Nizam_Hisham/MNL/outputs/estimates/fr/spec/job_choice/gamspy --group joint --solver gamspy-conopt --vectorized --spec-config scripts/enhanced/estimation_spec_job_M1.yaml --warm-start U:/Desktop/Nizam_Hisham/MNL/outputs/estimates/fr/spec/job_choice/gamspy/run_2026-02-05_15-38-28/estimation_results.json --auto-timestamp --verbose
outputs\estimates\fr\spec\job_choice\gamspy\estimation_spec_job_M1\run_2026-02-05_16-44-46,2026-02-05T16:45:50.922273,job_choice_M1_participation_opportunity,scripts/enhanced/estimation_spec_job_M1.yaml,Z:/hisham/EUROMOD-STORAGE/Data/processed/fr/2016/fr_2016_RURO_mnl_job,joint,L-BFGS-B,True,True,-24529.879333906138,425300,4253,46.52316880226135,True,False,,2,scripts/enhanced/enh_RURO_estimate_FR.py --mnl-base Z:/hisham/EUROMOD-STORAGE/Data/processed/fr/2016/fr_2016_RURO_mnl_job --output-dir U:/Desktop/Nizam_Hisham/MNL/outputs/estimates/fr/spec/job_choice/gamspy --group joint --solver gamspy-conopt --vectorized --spec-config scripts/enhanced/estimation_spec_job_M1.yaml --warm-start U:/Desktop/Nizam_Hisham/MNL/outputs/estimates/fr/spec/job_choice/gamspy/run_2026-02-05_16-42-16/estimation_results.json --auto-timestamp --verbose
outputs\estimates\fr\spec\job_choice\gamspy\estimation_spec_job_M1\run_2026-02-05_16-47-04,2026-02-05T16:48:42.953362,job_choice_M1_participation_opportunity,scripts/enhanced/estimation_spec_job_M1.yaml,Z:/hisham/EUROMOD-STORAGE/Data/processed/fr/2016/fr_2016_RURO_mnl_job,joint,L-BFGS-B,True,True,-24521.167039941713,425300,4253,79.92985677719116,True,False,,2,scripts/enhanced/enh_RURO_estimate_FR.py --mnl-base Z:/hisham/EUROMOD-STORAGE/Data/processed/fr/2016/fr_2016_RURO_mnl_job --output-dir U:/Desktop/Nizam_Hisham/MNL/outputs/estimates/fr/spec/job_choice/gamspy --group joint --solver gamspy-conopt --vectorized --spec-config scripts/enhanced/estimation_spec_job_M1.yaml --warm-start U:/Desktop/Nizam_Hisham/MNL/outputs/estimates/fr/spec/job_choice/gamspy/run_2026-02-05_16-44-46/estimation_results.json --auto-timestamp --verbose
outputs\estimates\fr\spec\job_choice\gamspy\estimation_spec_job_M1\run_2026-02-05_16-50-11,2026-02-05T16:53:41.261138,job_choice_M1_participation_opportunity,scripts/enhanced/estimation_spec_job_M1.yaml,Z:/hisham/EUROMOD-STORAGE/Data/processed/fr/2016/fr_2016_RURO_mnl_job,joint,L-BFGS-B,True,True,-24516.947168944185,425300,4253,192.9027557373047,True,False,,2,scripts/enhanced/enh_RURO_estimate_FR.py --mnl-base Z:/hisham/EUROMOD-STORAGE/Data/processed/fr/2016/fr_2016_RURO_mnl_job --output-dir U:/Desktop/Nizam_Hisham/MNL/outputs/estimates/fr/spec/job_choice/gamspy --group joint --solver gamspy-conopt --vectorized --spec-config scripts/enhanced/estimation_spec_job_M1.yaml --warm-start U:/Desktop/Nizam_Hisham/MNL/outputs/estimates/fr/spec/job_choice/gamspy/run_2026-02-05_16-44-46/estimation_results.json --auto-timestamp --verbose
outputs\estimates\fr\spec\job_choice\gamspy\estimation_spec_job_M1\run_2026-02-05_16-59-58,2026-02-05T17:00:51.627807,job_choice_M1_participation_opportunity,scripts/enhanced/estimation_spec_job_M1.yaml,Z:/hisham/EUROMOD-STORAGE/Data/processed/fr/2016/fr_2016_RURO_mnl_job,joint,L-BFGS-B,True,True,-24603.357492431263,425300,4253,35.911375284194946,True,False,,2,scripts/enhanced/enh_RURO_estimate_FR.py --mnl-base Z:/hisham/EUROMOD-STORAGE/Data/processed/fr/2016/fr_2016_RURO_mnl_job --output-dir U:/Desktop/Nizam_Hisham/MNL/outputs/estimates/fr/spec/job_choice/gamspy --group joint --solver gamspy-conopt --vectorized --spec-config scripts/enhanced/estimation_spec_job_M1.yaml --warm-start U:/Desktop/Nizam_Hisham/MNL/outputs/estimates/fr/spec/job_choice/gamspy/run_2026-02-05_16-22-00/estimation_results.json --auto-timestamp --verbose
outputs\estimates\fr\spec\job_choice\gamspy\estimation_spec_job_M1\run_2026-02-08_22-39-59,2026-02-08T22:41:21.044951,job_choice_M1_participation_opportunity,scripts/enhanced/estimation_spec_job_M1.yaml,\\aff300msh.cifs.myliser.lu\ComputeShare\Hisham\EUROMOD-STORAGE\Data\processed\fr\2016\fr_2016_RURO_mnl_job_gmm,joint,L-BFGS-B,True,True,-22794.431116767562,850600,4253,59.09209632873535,True,False,,0,.\scripts\enhanced\enh_RURO_estimate_FR.py --mnl-base \\aff300msh.cifs.myliser.lu\ComputeShare\Hisham\EUROMOD-STORAGE\Data\processed\fr\2016\fr_2016_RURO_mnl_job_gmm --output-dir U:/Desktop/Nizam_Hisham/MNL/outputs/estimates/fr/spec/job_choice/gamspy --group joint --solver gamspy-conopt --vectorized --spec-config scripts/enhanced/estimation_spec_job_M1.yaml --warm-start U:/Desktop/Nizam_Hisham/MNL/outputs/estimates/fr/spec/job_choice/gamspy/run_2026-02-08_22-27-15/estimation_results.json --auto-timestamp --verbose
outputs\estimates\fr\spec\job_choice\gamspy\estimation_spec_job_M2\run_2026-02-05_17-06-41,2026-02-05T17:07:52.626742,job_choice_M2_occupation_access,scripts/enhanced/estimation_spec_job_M2.yaml,Z:/hisham/EUROMOD-STORAGE/Data/processed/fr/2016/fr_2016_RURO_mnl_job,joint,L-BFGS-B,True,True,-23676.594029255422,425300,4253,49.235432386398315,True,False,,2,scripts/enhanced/enh_RURO_estimate_FR.py --mnl-base Z:/hisham/EUROMOD-STORAGE/Data/processed/fr/2016/fr_2016_RURO_mnl_job --output-dir U:/Desktop/Nizam_Hisham/MNL/outputs/estimates/fr/spec/job_choice/gamspy --group joint --solver gamspy-conopt --vectorized --spec-config scripts/enhanced/estimation_spec_job_M2.yaml --warm-start U:/Desktop/Nizam_Hisham/MNL/outputs/estimates/fr/spec/job_choice/gamspy/run_2026-02-05_16-59-58/estimation_results.json --auto-timestamp --verbose
outputs\estimates\fr\spec\job_choice\gamspy\estimation_spec_job_M2\run_2026-02-05_22-46-35,2026-02-05T22:48:25.869006,job_choice_M2_occupation_access,scripts/enhanced/estimation_spec_job_M2.yaml,Z:/hisham/EUROMOD-STORAGE/Data/processed/fr/2016/fr_2016_RURO_mnl_job,joint,L-BFGS-B,True,True,-23676.59402925529,425300,4253,87.09513020515442,True,False,,2,scripts/enhanced/enh_RURO_estimate_FR.py --mnl-base Z:/hisham/EUROMOD-STORAGE/Data/processed/fr/2016/fr_2016_RURO_mnl_job --output-dir U:/Desktop/Nizam_Hisham/MNL/outputs/estimates/fr/spec/job_choice/gamspy --group joint --solver gamspy-conopt --vectorized --spec-config scripts/enhanced/estimation_spec_job_M2.yaml --warm-start none --auto-timestamp --verbose
outputs\estimates\fr\spec\job_choice\gamspy\estimation_spec_job_M2\run_2026-02-08_22-52-23,2026-02-08T22:54:06.150461,job_choice_M2_occupation_access,scripts/enhanced/estimation_spec_job_M2.yaml,\\aff300msh.cifs.myliser.lu\ComputeShare\Hisham\EUROMOD-STORAGE\Data\processed\fr\2016\fr_2016_RURO_mnl_job_gmm,joint,L-BFGS-B,True,True,-22496.096596740826,850600,4253,71.55579400062561,True,False,,0,.\scripts\enhanced\enh_RURO_estimate_FR.py --mnl-base \\aff300msh.cifs.myliser.lu\ComputeShare\Hisham\EUROMOD-STORAGE\Data\processed\fr\2016\fr_2016_RURO_mnl_job_gmm --output-dir U:/Desktop/Nizam_Hisham/MNL/outputs/estimates/fr/spec/job_choice/gamspy --group joint --solver gamspy-conopt --vectorized --spec-config scripts/enhanced/estimation_spec_job_M2.yaml --warm-start U:/Desktop/Nizam_Hisham/MNL/outputs/estimates/fr/spec/job_choice/gamspy/run_2026-02-08_22-27-15/estimation_results.json --auto-timestamp --verbose
outputs\estimates\fr\spec\job_choice\gamspy\estimation_spec_job_M2\run_2026-02-08_23-28-46,2026-02-08T23:30:40.866662,job_choice_M2_occupation_access,scripts/enhanced/estimation_spec_job_M2.yaml,\\aff300msh.cifs.myliser.lu\ComputeShare\Hisham\EUROMOD-STORAGE\Data\processed\fr\2016\fr_2016_RURO_mnl_job_gmm,joint,L-BFGS-B,True,True,-22496.096596740826,850600,4253,70.26183652877808,True,False,309963827453.60455,1,.\scripts\enhanced\enh_RURO_estimate_FR.py --mnl-base \\aff300msh.cifs.myliser.lu\ComputeShare\Hisham\EUROMOD-STORAGE\Data\processed\fr\2016\fr_2016_RURO_mnl_job_gmm --output-dir U:/Desktop/Nizam_Hisham/MNL/outputs/estimates/fr/spec/job_choice/gamspy --group joint --solver gamspy-conopt --vectorized --spec-config scripts/enhanced/estimation_spec_job_M2.yaml --warm-start U:/Desktop/Nizam_Hisham/MNL/outputs/estimates/fr/spec/job_choice/gamspy/run_2026-02-08_22-27-15/estimation_results.json --auto-timestamp --verbose
outputs\estimates\fr\spec\job_choice\gamspy\estimation_spec_job_M2\run_2026-02-08_23-40-55,2026-02-08T23:42:58.306870,job_choice_M2_occupation_access,scripts/enhanced/estimation_spec_job_M2.yaml,\\aff300msh.cifs.myliser.lu\ComputeShare\Hisham\EUROMOD-STORAGE\Data\processed\fr\2016\fr_2016_RURO_mnl_job_gmm,joint,L-BFGS-B,True,True,-22496.10449473391,850600,4253,80.06786680221558,True,False,,0,.\scripts\enhanced\enh_RURO_estimate_FR.py --mnl-base \\aff300msh.cifs.myliser.lu\ComputeShare\Hisham\EUROMOD-STORAGE\Data\processed\fr\2016\fr_2016_RURO_mnl_job_gmm --output-dir U:/Desktop/Nizam_Hisham/MNL/outputs/estimates/fr/spec/job_choice/gamspy --group joint --solver gamspy-conopt --vectorized --spec-config scripts/enhanced/estimation_spec_job_M2.yaml --warm-start U:/Desktop/Nizam_Hisham/MNL/outputs/estimates/fr/spec/job_choice/gamspy/run_2026-02-08_22-27-15/estimation_results.json --auto-timestamp --verbose
outputs\estimates\fr\spec\job_choice\gamspy\estimation_spec_job_M2\run_2026-02-08_23-58-54,2026-02-09T00:00:43.471774,job_choice_M2_occupation_access,scripts/enhanced/estimation_spec_job_M2.yaml,\\aff300msh.cifs.myliser.lu\ComputeShare\Hisham\EUROMOD-STORAGE\Data\processed\fr\2016\fr_2016_RURO_mnl_job_gmm,joint,L-BFGS-B,True,True,-22496.10449473378,850600,4253,69.2876489162445,True,False,,0,.\scripts\enhanced\enh_RURO_estimate_FR.py --mnl-base \\aff300msh.cifs.myliser.lu\ComputeShare\Hisham\EUROMOD-STORAGE\Data\processed\fr\2016\fr_2016_RURO_mnl_job_gmm --output-dir U:/Desktop/Nizam_Hisham/MNL/outputs/estimates/fr/spec/job_choice/gamspy --group joint --solver gamspy-conopt --vectorized --spec-config scripts/enhanced/estimation_spec_job_M2.yaml --warm-start U:/Desktop/Nizam_Hisham/MNL/outputs/estimates/fr/spec/job_choice/gamspy/run_2026-02-08_22-27-15/estimation_results.json --auto-timestamp --verbose
outputs\estimates\fr\spec\job_choice\gamspy\estimation_spec_job_M2\run_2026-02-10_10-06-29,2026-02-10T10:07:54.649141,job_choice_M2_occupation_access,U:/Desktop/Nizam_Hisham/MNL/scripts/enhanced/estimation_spec_job_M2.yaml,\\aff300msh.cifs.myliser.lu\ComputeShare\Hisham\EUROMOD-STORAGE\Data\processed\fr\2016\fr_2016_RURO_mnl_job_gmm,joint,L-BFGS-B,True,True,-22496.10449473378,850600,4253,42.70600080490112,True,False,1271.5592690776207,0,U:\Desktop\Nizam_Hisham\MNL\scripts\enhanced\enh_RURO_estimate_FR.py --mnl-base \\aff300msh.cifs.myliser.lu\ComputeShare\Hisham\EUROMOD-STORAGE\Data\processed\fr\2016\fr_2016_RURO_mnl_job_gmm --output-dir U:/Desktop/Nizam_Hisham/MNL/outputs/estimates/fr/spec/job_choice/gamspy --group joint --solver gamspy-conopt --vectorized --spec-config U:/Desktop/Nizam_Hisham/MNL/scripts/enhanced/estimation_spec_job_M2.yaml --auto-timestamp --verbose
outputs\estimates\fr\spec\job_choice\gamspy\estimation_spec_job_M2_centered\run_2026-02-05_21-59-58,2026-02-05T22:05:36.054283,job_choice_M2_occupation_access_centered,scripts/enhanced/estimation_spec_job_M2_centered.yaml,Z:/hisham/EUROMOD-STORAGE/Data/processed/fr/2016/fr_2016_RURO_mnl_job,joint,L-BFGS-B,True,True,-23869.113144349874,425300,4253,316.0121784210205,True,True,,2,scripts/enhanced/enh_RURO_estimate_FR.py --mnl-base Z:/hisham/EUROMOD-STORAGE/Data/processed/fr/2016/fr_2016_RURO_mnl_job --output-dir U:/Desktop/Nizam_Hisham/MNL/outputs/estimates/fr/spec/job_choice/gamspy --group joint --solver gamspy-conopt --vectorized --spec-config scripts/enhanced/estimation_spec_job_M2_centered.yaml --warm-start U:/Desktop/Nizam_Hisham/MNL/outputs/estimates/fr/spec/job_choice/gamspy/run_2026-02-05_16-59-58/estimation_results.json --auto-timestamp --verbose
outputs\estimates\fr\spec\job_choice\gamspy\estimation_spec_job_M2_lite\run_2026-02-05_22-33-18,2026-02-05T22:37:27.718070,job_choice_M2_occupation_access_lite_centered,scripts/enhanced/estimation_spec_job_M2_lite.yaml,Z:/hisham/EUROMOD-STORAGE/Data/processed/fr/2016/fr_2016_RURO_mnl_job,joint,L-BFGS-B,True,True,-24370.06224393293,425300,4253,230.45067191123962,True,True,,2,scripts/enhanced/enh_RURO_estimate_FR.py --mnl-base Z:/hisham/EUROMOD-STORAGE/Data/processed/fr/2016/fr_2016_RURO_mnl_job --output-dir U:/Desktop/Nizam_Hisham/MNL/outputs/estimates/fr/spec/job_choice/gamspy --group joint --solver gamspy-conopt --vectorized --spec-config scripts/enhanced/estimation_spec_job_M2_lite.yaml --warm-start none --auto-timestamp --verbose
outputs\estimates\fr\spec\job_choice\gamspy\estimation_spec_job_M2_lite_scaled\run_2026-02-05_23-07-11,2026-02-05T23:08:43.434929,gsur,scripts/enhanced/estimation_spec_job_M2_lite_scaled.yaml,Z:/hisham/EUROMOD-STORAGE/Data/processed/fr/2016/fr_2016_RURO_mnl_job,joint,L-BFGS-B,True,True,-24370.06224393285,425300,4253,73.47247505187988,True,False,,2,scripts/enhanced/enh_RURO_estimate_FR.py --mnl-base Z:/hisham/EUROMOD-STORAGE/Data/processed/fr/2016/fr_2016_RURO_mnl_job --output-dir U:/Desktop/Nizam_Hisham/MNL/outputs/estimates/fr/spec/job_choice/gamspy --group joint --solver gamspy-conopt --vectorized --spec-config scripts/enhanced/estimation_spec_job_M2_lite_scaled.yaml --warm-start none --auto-timestamp --verbose
outputs\estimates\fr\spec\job_choice\gamspy\estimation_spec_job_M2_scaled\run_2026-02-05_23-00-19,2026-02-05T23:02:02.811510,gsur,scripts/enhanced/estimation_spec_job_M2_scaled.yaml,Z:/hisham/EUROMOD-STORAGE/Data/processed/fr/2016/fr_2016_RURO_mnl_job,joint,L-BFGS-B,True,True,-23641.812470764322,425300,4253,83.6429295539856,True,False,,2,scripts/enhanced/enh_RURO_estimate_FR.py --mnl-base Z:/hisham/EUROMOD-STORAGE/Data/processed/fr/2016/fr_2016_RURO_mnl_job --output-dir U:/Desktop/Nizam_Hisham/MNL/outputs/estimates/fr/spec/job_choice/gamspy --group joint --solver gamspy-conopt --vectorized --spec-config scripts/enhanced/estimation_spec_job_M2_scaled.yaml --warm-start none --auto-timestamp --verbose
outputs\estimates\fr\spec\job_choice\gamspy\estimation_spec_job_M2b\run_2026-02-11_14-37-13,2026-02-11T14:39:11.371424,job_choice_M2b_education,U:/Desktop/Nizam_Hisham/MNL/scripts/enhanced/estimation_spec_job_M2b.yaml,Z:\hisham\EUROMOD-STORAGE\Data\processed\fr\2016\fr_2016_RURO_mnl_job_gmm,joint,L-BFGS-B,True,True,-22318.99661381483,850600,4253,71.80801701545715,True,False,6160.851982299409,0,U:\Desktop\Nizam_Hisham\MNL\scripts\enhanced\enh_RURO_estimate_FR.py --mnl-base Z:\hisham\EUROMOD-STORAGE\Data\processed\fr\2016\fr_2016_RURO_mnl_job_gmm --output-dir U:/Desktop/Nizam_Hisham/MNL/outputs/estimates/fr/spec/job_choice/gamspy --group joint --solver gamspy-conopt --vectorized --spec-config U:/Desktop/Nizam_Hisham/MNL/scripts/enhanced/estimation_spec_job_M2b.yaml --auto-timestamp --verbose
outputs\estimates\fr\spec\job_choice\gamspy\estimation_spec_job_M2b\run_2026-02-11_14-40-10,2026-02-11T14:42:00.499946,job_choice_M2b_education,U:/Desktop/Nizam_Hisham/MNL/scripts/enhanced/estimation_spec_job_M2b.yaml,Z:\hisham\EUROMOD-STORAGE\Data\processed\fr\2016\fr_2016_RURO_mnl_job_gmm,joint,L-BFGS-B,True,True,-22317.990727678553,850600,4253,64.41100668907166,True,False,100881.3504295241,0,U:\Desktop\Nizam_Hisham\MNL\scripts\enhanced\enh_RURO_estimate_FR.py --mnl-base Z:\hisham\EUROMOD-STORAGE\Data\processed\fr\2016\fr_2016_RURO_mnl_job_gmm --output-dir U:/Desktop/Nizam_Hisham/MNL/outputs/estimates/fr/spec/job_choice/gamspy --group joint --solver gamspy-conopt --vectorized --spec-config U:/Desktop/Nizam_Hisham/MNL/scripts/enhanced/estimation_spec_job_M2b.yaml --auto-timestamp --verbose
outputs\estimates\fr\spec\job_choice\gamspy\estimation_spec_job_M2b\run_2026-02-11_14-46-29,2026-02-11T14:48:39.486517,job_choice_M2b_education,scripts/enhanced/estimation_spec_job_M2b.yaml,\\aff300msh.cifs.myliser.lu\ComputeShare\Hisham\EUROMOD-STORAGE\Data\processed\fr\2016\fr_2016_RURO_mnl_job_gmm,joint,L-BFGS-B,True,True,-22317.99850186657,850600,4253,79.64599204063416,True,False,28141.779423253738,0,.\scripts\enhanced\enh_RURO_estimate_FR.py --mnl-base \\aff300msh.cifs.myliser.lu\ComputeShare\Hisham\EUROMOD-STORAGE\Data\processed\fr\2016\fr_2016_RURO_mnl_job_gmm --output-dir U:/Desktop/Nizam_Hisham/MNL/outputs/estimates/fr/spec/job_choice/gamspy --group joint --solver gamspy-conopt --vectorized --spec-config scripts/enhanced/estimation_spec_job_M2b.yaml --warm-start U:/Desktop/Nizam_Hisham/MNL/outputs/estimates/fr/spec/job_choice/gamspy/run_2026-02-08_22-27-15/estimation_results.json --auto-timestamp --verbose
outputs\estimates\fr\spec\job_choice\gamspy\estimation_spec_job_M2b\run_2026-02-11_15-13-14,2026-02-11T15:15:17.036853,job_choice_M2b_education,U:/Desktop/Nizam_Hisham/MNL/scripts/enhanced/estimation_spec_job_M2b.yaml,Z:\hisham\EUROMOD-STORAGE\Data\processed\fr\2016\fr_2016_RURO_mnl_job_gmm,joint,L-BFGS-B,True,True,-22317.4681406709,850600,4253,71.61028265953064,True,False,12659265.071689503,0,U:\Desktop\Nizam_Hisham\MNL\scripts\enhanced\enh_RURO_estimate_FR.py --mnl-base Z:\hisham\EUROMOD-STORAGE\Data\processed\fr\2016\fr_2016_RURO_mnl_job_gmm --output-dir U:/Desktop/Nizam_Hisham/MNL/outputs/estimates/fr/spec/job_choice/gamspy --group joint --solver gamspy-conopt --vectorized --spec-config U:/Desktop/Nizam_Hisham/MNL/scripts/enhanced/estimation_spec_job_M2b.yaml --auto-timestamp --verbose
outputs\estimates\fr\spec\job_choice\gamspy\estimation_spec_job_M2b\run_2026-02-11_15-17-57,2026-02-11T15:20:00.611986,job_choice_M2b_education,scripts/enhanced/estimation_spec_job_M2b.yaml,\\aff300msh.cifs.myliser.lu\ComputeShare\Hisham\EUROMOD-STORAGE\Data\processed\fr\2016\fr_2016_RURO_mnl_job_gmm,joint,L-BFGS-B,True,True,-22317.4681406709,850600,4253,72.4233877658844,True,False,12659265.071689503,0,.\scripts\enhanced\enh_RURO_estimate_FR.py --mnl-base \\aff300msh.cifs.myliser.lu\ComputeShare\Hisham\EUROMOD-STORAGE\Data\processed\fr\2016\fr_2016_RURO_mnl_job_gmm --output-dir U:/Desktop/Nizam_Hisham/MNL/outputs/estimates/fr/spec/job_choice/gamspy --group joint --solver gamspy-conopt --vectorized --spec-config scripts/enhanced/estimation_spec_job_M2b.yaml --warm-start U:/Desktop/Nizam_Hisham/MNL/outputs/estimates/fr/spec/job_choice/gamspy/run_2026-02-11_14-46-29/estimation_results.json --auto-timestamp --verbose
outputs\estimates\fr\spec\job_choice\gamspy\estimation_spec_job_M2b\run_2026-02-19_10-20-18,2026-02-19T10:22:31.118915,job_choice_M2b_education,scripts/enhanced/estimation_spec_job_M2b.yaml,\\aff300msh.cifs.myliser.lu\ComputeShare\Hisham\EUROMOD-STORAGE\Data\processed\fr\2016\fr_2016_RURO_mnl_job_gmm,joint,L-BFGS-B,True,True,-22317.471061028176,850600,4253,82.39235949516296,True,False,1904927.6505626522,0,.\scripts\enhanced\enh_RURO_estimate_FR.py --mnl-base \\aff300msh.cifs.myliser.lu\ComputeShare\Hisham\EUROMOD-STORAGE\Data\processed\fr\2016\fr_2016_RURO_mnl_job_gmm --output-dir U:/Desktop/Nizam_Hisham/MNL/outputs/estimates/fr/spec/job_choice/gamspy --group joint --solver gamspy-conopt --vectorized --spec-config scripts/enhanced/estimation_spec_job_M2b.yaml --warm-start U:/Desktop/Nizam_Hisham/MNL/outputs/estimates/fr/spec/job_choice/gamspy/run_2026-02-11_14-46-29/estimation_results.json --auto-timestamp --verbose
outputs\estimates\fr\spec\job_choice\gamspy\estimation_spec_job_M2b\run_2026-02-19_10-38-45,2026-02-19T10:40:12.901291,job_choice_M2b_education,scripts/enhanced/estimation_spec_job_M2b.yaml,\\aff300msh.cifs.myliser.lu\ComputeShare\Hisham\EUROMOD-STORAGE\Data\processed\fr\2016\fr_2016_RURO_mnl_job_gmm,joint,L-BFGS-B,True,True,-22317.99850186657,850600,4253,43.93478775024414,True,False,28141.779423253738,0,.\scripts\enhanced\enh_RURO_estimate_FR.py --mnl-base \\aff300msh.cifs.myliser.lu\ComputeShare\Hisham\EUROMOD-STORAGE\Data\processed\fr\2016\fr_2016_RURO_mnl_job_gmm --output-dir U:/Desktop/Nizam_Hisham/MNL/outputs/estimates/fr/spec/job_choice/gamspy --group joint --solver gamspy-conopt --vectorized --spec-config scripts/enhanced/estimation_spec_job_M2b.yaml --warm-start U:/Desktop/Nizam_Hisham/MNL/outputs/estimates/fr/spec/job_choice/gamspy/run_2026-02-11_14-46-29/estimation_results.json --auto-timestamp --verbose
outputs\estimates\fr\spec\job_choice\gamspy\estimation_spec_job_M2c\run_2026-02-19_10-48-35,2026-02-19T10:51:19.396300,job_choice_M2c_leisure,scripts/enhanced/estimation_spec_job_M2c.yaml,\\aff300msh.cifs.myliser.lu\ComputeShare\Hisham\EUROMOD-STORAGE\Data\processed\fr\2016\fr_2016_RURO_mnl_job_gmm,joint,L-BFGS-B,True,True,-22250.737020251006,850600,4253,91.30017137527466,True,False,1.1176738927067217e+21,2,.\scripts\enhanced\enh_RURO_estimate_FR.py --mnl-base \\aff300msh.cifs.myliser.lu\ComputeShare\Hisham\EUROMOD-STORAGE\Data\processed\fr\2016\fr_2016_RURO_mnl_job_gmm --output-dir U:/Desktop/Nizam_Hisham/MNL/outputs/estimates/fr/spec/job_choice/gamspy --group joint --solver gamspy-conopt --vectorized --spec-config scripts/enhanced/estimation_spec_job_M2c.yaml --warm-start U:/Desktop/Nizam_Hisham/MNL/outputs/estimates/fr/spec/job_choice/gamspy/run_2026-02-11_14-46-29/estimation_results.json --auto-timestamp --verbose
outputs\estimates\fr\spec\job_choice\gamspy\estimation_spec_job_M2c\run_2026-02-19_11-30-40,2026-02-19T11:33:26.024168,job_choice_M2c_leisure,scripts/enhanced/estimation_spec_job_M2c.yaml,\\aff300msh.cifs.myliser.lu\ComputeShare\Hisham\EUROMOD-STORAGE\Data\processed\fr\2016\fr_2016_RURO_mnl_job_gmm,joint,L-BFGS-B,True,True,-22249.41752046381,850600,4253,92.4354944229126,True,False,1.612354296992066e+20,2,.\scripts\enhanced\enh_RURO_estimate_FR.py --mnl-base \\aff300msh.cifs.myliser.lu\ComputeShare\Hisham\EUROMOD-STORAGE\Data\processed\fr\2016\fr_2016_RURO_mnl_job_gmm --output-dir U:/Desktop/Nizam_Hisham/MNL/outputs/estimates/fr/spec/job_choice/gamspy --group joint --solver gamspy-conopt --vectorized --spec-config scripts/enhanced/estimation_spec_job_M2c.yaml --warm-start U:/Desktop/Nizam_Hisham/MNL/outputs/estimates/fr/spec/job_choice/gamspy/run_2026-02-11_14-46-29/estimation_results.json --auto-timestamp --verbose
outputs\estimates\fr\spec\job_choice\gamspy\estimation_spec_job_M2c\run_2026-02-19_11-46-04,2026-02-19T11:48:58.825481,job_choice_M2c_leisure,scripts/enhanced/estimation_spec_job_M2c.yaml,\\aff300msh.cifs.myliser.lu\ComputeShare\Hisham\EUROMOD-STORAGE\Data\processed\fr\2016\fr_2016_RURO_mnl_job_gmm,joint,L-BFGS-B,True,True,-22250.21893389667,850600,4253,103.57287502288818,True,False,10092218.945113758,1,.\scripts\enhanced\enh_RURO_estimate_FR.py --mnl-base \\aff300msh.cifs.myliser.lu\ComputeShare\Hisham\EUROMOD-STORAGE\Data\processed\fr\2016\fr_2016_RURO_mnl_job_gmm --output-dir U:/Desktop/Nizam_Hisham/MNL/outputs/estimates/fr/spec/job_choice/gamspy --group joint --solver gamspy-conopt --vectorized --spec-config scripts/enhanced/estimation_spec_job_M2c.yaml --warm-start none --auto-timestamp --verbose
outputs\estimates\fr\spec\job_choice\gamspy\estimation_spec_job_M2c\run_2026-02-19_13-19-11,2026-02-19T13:22:01.495243,job_choice_M2c_leisure,scripts/enhanced/estimation_spec_job_M2c.yaml,\\aff300msh.cifs.myliser.lu\ComputeShare\Hisham\EUROMOD-STORAGE\Data\processed\fr\2016\fr_2016_RURO_mnl_job_gmm,joint,L-BFGS-B,True,True,-22250.21893389667,850600,4253,101.52376675605774,True,False,10092218.945113758,1,.\scripts\enhanced\enh_RURO_estimate_FR.py --mnl-base \\aff300msh.cifs.myliser.lu\ComputeShare\Hisham\EUROMOD-STORAGE\Data\processed\fr\2016\fr_2016_RURO_mnl_job_gmm --output-dir U:/Desktop/Nizam_Hisham/MNL/outputs/estimates/fr/spec/job_choice/gamspy --group joint --solver gamspy-conopt --vectorized --spec-config scripts/enhanced/estimation_spec_job_M2c.yaml --warm-start none --auto-timestamp --verbose
outputs\estimates\fr\spec\job_choice\gamspy\estimation_spec_job_M2c\run_2026-02-19_13-37-33,2026-02-19T13:40:16.643354,job_choice_M2c_leisure,scripts/enhanced/estimation_spec_job_M2c.yaml,\\aff300msh.cifs.myliser.lu\ComputeShare\Hisham\EUROMOD-STORAGE\Data\processed\fr\2016\fr_2016_RURO_mnl_job_gmm,joint,L-BFGS-B,True,True,-22251.013468244142,850600,4253,95.52949786186218,True,False,10094555.135590183,0,.\scripts\enhanced\enh_RURO_estimate_FR.py --mnl-base \\aff300msh.cifs.myliser.lu\ComputeShare\Hisham\EUROMOD-STORAGE\Data\processed\fr\2016\fr_2016_RURO_mnl_job_gmm --output-dir U:/Desktop/Nizam_Hisham/MNL/outputs/estimates/fr/spec/job_choice/gamspy --group joint --solver gamspy-conopt --vectorized --spec-config scripts/enhanced/estimation_spec_job_M2c.yaml --warm-start none --auto-timestamp --verbose
outputs\estimates\fr\spec\job_choice\gamspy\estimation_spec_job_M2d_type\run_2026-02-19_15-10-31,2026-02-19T15:30:52.028722,gsur,scripts/enhanced/estimation_spec_job_M2d_type.yaml,\\aff300msh.cifs.myliser.lu\ComputeShare\Hisham\EUROMOD-STORAGE\Data\processed\fr\2016\fr_2016_RURO_mnl_job_gmm,joint,L-BFGS-B,True,True,-22648.255818903133,850600,4253,1096.847008228302,True,True,8.205545591933382e+35,1,.\scripts\enhanced\enh_RURO_estimate_FR.py --mnl-base \\aff300msh.cifs.myliser.lu\ComputeShare\Hisham\EUROMOD-STORAGE\Data\processed\fr\2016\fr_2016_RURO_mnl_job_gmm --output-dir U:/Desktop/Nizam_Hisham/MNL/outputs/estimates/fr/spec/job_choice/gamspy --group joint --solver gamspy-conopt --vectorized --spec-config scripts/enhanced/estimation_spec_job_M2d_type.yaml --warm-start none --auto-timestamp --verbose
outputs\estimates\fr\spec\job_choice\gamspy\estimation_spec_job_M2d_type\run_2026-02-19_16-20-59,2026-02-19T16:37:56.172886,gsur,scripts/enhanced/estimation_spec_job_M2d_type.yaml,\\aff300msh.cifs.myliser.lu\ComputeShare\Hisham\EUROMOD-STORAGE\Data\processed\fr\2016\fr_2016_RURO_mnl_job_gmm,joint,L-BFGS-B,True,True,-22648.255818903133,850600,4253,917.9854173660278,True,True,1269709.9701561972,0,.\scripts\enhanced\enh_RURO_estimate_FR.py --mnl-base \\aff300msh.cifs.myliser.lu\ComputeShare\Hisham\EUROMOD-STORAGE\Data\processed\fr\2016\fr_2016_RURO_mnl_job_gmm --output-dir U:/Desktop/Nizam_Hisham/MNL/outputs/estimates/fr/spec/job_choice/gamspy --group joint --solver gamspy-conopt --vectorized --spec-config scripts/enhanced/estimation_spec_job_M2d_type.yaml --warm-start none --auto-timestamp --verbose
outputs\estimates\fr\spec\job_choice\gamspy\estimation_spec_job_M2e_a\run_2026-02-20_10-04-46,2026-02-20T10:31:09.181807,gsur,scripts/enhanced/estimation_spec_job_M2e_a.yaml,\\aff300msh.cifs.myliser.lu\ComputeShare\Hisham\EUROMOD-STORAGE\Data\processed\fr\2016\fr_2016_RURO_mnl_job_gmm,joint,L-BFGS-B,True,True,-21717.816694391484,850600,4253,1414.0814337730408,True,True,1335265.636845157,0,.\scripts\enhanced\enh_RURO_estimate_FR.py --mnl-base \\aff300msh.cifs.myliser.lu\ComputeShare\Hisham\EUROMOD-STORAGE\Data\processed\fr\2016\fr_2016_RURO_mnl_job_gmm --output-dir U:/Desktop/Nizam_Hisham/MNL/outputs/estimates/fr/spec/job_choice/gamspy --group joint --solver gamspy-conopt --vectorized --spec-config scripts/enhanced/estimation_spec_job_M2e_a.yaml --warm-start none --auto-timestamp --verbose
outputs\estimates\fr\spec\job_choice\gamspy\estimation_spec_job_M2e_b\run_2026-02-20_11-24-37,2026-02-20T11:51:26.845431,gsur,scripts/enhanced/estimation_spec_job_M2e_b.yaml,\\aff300msh.cifs.myliser.lu\ComputeShare\Hisham\EUROMOD-STORAGE\Data\processed\fr\2016\fr_2016_RURO_mnl_job_gmm,joint,L-BFGS-B,True,True,-22161.052283305202,850600,4253,1433.0437152385712,True,True,1288265.6927163422,0,.\scripts\enhanced\enh_RURO_estimate_FR.py --mnl-base \\aff300msh.cifs.myliser.lu\ComputeShare\Hisham\EUROMOD-STORAGE\Data\processed\fr\2016\fr_2016_RURO_mnl_job_gmm --output-dir U:/Desktop/Nizam_Hisham/MNL/outputs/estimates/fr/spec/job_choice/gamspy --group joint --solver gamspy-conopt --vectorized --spec-config scripts/enhanced/estimation_spec_job_M2e_b.yaml --warm-start none --auto-timestamp --verbose
outputs\estimates\fr\spec\job_choice\gamspy\estimation_spec_job_M2e_hours\run_2026-02-20_09-28-35,2026-02-20T09:45:13.053463,gsur,scripts/enhanced/estimation_spec_job_M2e_hours.yaml,\\aff300msh.cifs.myliser.lu\ComputeShare\Hisham\EUROMOD-STORAGE\Data\processed\fr\2016\fr_2016_RURO_mnl_job_gmm,joint,L-BFGS-B,True,True,-22264.04084023756,850600,4253,894.1743240356445,True,True,1199071.672139968,0,.\scripts\enhanced\enh_RURO_estimate_FR.py --mnl-base \\aff300msh.cifs.myliser.lu\ComputeShare\Hisham\EUROMOD-STORAGE\Data\processed\fr\2016\fr_2016_RURO_mnl_job_gmm --output-dir U:/Desktop/Nizam_Hisham/MNL/outputs/estimates/fr/spec/job_choice/gamspy --group joint --solver gamspy-conopt --vectorized --spec-config scripts/enhanced/estimation_spec_job_M2e_hours.yaml --warm-start none --auto-timestamp --verbose
outputs\estimates\fr\spec\job_choice\gamspy\estimation_spec_job_M2f_hybrid\run_2026-02-19_16-55-27,2026-02-19T17:26:24.345014,gsur,scripts/enhanced/estimation_spec_job_M2f_hybrid.yaml,\\aff300msh.cifs.myliser.lu\ComputeShare\Hisham\EUROMOD-STORAGE\Data\processed\fr\2016\fr_2016_RURO_mnl_job_gmm,joint,L-BFGS-B,True,True,-22164.128284014296,850600,4253,1676.3784680366516,True,True,1307899.1307529777,0,.\scripts\enhanced\enh_RURO_estimate_FR.py --mnl-base \\aff300msh.cifs.myliser.lu\ComputeShare\Hisham\EUROMOD-STORAGE\Data\processed\fr\2016\fr_2016_RURO_mnl_job_gmm --output-dir U:/Desktop/Nizam_Hisham/MNL/outputs/estimates/fr/spec/job_choice/gamspy --group joint --solver gamspy-conopt --vectorized --spec-config scripts/enhanced/estimation_spec_job_M2f_hybrid.yaml --warm-start U:/Desktop/Nizam_Hisham/MNL/outputs/estimates/fr/spec/job_choice/gamspy/run_2026-02-19_16-20-59/estimation_results.json --auto-timestamp --verbose
outputs\estimates\fr\spec\job_choice\gamspy\estimation_spec_job_M2g_unified_opportunity\run_2026-02-20_10-18-58,2026-02-20T10:52:11.273612,gsur,scripts/enhanced/estimation_spec_job_M2g_unified_opportunity.yaml,\\aff300msh.cifs.myliser.lu\ComputeShare\Hisham\EUROMOD-STORAGE\Data\processed\fr\2016\fr_2016_RURO_mnl_job_gmm,joint,L-BFGS-B,True,True,-21723.48466487782,850600,4253,1783.9199142456055,True,True,1325623.2627828475,0,.\scripts\enhanced\enh_RURO_estimate_FR.py --mnl-base \\aff300msh.cifs.myliser.lu\ComputeShare\Hisham\EUROMOD-STORAGE\Data\processed\fr\2016\fr_2016_RURO_mnl_job_gmm --output-dir U:/Desktop/Nizam_Hisham/MNL/outputs/estimates/fr/spec/job_choice/gamspy --group joint --solver gamspy-conopt --vectorized --spec-config scripts/enhanced/estimation_spec_job_M2g_unified_opportunity.yaml --warm-start U:/Desktop/Nizam_Hisham/MNL/outputs/estimates/fr/spec/job_choice/gamspy/run_2026-02-19_16-55-27/estimation_results.json --auto-timestamp --verbose
outputs\estimates\fr\spec\job_choice\gamspy\estimation_spec_job_M2h_pruned\run_2026-02-20_11-25-18,2026-02-20T11:50:11.271293,gsur,scripts/enhanced/estimation_spec_job_M2h_pruned.yaml,\\aff300msh.cifs.myliser.lu\ComputeShare\Hisham\EUROMOD-STORAGE\Data\processed\fr\2016\fr_2016_RURO_mnl_job_gmm,joint,L-BFGS-B,True,True,-22203.60961836936,850600,4253,1329.2220306396484,True,True,1283955.7999209973,0,.\scripts\enhanced\enh_RURO_estimate_FR.py --mnl-base \\aff300msh.cifs.myliser.lu\ComputeShare\Hisham\EUROMOD-STORAGE\Data\processed\fr\2016\fr_2016_RURO_mnl_job_gmm --output-dir U:/Desktop/Nizam_Hisham/MNL/outputs/estimates/fr/spec/job_choice/gamspy --group joint --solver gamspy-conopt --vectorized --spec-config scripts/enhanced/estimation_spec_job_M2h_pruned.yaml --warm-start U:/Desktop/Nizam_Hisham/MNL/outputs/estimates/fr/spec/job_choice/gamspy/estimation_spec_job_M2e_a/run_2026-02-20_10-04-46/estimation_results.json --auto-timestamp --verbose
outputs\estimates\fr\spec\job_choice\gamspy\estimation_spec_job_choice_v0_id_enhanced\run_2026-02-05_14-48-48,2026-02-05T14:50:47.631813,job_choice_v0_id_enhanced,scripts/enhanced/estimation_spec_job_choice_v0_id_enhanced.yaml,Z:/hisham/EUROMOD-STORAGE/Data/processed/fr/2016/fr_2016_RURO_mnl_job,joint,L-BFGS-B,True,True,-21268.509317685945,425300,4253,96.81087803840637,,,,4,scripts/enhanced/enh_RURO_estimate_FR.py --mnl-base Z:/hisham/EUROMOD-STORAGE/Data/processed/fr/2016/fr_2016_RURO_mnl_job --output-dir U:/Desktop/Nizam_Hisham/MNL/outputs/estimates/fr/spec/job_choice/gamspy --group joint --solver gamspy-conopt --vectorized --spec-config scripts/enhanced/estimation_spec_job_choice_v0_id_enhanced.yaml --warm-start none --auto-timestamp --verbose
outputs\estimates\fr\spec\job_choice\gamspy\estimation_spec_job_choice_v0_id_strict\run_2026-02-05_11-26-02,2026-02-05T11:27:03.975776,job_choice_v0_plus_id_strict,scripts/enhanced/estimation_spec_job_choice_v0_id_strict.yaml,Z:/hisham/EUROMOD-STORAGE/Data/processed/fr/2016/fr_2016_RURO_mnl_job,joint,L-BFGS-B,True,True,-24364.096716826047,425300,4253,33.20395827293396,,,,4,scripts/enhanced/enh_RURO_estimate_FR.py --mnl-base Z:/hisham/EUROMOD-STORAGE/Data/processed/fr/2016/fr_2016_RURO_mnl_job --output-dir U:/Desktop/Nizam_Hisham/MNL/outputs/estimates/fr/spec/job_choice/gamspy --group joint --solver gamspy-ipopt --vectorized --spec-config scripts/enhanced/estimation_spec_job_choice_v0_id_strict.yaml --warm-start none --auto-timestamp --verbose
outputs\estimates\fr\spec\job_choice\gamspy\estimation_spec_job_choice_v0_id_strict\run_2026-02-05_11-36-48,2026-02-05T11:38:36.725545,job_choice_v0_plus_id_strict,scripts/enhanced/estimation_spec_job_choice_v0_id_strict.yaml,Z:/hisham/EUROMOD-STORAGE/Data/processed/fr/2016/fr_2016_RURO_mnl_job,joint,L-BFGS-B,True,True,-24364.09671683854,425300,4253,81.1042320728302,,,,2,scripts/enhanced/enh_RURO_estimate_FR.py --mnl-base Z:/hisham/EUROMOD-STORAGE/Data/processed/fr/2016/fr_2016_RURO_mnl_job --output-dir U:/Desktop/Nizam_Hisham/MNL/outputs/estimates/fr/spec/job_choice/gamspy --group joint --solver gamspy-conopt --vectorized --spec-config scripts/enhanced/estimation_spec_job_choice_v0_id_strict.yaml --warm-start none --auto-timestamp --verbose
outputs\estimates\fr\spec\job_choice\gamspy\estimation_spec_job_choice_v0_minimal\run_2026-02-04_21-02-19,2026-02-04T21:02:59.325785,job_choice_v0_minimal_stable,U:/Desktop/Nizam_Hisham/MNL/scripts/enhanced/estimation_spec_job_choice_v0_minimal.yaml,Z:/hisham/EUROMOD-STORAGE/Data/processed/fr/2016/fr_2016_RURO_mnl_job,joint,L-BFGS-B,True,True,-9707.369203792357,425300,4253,36.06023955345154,,,,,scripts/enhanced/enh_RURO_estimate_FR.py --mnl-base Z:/hisham/EUROMOD-STORAGE/Data/processed/fr/2016/fr_2016_RURO_mnl_job --output-dir U:/Desktop/Nizam_Hisham/MNL/outputs/estimates/fr/spec/job_choice/gamspy --group joint --solver gamspy-conopt --vectorized --spec-config U:/Desktop/Nizam_Hisham/MNL/scripts/enhanced/estimation_spec_job_choice_v0_minimal.yaml --warm-start none --skip-se --auto-timestamp --verbose
outputs\estimates\fr\spec\job_choice\gamspy\estimation_spec_job_choice_v0_minimal\run_2026-02-04_23-33-58,2026-02-04T23:35:37.384583,job_choice_v0_minimal_stable,scripts/enhanced/estimation_spec_job_choice_v0_minimal.yaml,Z:/hisham/EUROMOD-STORAGE/Data/processed/fr/2016/fr_2016_RURO_mnl_job,joint,L-BFGS-B,True,True,-24603.35500275586,425300,4253,79.71925663948059,,,,2,scripts/enhanced/enh_RURO_estimate_FR.py --mnl-base Z:/hisham/EUROMOD-STORAGE/Data/processed/fr/2016/fr_2016_RURO_mnl_job --output-dir U:/Desktop/Nizam_Hisham/MNL/outputs/estimates/fr/spec/job_choice/gamspy --group joint --solver gamspy-conopt --vectorized --spec-config scripts/enhanced/estimation_spec_job_choice_v0_minimal.yaml --warm-start none --auto-timestamp --verbose
outputs\estimates\fr\spec\job_choice\gamspy\estimation_spec_job_choice_v0_plus\run_2026-02-05_00-01-13,2026-02-05T00:04:25.898595,job_choice_v0_plus_stable,scripts/enhanced/estimation_spec_job_choice_v0_plus.yaml,Z:/hisham/EUROMOD-STORAGE/Data/processed/fr/2016/fr_2016_RURO_mnl_job,joint,L-BFGS-B,True,True,-22411.571820428217,425300,4253,162.51922225952148,,,,7,scripts/enhanced/enh_RURO_estimate_FR.py --mnl-base Z:/hisham/EUROMOD-STORAGE/Data/processed/fr/2016/fr_2016_RURO_mnl_job --output-dir U:/Desktop/Nizam_Hisham/MNL/outputs/estimates/fr/spec/job_choice/gamspy --group joint --solver gamspy-conopt --vectorized --spec-config scripts/enhanced/estimation_spec_job_choice_v0_plus.yaml --warm-start U:/Desktop/Nizam_Hisham/MNL/outputs/estimates/fr/spec/job_choice/gamspy/run_2026-02-04_23-33-58/estimation_results.json --auto-timestamp --verbose
outputs\estimates\fr\spec\job_choice\gamspy\estimation_spec_job_choice_v0_plus\run_2026-02-05_10-48-29,2026-02-05T10:49:47.554243,job_choice_v0_plus_stable,scripts/enhanced/estimation_spec_job_choice_v0_plus.yaml,Z:/hisham/EUROMOD-STORAGE/Data/processed/fr/2016/fr_2016_RURO_mnl_job,joint,L-BFGS-B,True,True,-22411.63831579063,425300,4253,47.406413555145264,,,,8,scripts/enhanced/enh_RURO_estimate_FR.py --mnl-base Z:/hisham/EUROMOD-STORAGE/Data/processed/fr/2016/fr_2016_RURO_mnl_job --output-dir U:/Desktop/Nizam_Hisham/MNL/outputs/estimates/fr/spec/job_choice/gamspy --group joint --solver gamspy-ipopt --vectorized --spec-config scripts/enhanced/estimation_spec_job_choice_v0_plus.yaml --warm-start none --auto-timestamp --verbose
outputs\estimates\fr\spec\job_choice\gamspy\estimation_spec_job_choice_v0_plus_b\run_2026-02-05_00-21-22,2026-02-05T00:23:18.484999,job_choice_v0_plus_b_stable_beta_cl,scripts/enhanced/estimation_spec_job_choice_v0_plus_b.yaml,Z:/hisham/EUROMOD-STORAGE/Data/processed/fr/2016/fr_2016_RURO_mnl_job,joint,L-BFGS-B,True,True,-22758.083777921718,425300,4253,89.58238816261292,,,,3,scripts/enhanced/enh_RURO_estimate_FR.py --mnl-base Z:/hisham/EUROMOD-STORAGE/Data/processed/fr/2016/fr_2016_RURO_mnl_job --output-dir U:/Desktop/Nizam_Hisham/MNL/outputs/estimates/fr/spec/job_choice/gamspy --group joint --solver gamspy-conopt --vectorized --spec-config scripts/enhanced/estimation_spec_job_choice_v0_plus_b.yaml --warm-start U:/Desktop/Nizam_Hisham/MNL/outputs/estimates/fr/spec/job_choice/gamspy/run_2026-02-05_00-01-13/estimation_results.json --auto-timestamp --verbose
outputs\estimates\fr\spec\job_choice\gamspy\estimation_spec_job_choice_v0_plus_b\run_2026-02-05_00-27-57,2026-02-05T00:32:29.489439,job_choice_v0_plus_b_stable_beta_cl,scripts/enhanced/estimation_spec_job_choice_v0_plus_b.yaml,Z:/hisham/EUROMOD-STORAGE/Data/processed/fr/2016/fr_2016_RURO_mnl_job,joint,L-BFGS-B,True,True,-22264.403091234657,425300,4253,240.579936504364,,,,6,scripts/enhanced/enh_RURO_estimate_FR.py --mnl-base Z:/hisham/EUROMOD-STORAGE/Data/processed/fr/2016/fr_2016_RURO_mnl_job --output-dir U:/Desktop/Nizam_Hisham/MNL/outputs/estimates/fr/spec/job_choice/gamspy --group joint --solver gamspy-conopt --vectorized --spec-config scripts/enhanced/estimation_spec_job_choice_v0_plus_b.yaml --warm-start U:/Desktop/Nizam_Hisham/MNL/outputs/estimates/fr/spec/job_choice/gamspy/run_2026-02-05_00-21-22/estimation_results.json --auto-timestamp --verbose
outputs\estimates\fr\spec\job_choice\gamspy\estimation_spec_job_choice_v0_plus_b\run_2026-02-05_00-48-39,2026-02-05T00:52:41.695518,job_choice_v0_plus_b_stable_beta_cl,scripts/enhanced/estimation_spec_job_choice_v0_plus_b.yaml,Z:/hisham/EUROMOD-STORAGE/Data/processed/fr/2016/fr_2016_RURO_mnl_job,joint,L-BFGS-B,True,True,-22202.225180137,425300,4253,208.24983382225037,,,,7,scripts/enhanced/enh_RURO_estimate_FR.py --mnl-base Z:/hisham/EUROMOD-STORAGE/Data/processed/fr/2016/fr_2016_RURO_mnl_job --output-dir U:/Desktop/Nizam_Hisham/MNL/outputs/estimates/fr/spec/job_choice/gamspy --group joint --solver gamspy-conopt --vectorized --spec-config scripts/enhanced/estimation_spec_job_choice_v0_plus_b.yaml --warm-start U:/Desktop/Nizam_Hisham/MNL/outputs/estimates/fr/spec/job_choice/gamspy/run_2026-02-05_00-21-22/estimation_results.json --auto-timestamp --verbose
outputs\estimates\fr\spec\job_choice\gamspy\estimation_spec_job_choice_v0_plus_b\run_2026-02-05_11-00-11,2026-02-05T11:03:15.320113,job_choice_v0_plus_b_stable_beta_cl,scripts/enhanced/estimation_spec_job_choice_v0_plus_b.yaml,Z:/hisham/EUROMOD-STORAGE/Data/processed/fr/2016/fr_2016_RURO_mnl_job,joint,L-BFGS-B,True,True,-22163.739052645687,425300,4253,150.66382908821106,,,,7,scripts/enhanced/enh_RURO_estimate_FR.py --mnl-base Z:/hisham/EUROMOD-STORAGE/Data/processed/fr/2016/fr_2016_RURO_mnl_job --output-dir U:/Desktop/Nizam_Hisham/MNL/outputs/estimates/fr/spec/job_choice/gamspy --group joint --solver gamspy-ipopt --vectorized --spec-config scripts/enhanced/estimation_spec_job_choice_v0_plus_b.yaml --warm-start U:/Desktop/Nizam_Hisham/MNL/outputs/estimates/fr/spec/job_choice/gamspy/run_2026-02-05_10-48-29/estimation_results.json --auto-timestamp --verbose
outputs\estimates\fr\spec\job_choice\gamspy\estimation_spec_job_choice_v0_plus_b\run_2026-02-05_11-07-11,2026-02-05T11:10:05.378068,job_choice_v0_plus_b_stable_beta_cl,scripts/enhanced/estimation_spec_job_choice_v0_plus_b.yaml,Z:/hisham/EUROMOD-STORAGE/Data/processed/fr/2016/fr_2016_RURO_mnl_job,joint,L-BFGS-B,True,True,-22161.639025011085,425300,4253,138.67223143577576,,,,8,scripts/enhanced/enh_RURO_estimate_FR.py --mnl-base Z:/hisham/EUROMOD-STORAGE/Data/processed/fr/2016/fr_2016_RURO_mnl_job --output-dir U:/Desktop/Nizam_Hisham/MNL/outputs/estimates/fr/spec/job_choice/gamspy --group joint --solver gamspy-ipopt --vectorized --spec-config scripts/enhanced/estimation_spec_job_choice_v0_plus_b.yaml --warm-start U:/Desktop/Nizam_Hisham/MNL/outputs/estimates/fr/spec/job_choice/gamspy/run_2026-02-05_10-48-29/estimation_results.json --auto-timestamp --verbose
outputs\estimates\fr\spec\job_choice\gamspy\estimation_spec_job_choice_v0_plus_c\run_2026-02-05_13-34-18,2026-02-05T13:39:43.127265,job_choice_v0_plus_c_opportunity_shifted,scripts/enhanced/estimation_spec_job_choice_v0_plus_c.yaml,Z:/hisham/EUROMOD-STORAGE/Data/processed/fr/2016/fr_2016_RURO_mnl_job,joint,L-BFGS-B,True,True,-22308.070805213378,425300,4253,292.26382279396057,,,,6,scripts/enhanced/enh_RURO_estimate_FR.py --mnl-base Z:/hisham/EUROMOD-STORAGE/Data/processed/fr/2016/fr_2016_RURO_mnl_job --output-dir U:/Desktop/Nizam_Hisham/MNL/outputs/estimates/fr/spec/job_choice/gamspy --group joint --solver gamspy-conopt --vectorized --spec-config scripts/enhanced/estimation_spec_job_choice_v0_plus_c.yaml --warm-start none --auto-timestamp --verbose
outputs\estimates\fr\spec\job_choice\gamspy\estimation_spec_job_choice_v1\run_2026-02-04_19-59-42,2026-02-04T20:09:35.123577,job_choice_v1_boxcox_market_opportunity,U:/Desktop/Nizam_Hisham/MNL/scripts/enhanced/estimation_spec_job_choice_v1.yaml,Z:/hisham/EUROMOD-STORAGE/Data/processed/fr/2016/fr_2016_RURO_mnl_job,joint,L-BFGS-B,True,False,0.0,850600,4253,529.1267831325531,,,,9,scripts/enhanced/enh_RURO_estimate_FR.py --mnl-base Z:/hisham/EUROMOD-STORAGE/Data/processed/fr/2016/fr_2016_RURO_mnl_job --output-dir U:/Desktop/Nizam_Hisham/MNL/outputs/estimates/fr/spec/job_choice/gamspy --group joint --solver gamspy-conopt --vectorized --spec-config U:/Desktop/Nizam_Hisham/MNL/scripts/enhanced/estimation_spec_job_choice_v1.yaml --warm-start none --auto-timestamp --verbose
outputs\estimates\fr\spec\job_choice\gamspy\estimation_spec_job_choice_v1_dummies\run_2026-02-04_16-20-22,2026-02-04T16:40:55.472356,job_choice_v1_dummies_boxcox_market_opportunity,U:/Desktop/Nizam_Hisham/MNL/scripts/enhanced/estimation_spec_job_choice_v1_dummies.yaml,Z:/hisham/EUROMOD-STORAGE/Data/processed/fr/2016/fr_2016_RURO_mnl_job,joint,L-BFGS-B,True,False,0.0,850600,4253,1165.7588548660278,,,,6,scripts/enhanced/enh_RURO_estimate_FR.py --mnl-base Z:/hisham/EUROMOD-STORAGE/Data/processed/fr/2016/fr_2016_RURO_mnl_job --output-dir U:/Desktop/Nizam_Hisham/MNL/outputs/estimates/fr/spec/job_choice/gamspy --group joint --solver gamspy-conopt --vectorized --spec-config U:/Desktop/Nizam_Hisham/MNL/scripts/enhanced/estimation_spec_job_choice_v1_dummies.yaml --warm-start none --auto-timestamp --verbose
outputs\estimates\fr\spec\v2\gamspy\run_2026-01-27_12-27-02,2026-01-27T12:48:49.590922,base_vw_v2,U:/Desktop/Nizam_Hisham/MNL/scripts/enhanced/estimation_spec_v2.yaml,Z:/hisham/EUROMOD-STORAGE/Data/processed/fr/2016/fr_2016_RURO_mnl,joint,L-BFGS-B,True,True,-6771.304865764876,425300,4253,1256.6102967262268,,,7.92105150325289e+22,5,scripts/enhanced/enh_RURO_estimate_FR.py --mnl-base Z:/hisham/EUROMOD-STORAGE/Data/processed/fr/2016/fr_2016_RURO_mnl --output-dir U:/Desktop/Nizam_Hisham/MNL/outputs/estimates/fr/spec/v2/gamspy --group joint --solver gamspy-conopt --spec-config U:/Desktop/Nizam_Hisham/MNL/scripts/enhanced/estimation_spec_v2.yaml --warm-start U:/Desktop/Nizam_Hisham/MNL/outputs/estimates/fr/spec/v2/scipy/run_2026-01-27_12-09-18/estimation_results.json --auto-timestamp --verbose
outputs\estimates\fr\spec\v2\gamspy\run_2026-01-28_11-39-59,2026-01-28T12:01:16.254030,base_vw_v2,U:/Desktop/Nizam_Hisham/MNL/scripts/enhanced/estimation_spec_v2.yaml,Z:/hisham/EUROMOD-STORAGE/Data/processed/fr/2016/fr_2016_RURO_mnl,joint,L-BFGS-B,True,True,-6771.304865764876,425300,4253,1234.201014995575,,,7.92105150325289e+22,5,scripts/enhanced/enh_RURO_estimate_FR.py --mnl-base Z:/hisham/EUROMOD-STORAGE/Data/processed/fr/2016/fr_2016_RURO_mnl --output-dir U:/Desktop/Nizam_Hisham/MNL/outputs/estimates/fr/spec/v2/gamspy --group joint --solver gamspy-conopt --spec-config U:/Desktop/Nizam_Hisham/MNL/scripts/enhanced/estimation_spec_v2.yaml --warm-start U:/Desktop/Nizam_Hisham/MNL/outputs/estimates/fr/spec/v2/scipy/run_2026-01-27_12-09-18/estimation_results.json --auto-timestamp --verbose
outputs\estimates\fr\spec\v2\gamspy\run_2026-01-28_11-57-43,2026-01-28T11:58:36.643613,base_vw_v2,U:/Desktop/Nizam_Hisham/MNL/scripts/enhanced/estimation_spec_v2.yaml,Z:/hisham/EUROMOD-STORAGE/Data/processed/fr/2016/fr_2016_RURO_mnl,singles_male,L-BFGS-B,True,True,-1902.5263277364102,76600,766,36.86123538017273,,,,15,scripts/enhanced/enh_RURO_estimate_FR.py --mnl-base Z:/hisham/EUROMOD-STORAGE/Data/processed/fr/2016/fr_2016_RURO_mnl --output-dir U:/Desktop/Nizam_Hisham/MNL/outputs/estimates/fr/spec/v2/gamspy --group singles_male --solver gamspy-conopt --vectorized --spec-config U:/Desktop/Nizam_Hisham/MNL/scripts/enhanced/estimation_spec_v2.yaml --warm-start U:/Desktop/Nizam_Hisham/MNL/outputs/estimates/fr/spec/v2/scipy/run_2026-01-27_12-09-18/estimation_results.json --auto-timestamp --verbose
outputs\estimates\fr\spec\v2\gamspy\run_2026-01-28_12-45-18,2026-01-28T12:47:02.197257,base_vw_v2,U:/Desktop/Nizam_Hisham/MNL/scripts/enhanced/estimation_spec_v2.yaml,Z:/hisham/EUROMOD-STORAGE/Data/processed/fr/2016/fr_2016_RURO_mnl,joint,L-BFGS-B,True,True,-6756.787746107846,425300,4253,56.993648052215576,,,6.801739612128385e+22,3,scripts/enhanced/enh_RURO_estimate_FR.py --mnl-base Z:/hisham/EUROMOD-STORAGE/Data/processed/fr/2016/fr_2016_RURO_mnl --output-dir U:/Desktop/Nizam_Hisham/MNL/outputs/estimates/fr/spec/v2/gamspy --group joint --solver gamspy-conopt --vectorized --spec-config U:/Desktop/Nizam_Hisham/MNL/scripts/enhanced/estimation_spec_v2.yaml --warm-start U:/Desktop/Nizam_Hisham/MNL/outputs/estimates/fr/spec/v2/scipy/run_2026-01-27_12-09-18/estimation_results.json --auto-timestamp --verbose
outputs\estimates\fr\spec\v2\gamspy\run_2026-01-28_12-52-23,2026-01-28T12:54:17.438920,base_vw_v2,U:/Desktop/Nizam_Hisham/MNL/scripts/enhanced/estimation_spec_v2.yaml,Z:/hisham/EUROMOD-STORAGE/Data/processed/fr/2016/fr_2016_RURO_mnl,joint,L-BFGS-B,True,True,-6756.787746107817,425300,4253,67.52056455612183,,,5.918639675480833e+22,2,scripts/enhanced/enh_RURO_estimate_FR.py --mnl-base Z:/hisham/EUROMOD-STORAGE/Data/processed/fr/2016/fr_2016_RURO_mnl --output-dir U:/Desktop/Nizam_Hisham/MNL/outputs/estimates/fr/spec/v2/gamspy --group joint --solver gamspy-conopt --vectorized --spec-config U:/Desktop/Nizam_Hisham/MNL/scripts/enhanced/estimation_spec_v2.yaml --warm-start none --auto-timestamp --verbose
outputs\estimates\fr\spec\v2\gamspy\run_2026-01-28_13-22-08,2026-01-28T13:44:13.695410,base_vw_v2,U:/Desktop/Nizam_Hisham/MNL/scripts/enhanced/estimation_spec_v2.yaml,Z:/hisham/EUROMOD-STORAGE/Data/processed/fr/2016/fr_2016_RURO_mnl,joint,L-BFGS-B,True,True,-6804.574131277463,425300,4253,1279.035842180252,,,2.019366229154466e+22,4,scripts/enhanced/enh_RURO_estimate_FR.py --mnl-base Z:/hisham/EUROMOD-STORAGE/Data/processed/fr/2016/fr_2016_RURO_mnl --output-dir U:/Desktop/Nizam_Hisham/MNL/outputs/estimates/fr/spec/v2/gamspy --group joint --solver gamspy-conopt --spec-config U:/Desktop/Nizam_Hisham/MNL/scripts/enhanced/estimation_spec_v2.yaml --warm-start none --auto-timestamp --verbose
outputs\estimates\fr\spec\v2\gamspy\run_2026-01-28_13-45-56,2026-01-28T13:48:31.501202,base_vw_v2,U:/Desktop/Nizam_Hisham/MNL/scripts/enhanced/estimation_spec_v2.yaml,Z:/hisham/EUROMOD-STORAGE/Data/processed/fr/2016/fr_2016_RURO_mnl,joint,L-BFGS-B,True,True,-6796.22145793862,425300,4253,101.37470126152039,,,3.2809237484513327e+22,4,scripts/enhanced/enh_RURO_estimate_FR.py --mnl-base Z:/hisham/EUROMOD-STORAGE/Data/processed/fr/2016/fr_2016_RURO_mnl --output-dir U:/Desktop/Nizam_Hisham/MNL/outputs/estimates/fr/spec/v2/gamspy --group joint --solver gamspy-conopt --vectorized --spec-config U:/Desktop/Nizam_Hisham/MNL/scripts/enhanced/estimation_spec_v2.yaml --warm-start none --auto-timestamp --verbose
outputs\estimates\fr\spec\v2\gamspy\run_2026-01-28_14-03-24,2026-01-28T14:05:50.040648,base_vw_v2,U:/Desktop/Nizam_Hisham/MNL/scripts/enhanced/estimation_spec_v2.yaml,Z:/hisham/EUROMOD-STORAGE/Data/processed/fr/2016/fr_2016_RURO_mnl,joint,L-BFGS-B,True,True,-6796.22145793862,425300,4253,102.22187733650208,,,3.2809237484513327e+22,4,scripts/enhanced/enh_RURO_estimate_FR.py --mnl-base Z:/hisham/EUROMOD-STORAGE/Data/processed/fr/2016/fr_2016_RURO_mnl --output-dir U:/Desktop/Nizam_Hisham/MNL/outputs/estimates/fr/spec/v2/gamspy --group joint --solver gamspy-conopt --vectorized --spec-config U:/Desktop/Nizam_Hisham/MNL/scripts/enhanced/estimation_spec_v2.yaml --warm-start none --auto-timestamp --verbose
outputs\estimates\fr\spec\v2\gamspy\run_2026-01-28_14-08-57,2026-01-28T14:10:31.963301,base_vw_v2,U:/Desktop/Nizam_Hisham/MNL/scripts/enhanced/estimation_spec_v2.yaml,Z:/hisham/EUROMOD-STORAGE/Data/processed/fr/2016/fr_2016_RURO_mnl,joint,L-BFGS-B,True,False,-7178.401004052343,425300,4253,51.67081952095032,,,1.626299522087417e+23,9,scripts/enhanced/enh_RURO_estimate_FR.py --mnl-base Z:/hisham/EUROMOD-STORAGE/Data/processed/fr/2016/fr_2016_RURO_mnl --output-dir U:/Desktop/Nizam_Hisham/MNL/outputs/estimates/fr/spec/v2/gamspy --group joint --solver gamspy-conopt --vectorized --spec-config U:/Desktop/Nizam_Hisham/MNL/scripts/enhanced/estimation_spec_v2.yaml --warm-start U:/Desktop/Nizam_Hisham/MNL/outputs/estimates/fr/spec/v2/gamspy/run_2026-01-28_12-45-28/estimation_results.json --auto-timestamp --verbose
outputs\estimates\fr\spec\v2\gamspy\run_2026-01-28_14-10-55,2026-01-28T14:13:29.662496,base_vw_v2,U:/Desktop/Nizam_Hisham/MNL/scripts/enhanced/estimation_spec_v2.yaml,Z:/hisham/EUROMOD-STORAGE/Data/processed/fr/2016/fr_2016_RURO_mnl,joint,L-BFGS-B,True,True,-6796.221457938635,425300,4253,111.00178837776184,,,1.478142791530957e+23,4,scripts/enhanced/enh_RURO_estimate_FR.py --mnl-base Z:/hisham/EUROMOD-STORAGE/Data/processed/fr/2016/fr_2016_RURO_mnl --output-dir U:/Desktop/Nizam_Hisham/MNL/outputs/estimates/fr/spec/v2/gamspy --group joint --solver gamspy-conopt --vectorized --spec-config U:/Desktop/Nizam_Hisham/MNL/scripts/enhanced/estimation_spec_v2.yaml --warm-start U:/Desktop/Nizam_Hisham/MNL/outputs/estimates/fr/spec/v2/gamspy/run_2026-01-28_12-45-18/estimation_results.json --auto-timestamp --verbose
outputs\estimates\fr\spec\v2\gamspy\run_2026-01-29_11-48-10,2026-01-29T11:49:49.347314,base_vw_v2,U:/Desktop/Nizam_Hisham/MNL/scripts/enhanced/estimation_spec_v2.yaml,Z:/hisham/EUROMOD-STORAGE/Data/processed/fr/2016/fr_2016_RURO_mnl,joint,L-BFGS-B,True,True,-6796.221457938635,425300,4253,41.750736236572266,,,1.478142791530957e+23,4,scripts/enhanced/enh_RURO_estimate_FR.py --mnl-base Z:/hisham/EUROMOD-STORAGE/Data/processed/fr/2016/fr_2016_RURO_mnl --output-dir U:/Desktop/Nizam_Hisham/MNL/outputs/estimates/fr/spec/v2/gamspy --group joint --solver gamspy-conopt --vectorized --spec-config U:/Desktop/Nizam_Hisham/MNL/scripts/enhanced/estimation_spec_v2.yaml --warm-start U:/Desktop/Nizam_Hisham/MNL/outputs/estimates/fr/spec/v2/gamspy/run_2026-01-28_14-10-55/estimation_results.json --auto-timestamp --verbose
outputs\estimates\fr\spec\v2\gamspy\run_2026-02-02_18-05-03,2026-02-02T18:06:48.581716,base_vw_v2,U:/Desktop/Nizam_Hisham/MNL/scripts/enhanced/estimation_spec_v2.yaml,Z:/hisham/EUROMOD-STORAGE/Data/processed/fr/2016/fr_2016_RURO_mnl,joint,L-BFGS-B,True,True,-6796.221457938635,425300,4253,41.714749813079834,,,1.478142791530957e+23,4,scripts/enhanced/enh_RURO_estimate_FR.py --mnl-base Z:/hisham/EUROMOD-STORAGE/Data/processed/fr/2016/fr_2016_RURO_mnl --output-dir U:/Desktop/Nizam_Hisham/MNL/outputs/estimates/fr/spec/v2/gamspy --group joint --solver gamspy-conopt --vectorized --spec-config U:/Desktop/Nizam_Hisham/MNL/scripts/enhanced/estimation_spec_v2.yaml --warm-start U:/Desktop/Nizam_Hisham/MNL/outputs/estimates/fr/spec/v2/gamspy/run_2026-01-28_14-10-55/estimation_results.json --auto-timestamp --verbose
outputs\estimates\fr\spec\v2\scipy\run_2026-01-27_12-09-18,2026-01-27T12:20:14.687663,base_vw_v2,scripts/enhanced/estimation_spec_v2.yaml,Z:/hisham/EUROMOD-STORAGE/Data/processed/fr/2016/fr_2016_RURO_mnl,joint,L-BFGS-B,True,True,-6821.710446592925,425300,4253,612.9426167011261,,,2.701439247605261e+26,2,.\scripts\enhanced\enh_RURO_estimate_FR.py --mnl-base Z:/hisham/EUROMOD-STORAGE/Data/processed/fr/2016/fr_2016_RURO_mnl --output-dir outputs/estimates/spec_v2 --group joint --solver scipy --method L-BFGS-B --maxiter 10000 --spec-config scripts/enhanced/estimation_spec_v2.yaml --warm-start U:/Desktop/Nizam_Hisham/MNL/outputs/estimates/fr/V1_gamspy/run_2026-01-27_11-27-43/estimation_results.json --auto-timestamp
outputs\estimates\fr\spec\v2\scipy\run_2026-01-28_13-19-18,2026-01-28T13:20:05.980813,base_vw_v2,U:/Desktop/Nizam_Hisham/MNL/scripts/enhanced/estimation_spec_v2.yaml,Z:/hisham/EUROMOD-STORAGE/Data/processed/fr/2016/fr_2016_RURO_mnl,joint,L-BFGS-B,True,True,-6756.698460278958,425300,4253,9.138652086257935,,,2.1856815857332583e+22,3,.\scripts\enhanced\enh_RURO_estimate_FR.py --mnl-base Z:/hisham/EUROMOD-STORAGE/Data/processed/fr/2016/fr_2016_RURO_mnl --output-dir U:/Desktop/Nizam_Hisham/MNL/outputs/estimates/fr/spec/v2/scipy --group joint --solver scipy --method L-BFGS-B --maxiter 10000 --spec-config U:/Desktop/Nizam_Hisham/MNL/scripts/enhanced/estimation_spec_v2.yaml --warm-start U:/Desktop/Nizam_Hisham/MNL/outputs/estimates/fr/spec/v2/gamspy/run_2026-01-28_12-52-23/estimation_results.json --auto-timestamp
outputs\estimates\fr\spec\v3\gamspy\run_2026-02-02_18-15-46,2026-02-02T18:21:55.980828,base_vw_v3_with_interaction,U:/Desktop/Nizam_Hisham/MNL/scripts/enhanced/estimation_spec_v3.yaml,Z:/hisham/EUROMOD-STORAGE/Data/processed/fr/2016/fr_2016_RURO_mnl,joint,L-BFGS-B,True,True,-6681.355626664197,425300,4253,304.8733639717102,,,2.707202818777782e+27,5,scripts/enhanced/enh_RURO_estimate_FR.py --mnl-base Z:/hisham/EUROMOD-STORAGE/Data/processed/fr/2016/fr_2016_RURO_mnl --output-dir U:/Desktop/Nizam_Hisham/MNL/outputs/estimates/fr/spec/v3/gamspy --group joint --solver gamspy-conopt --vectorized --spec-config U:/Desktop/Nizam_Hisham/MNL/scripts/enhanced/estimation_spec_v3.yaml --warm-start U:/Desktop/Nizam_Hisham/MNL/outputs/estimates/fr/spec/v2/gamspy/run_2026-01-28_14-10-55/estimation_results.json --auto-timestamp --verbose
outputs\estimates\fr\spec\v3\gamspy\run_2026-02-02_18-52-34,2026-02-02T18:56:46.219279,base_vw_v3_with_interaction,U:/Desktop/Nizam_Hisham/MNL/scripts/enhanced/estimation_spec_v3.yaml,Z:/hisham/EUROMOD-STORAGE/Data/processed/fr/2016/fr_2016_RURO_mnl,joint,L-BFGS-B,True,True,-6676.327975429202,425300,4253,192.4390344619751,,,8.424610523482667e+25,4,scripts/enhanced/enh_RURO_estimate_FR.py --mnl-base Z:/hisham/EUROMOD-STORAGE/Data/processed/fr/2016/fr_2016_RURO_mnl --output-dir U:/Desktop/Nizam_Hisham/MNL/outputs/estimates/fr/spec/v3/gamspy --group joint --solver gamspy-conopt --vectorized --spec-config U:/Desktop/Nizam_Hisham/MNL/scripts/enhanced/estimation_spec_v3.yaml --warm-start U:/Desktop/Nizam_Hisham/MNL/outputs/estimates/fr/spec/v3/gamspy/run_2026-02-02_18-15-46/estimation_results.json --auto-timestamp --verbose
outputs\estimates\fr\spec\v3\gamspy\run_2026-02-02_19-08-45,2026-02-02T19:12:18.381277,base_vw_v3_with_interaction,U:/Desktop/Nizam_Hisham/MNL/scripts/enhanced/estimation_spec_v3.yaml,Z:/hisham/EUROMOD-STORAGE/Data/processed/fr/2016/fr_2016_RURO_mnl,joint,L-BFGS-B,True,True,-6696.275824876822,425300,4253,152.4946768283844,,,9.402396194070582e+22,4,scripts/enhanced/enh_RURO_estimate_FR.py --mnl-base Z:/hisham/EUROMOD-STORAGE/Data/processed/fr/2016/fr_2016_RURO_mnl --output-dir U:/Desktop/Nizam_Hisham/MNL/outputs/estimates/fr/spec/v3/gamspy --group joint --solver gamspy-conopt --vectorized --spec-config U:/Desktop/Nizam_Hisham/MNL/scripts/enhanced/estimation_spec_v3.yaml --warm-start U:/Desktop/Nizam_Hisham/MNL/outputs/estimates/fr/spec/v3/gamspy/run_2026-02-02_18-15-46/estimation_results.json --auto-timestamp --verbose
outputs\estimates\fr\spec\v3\gamspy\run_2026-02-03_00-25-51,2026-02-03T00:29:36.527358,base_vw_v3_with_interaction,U:/Desktop/Nizam_Hisham/MNL/scripts/enhanced/estimation_spec_v3.yaml,Z:/hisham/EUROMOD-STORAGE/Data/processed/fr/2016/fr_2016_RURO_mnl,joint,L-BFGS-B,True,True,-6698.049453895699,425300,4253,162.2274191379547,,,6.618667869038722e+22,4,scripts/enhanced/enh_RURO_estimate_FR.py --mnl-base Z:/hisham/EUROMOD-STORAGE/Data/processed/fr/2016/fr_2016_RURO_mnl --output-dir U:/Desktop/Nizam_Hisham/MNL/outputs/estimates/fr/spec/v3/gamspy --group joint --solver gamspy-conopt --vectorized --spec-config U:/Desktop/Nizam_Hisham/MNL/scripts/enhanced/estimation_spec_v3.yaml --warm-start U:/Desktop/Nizam_Hisham/MNL/outputs/estimates/fr/spec/v3/gamspy/run_2026-02-02_18-15-46/estimation_results.json --auto-timestamp --verbose
outputs\estimates\fr\spec\v3\gamspy\run_2026-02-03_00-52-33,2026-02-03T00:57:07.130777,base_vw_v3_with_interaction,U:/Desktop/Nizam_Hisham/MNL/scripts/enhanced/estimation_spec_v3.yaml,Z:/hisham/EUROMOD-STORAGE/Data/processed/fr/2016/fr_2016_RURO_mnl,joint,L-BFGS-B,True,True,-6697.587959391007,425300,4253,213.02877521514893,,,2.6894481717791984e+25,5,scripts/enhanced/enh_RURO_estimate_FR.py --mnl-base Z:/hisham/EUROMOD-STORAGE/Data/processed/fr/2016/fr_2016_RURO_mnl --output-dir U:/Desktop/Nizam_Hisham/MNL/outputs/estimates/fr/spec/v3/gamspy --group joint --solver gamspy-conopt --vectorized --spec-config U:/Desktop/Nizam_Hisham/MNL/scripts/enhanced/estimation_spec_v3.yaml --warm-start U:/Desktop/Nizam_Hisham/MNL/outputs/estimates/fr/spec/v3/gamspy/run_2026-02-03_00-25-51/estimation_results.json --auto-timestamp --verbose
outputs\estimates\fr\spec\v3\gamspy\run_2026-02-05_14-11-43,2026-02-05T14:15:40.636294,base_vw_v3_with_interaction,U:/Desktop/Nizam_Hisham/MNL/scripts/enhanced/estimation_spec_v3.yaml,Z:/hisham/EUROMOD-STORAGE/Data/processed/fr/2016/fr_2016_RURO_mnl,joint,L-BFGS-B,True,True,-6608.591013943798,425300,4253,170.959969997406,,,2.4457388406456572e+27,3,scripts/enhanced/enh_RURO_estimate_FR.py --mnl-base Z:/hisham/EUROMOD-STORAGE/Data/processed/fr/2016/fr_2016_RURO_mnl --output-dir U:/Desktop/Nizam_Hisham/MNL/outputs/estimates/fr/spec/v3/gamspy --group joint --solver gamspy-conopt --vectorized --spec-config U:/Desktop/Nizam_Hisham/MNL/scripts/enhanced/estimation_spec_v3.yaml --warm-start U:/Desktop/Nizam_Hisham/MNL/outputs/estimates/fr/spec/v3/gamspy/run_2026-02-03_00-25-51/estimation_results.json --auto-timestamp --verbose
outputs\estimates\fr\spec_tests\1_minimal_theta0_scipy\run_2026-01-24_11-30-21,2026-01-24T11:30:33.181026,minimal_vw_theta0,scripts/enhanced/estimation_spec_minimal_theta0.yaml,Z:/hisham/EUROMOD-STORAGE/Data/processed/fr/2016/fr_2016_RURO_mnl,joint,L-BFGS-B,True,True,-7862.90831861128,425300,4253,4.023855686187744,,,17032.860596433886,0,scripts/enhanced/enh_RURO_estimate_FR.py --mnl-base Z:/hisham/EUROMOD-STORAGE/Data/processed/fr/2016/fr_2016_RURO_mnl --output-dir outputs/estimates/fr/spec_tests/1_minimal_theta0_scipy --group joint --solver scipy --method L-BFGS-B --maxiter 2000 --spec-config scripts/enhanced/estimation_spec_minimal_theta0.yaml --warm-start outputs/estimates/fr/minimal_theta0/2016_gamspy/run_2026-01-23_15-41-04/estimation_results.json --auto-timestamp --verbose
outputs\estimates\fr\spec_tests\2_pooled_consumption_scipy\run_2026-01-24_12-14-56,2026-01-24T12:17:51.500316,pooled_consumption,scripts/enhanced/estimation_spec_pooled_consumption.yaml,Z:/hisham/EUROMOD-STORAGE/Data/processed/fr/2016/fr_2016_RURO_mnl,joint,L-BFGS-B,True,True,-7760.397635414183,425300,4253,167.27509331703186,,,1044149.1803712248,0,scripts/enhanced/enh_RURO_estimate_FR.py --mnl-base Z:/hisham/EUROMOD-STORAGE/Data/processed/fr/2016/fr_2016_RURO_mnl --output-dir outputs/estimates/fr/spec_tests/2_pooled_consumption_scipy --group joint --solver scipy --method L-BFGS-B --maxiter 2000 --spec-config scripts/enhanced/estimation_spec_pooled_consumption.yaml --warm-start none --auto-timestamp --verbose
outputs\estimates\fr\spec_tests\3_pooled_leisure_scipy\run_2026-01-24_12-18-20,2026-01-24T12:22:10.798565,pooled_leisure_gender,scripts/enhanced/estimation_spec_pooled_leisure.yaml,Z:/hisham/EUROMOD-STORAGE/Data/processed/fr/2016/fr_2016_RURO_mnl,joint,L-BFGS-B,True,True,-7760.396412082295,425300,4253,222.70665168762207,,,1032642.2666472914,0,scripts/enhanced/enh_RURO_estimate_FR.py --mnl-base Z:/hisham/EUROMOD-STORAGE/Data/processed/fr/2016/fr_2016_RURO_mnl --output-dir outputs/estimates/fr/spec_tests/3_pooled_leisure_scipy --group joint --solver scipy --method L-BFGS-B --maxiter 2000 --spec-config scripts/enhanced/estimation_spec_pooled_leisure.yaml --warm-start none --auto-timestamp --verbose
outputs\estimates\fr\spec_tests\4_ultra_minimal_scipy\run_2026-01-24_12-18-20,2026-01-24T12:20:38.139289,ultra_minimal_log,scripts/enhanced/estimation_spec_ultra_minimal.yaml,Z:/hisham/EUROMOD-STORAGE/Data/processed/fr/2016/fr_2016_RURO_mnl,joint,L-BFGS-B,True,True,-7862.90846574848,425300,4253,124.17583417892456,,,17039.19704795148,0,scripts/enhanced/enh_RURO_estimate_FR.py --mnl-base Z:/hisham/EUROMOD-STORAGE/Data/processed/fr/2016/fr_2016_RURO_mnl --output-dir outputs/estimates/fr/spec_tests/4_ultra_minimal_scipy --group joint --solver scipy --method L-BFGS-B --maxiter 2000 --spec-config scripts/enhanced/estimation_spec_ultra_minimal.yaml --warm-start none --auto-timestamp --verbose
outputs\estimates\fr\spec_v2\run_2026-01-27_11-39-07,2026-01-27T12:06:47.425459,base_vw_v2,scripts/enhanced/estimation_spec_v2.yaml,Z:/hisham/EUROMOD-STORAGE/Data/processed/fr/2016/fr_2016_RURO_mnl,joint,L-BFGS-B,True,False,-6870.13920679526,425300,4253,1621.2943103313446,,,1.5213337003091491e+22,4,.\scripts\enhanced\enh_RURO_estimate_FR.py --mnl-base Z:/hisham/EUROMOD-STORAGE/Data/processed/fr/2016/fr_2016_RURO_mnl --output-dir outputs/estimates/spec_v2 --group joint --solver scipy --method L-BFGS-B --maxiter 2000 --spec-config scripts/enhanced/estimation_spec_v2.yaml --warm-start U:/Desktop/Nizam_Hisham/MNL/outputs/estimates/fr/minimal_theta0/2016_gamspy/run_2026-01-23_14-10-01/estimation_results.json --auto-timestamp
outputs\estimates\fr\spec_v2\run_2026-01-27_12-09-18,2026-01-27T12:20:14.687663,base_vw_v2,scripts/enhanced/estimation_spec_v2.yaml,Z:/hisham/EUROMOD-STORAGE/Data/processed/fr/2016/fr_2016_RURO_mnl,joint,L-BFGS-B,True,True,-6821.710446592925,425300,4253,612.9426167011261,,,2.701439247605261e+26,2,.\scripts\enhanced\enh_RURO_estimate_FR.py --mnl-base Z:/hisham/EUROMOD-STORAGE/Data/processed/fr/2016/fr_2016_RURO_mnl --output-dir outputs/estimates/spec_v2 --group joint --solver scipy --method L-BFGS-B --maxiter 10000 --spec-config scripts/enhanced/estimation_spec_v2.yaml --warm-start U:/Desktop/Nizam_Hisham/MNL/outputs/estimates/fr/V1_gamspy/run_2026-01-27_11-27-43/estimation_results.json --auto-timestamp
