"RunPath","RelativePath","FileCount","HasResults","HasSummary","HasDiagnostics","HasSpec","LastWriteTime"
"\\crc\users\hisham\Desktop\Nizam_Hisham\MNL\outputs\estimates\fr\simple_spec\2016_gamspy\run_2026-01-22_16-14-53","_gamspy\run_2026-01-22_16-14-53","7","True","True","False","True","22-01-26 16:28:34"
"\\crc\users\hisham\Desktop\Nizam_Hisham\MNL\outputs\estimates\fr\spec_v2\run_2026-01-27_11-39-07","-01-27_11-39-07","4","True","True","False","True","27-01-26 12:06:47"
"\\crc\users\hisham\Desktop\Nizam_Hisham\MNL\outputs\estimates\fr\spec_v2\run_2026-01-27_12-09-18","-01-27_12-09-18","4","True","True","False","True","27-01-26 12:20:14"
"\\crc\users\hisham\Desktop\Nizam_Hisham\MNL\outputs\estimates\fr\minimal_theta0\2016_gamspy\run_2026-01-23_14-10-01","016_gamspy\run_2026-01-23_14-10-01","7","True","True","False","True","23-01-26 14:29:39"
"\\crc\users\hisham\Desktop\Nizam_Hisham\MNL\outputs\estimates\fr\minimal_theta0\2016_gamspy\run_2026-01-23_14-49-16","016_gamspy\run_2026-01-23_14-49-16","7","True","True","False","True","23-01-26 14:59:18"
"\\crc\users\hisham\Desktop\Nizam_Hisham\MNL\outputs\estimates\fr\minimal_theta0\2016_gamspy\run_2026-01-23_15-41-04","016_gamspy\run_2026-01-23_15-41-04","8","True","True","False","True","23-01-26 16:06:26"
"\\crc\users\hisham\Desktop\Nizam_Hisham\MNL\outputs\estimates\fr\minimal_theta0\2016_scipy\run_2026-01-23_14-13-07","016_scipy\run_2026-01-23_14-13-07","4","True","True","False","True","23-01-26 14:14:25"
"\\crc\users\hisham\Desktop\Nizam_Hisham\MNL\outputs\estimates\fr\minimal_theta0\2016_scipy\run_2026-01-23_14-24-06","016_scipy\run_2026-01-23_14-24-06","4","True","True","False","True","23-01-26 14:25:08"
"\\crc\users\hisham\Desktop\Nizam_Hisham\MNL\outputs\estimates\fr\minimal_theta0\2016_scipy\run_2026-01-23_14-27-28","016_scipy\run_2026-01-23_14-27-28","4","True","True","False","True","23-01-26 14:27:41"
"\\crc\users\hisham\Desktop\Nizam_Hisham\MNL\outputs\estimates\fr\minimal_theta0\2016_scipy\run_2026-01-23_14-51-29","016_scipy\run_2026-01-23_14-51-29","4","True","True","False","True","23-01-26 14:51:40"
"\\crc\users\hisham\Desktop\Nizam_Hisham\MNL\outputs\estimates\fr\minimal_theta0\2016_scipy\run_2026-01-23_15-42-32","016_scipy\run_2026-01-23_15-42-32","4","True","True","False","True","23-01-26 15:42:43"
"\\crc\users\hisham\Desktop\Nizam_Hisham\MNL\outputs\estimates\fr\2016_scipy\run_2026-01-16_23-53-37","026-01-16_23-53-37","1","False","False","False","False","16-01-26 23:53:37"
"\\crc\users\hisham\Desktop\Nizam_Hisham\MNL\outputs\estimates\fr\2016_scipy\run_2026-01-17_15-20-10","026-01-17_15-20-10","1","False","False","False","False","17-01-26 15:20:10"
"\\crc\users\hisham\Desktop\Nizam_Hisham\MNL\outputs\estimates\fr\2016_scipy\run_2026-01-20_12-28-08","026-01-20_12-28-08","1","False","False","False","False","20-01-26 12:28:08"
"\\crc\users\hisham\Desktop\Nizam_Hisham\MNL\outputs\estimates\fr\2016_scipy\run_2026-01-20_12-31-49","026-01-20_12-31-49","4","True","True","False","True","20-01-26 12:44:47"
"\\crc\users\hisham\Desktop\Nizam_Hisham\MNL\outputs\estimates\fr\2016_scipy\run_2026-01-20_14-29-22","026-01-20_14-29-22","4","True","True","False","True","20-01-26 14:44:36"
"\\crc\users\hisham\Desktop\Nizam_Hisham\MNL\outputs\estimates\fr\2016_scipy\run_2026-01-20_15-11-40","026-01-20_15-11-40","4","True","True","False","True","20-01-26 15:27:05"
"\\crc\users\hisham\Desktop\Nizam_Hisham\MNL\outputs\estimates\fr\2016_gamspy\run_2026-01-16_11-35-36","2026-01-16_11-35-36","1","False","False","False","False","16-01-26 11:35:36"
"\\crc\users\hisham\Desktop\Nizam_Hisham\MNL\outputs\estimates\fr\2016_gamspy\run_2026-01-16_11-46-07","2026-01-16_11-46-07","1","False","False","False","False","16-01-26 11:46:07"
"\\crc\users\hisham\Desktop\Nizam_Hisham\MNL\outputs\estimates\fr\2016_gamspy\run_2026-01-16_11-48-57","2026-01-16_11-48-57","1","False","False","False","False","16-01-26 11:48:57"
"\\crc\users\hisham\Desktop\Nizam_Hisham\MNL\outputs\estimates\fr\2016_gamspy\run_2026-01-16_11-51-21","2026-01-16_11-51-21","1","False","False","False","False","16-01-26 11:51:21"
"\\crc\users\hisham\Desktop\Nizam_Hisham\MNL\outputs\estimates\fr\2016_gamspy\run_2026-01-16_12-01-32","2026-01-16_12-01-32","1","False","False","False","False","16-01-26 12:01:32"
"\\crc\users\hisham\Desktop\Nizam_Hisham\MNL\outputs\estimates\fr\2016_gamspy\run_2026-01-16_16-07-59","2026-01-16_16-07-59","1","False","False","False","False","16-01-26 16:07:59"
"\\crc\users\hisham\Desktop\Nizam_Hisham\MNL\outputs\estimates\fr\2016_gamspy\run_2026-01-16_16-24-38","2026-01-16_16-24-38","1","False","False","False","False","16-01-26 16:24:38"
"\\crc\users\hisham\Desktop\Nizam_Hisham\MNL\outputs\estimates\fr\2016_gamspy\run_2026-01-16_16-28-31","2026-01-16_16-28-31","1","False","False","False","False","16-01-26 16:28:31"
"\\crc\users\hisham\Desktop\Nizam_Hisham\MNL\outputs\estimates\fr\2016_gamspy\run_2026-01-16_16-53-03","2026-01-16_16-53-03","1","False","False","False","False","16-01-26 16:53:03"
"\\crc\users\hisham\Desktop\Nizam_Hisham\MNL\outputs\estimates\fr\2016_gamspy\run_2026-01-16_18-30-52","2026-01-16_18-30-52","1","False","False","False","False","16-01-26 18:30:52"
"\\crc\users\hisham\Desktop\Nizam_Hisham\MNL\outputs\estimates\fr\2016_gamspy\run_2026-01-16_18-37-23","2026-01-16_18-37-23","1","False","False","False","False","16-01-26 18:37:23"
"\\crc\users\hisham\Desktop\Nizam_Hisham\MNL\outputs\estimates\fr\2016_gamspy\run_2026-01-16_18-41-47","2026-01-16_18-41-47","1","False","False","False","False","16-01-26 18:41:47"
"\\crc\users\hisham\Desktop\Nizam_Hisham\MNL\outputs\estimates\fr\2016_gamspy\run_2026-01-16_19-10-34","2026-01-16_19-10-34","1","False","False","False","False","16-01-26 19:10:34"
"\\crc\users\hisham\Desktop\Nizam_Hisham\MNL\outputs\estimates\fr\2016_gamspy\run_2026-01-16_19-45-00","2026-01-16_19-45-00","1","False","False","False","False","16-01-26 19:45:00"
"\\crc\users\hisham\Desktop\Nizam_Hisham\MNL\outputs\estimates\fr\2016_gamspy\run_2026-01-16_19-55-17","2026-01-16_19-55-17","1","False","False","False","False","16-01-26 19:55:17"
"\\crc\users\hisham\Desktop\Nizam_Hisham\MNL\outputs\estimates\fr\2016_gamspy\run_2026-01-16_20-10-05","2026-01-16_20-10-05","6","True","False","False","True","16-01-26 20:12:46"
"\\crc\users\hisham\Desktop\Nizam_Hisham\MNL\outputs\estimates\fr\2016_gamspy\run_2026-01-16_20-22-31","2026-01-16_20-22-31","7","True","True","False","True","16-01-26 20:25:08"
"\\crc\users\hisham\Desktop\Nizam_Hisham\MNL\outputs\estimates\fr\2016_gamspy\run_2026-01-17_01-24-03","2026-01-17_01-24-03","1","False","False","False","False","17-01-26 01:24:03"
"\\crc\users\hisham\Desktop\Nizam_Hisham\MNL\outputs\estimates\fr\2016_gamspy\run_2026-01-17_09-11-59","2026-01-17_09-11-59","1","False","False","False","False","17-01-26 09:11:59"
"\\crc\users\hisham\Desktop\Nizam_Hisham\MNL\outputs\estimates\fr\2016_gamspy\run_2026-01-17_09-26-49","2026-01-17_09-26-49","1","False","False","False","False","17-01-26 09:26:49"
"\\crc\users\hisham\Desktop\Nizam_Hisham\MNL\outputs\estimates\fr\2016_gamspy\run_2026-01-17_09-42-32","2026-01-17_09-42-32","1","False","False","False","False","17-01-26 09:42:32"
"\\crc\users\hisham\Desktop\Nizam_Hisham\MNL\outputs\estimates\fr\2016_gamspy\run_2026-01-17_09-55-53","2026-01-17_09-55-53","1","False","False","False","False","17-01-26 09:55:53"
"\\crc\users\hisham\Desktop\Nizam_Hisham\MNL\outputs\estimates\fr\2016_gamspy\run_2026-01-17_10-09-26","2026-01-17_10-09-26","7","True","True","False","True","17-01-26 10:16:57"
"\\crc\users\hisham\Desktop\Nizam_Hisham\MNL\outputs\estimates\fr\2016_gamspy\run_2026-01-17_14-43-21","2026-01-17_14-43-21","1","False","False","False","False","17-01-26 14:43:21"
"\\crc\users\hisham\Desktop\Nizam_Hisham\MNL\outputs\estimates\fr\2016_gamspy\run_2026-01-17_14-53-16","2026-01-17_14-53-16","7","True","True","False","True","17-01-26 14:59:25"
"\\crc\users\hisham\Desktop\Nizam_Hisham\MNL\outputs\estimates\fr\2016_gamspy\run_2026-01-17_15-09-45","2026-01-17_15-09-45","1","False","False","False","False","17-01-26 15:09:45"
"\\crc\users\hisham\Desktop\Nizam_Hisham\MNL\outputs\estimates\fr\2016_gamspy\run_2026-01-17_15-10-15","2026-01-17_15-10-15","7","True","True","False","True","17-01-26 15:15:50"
"\\crc\users\hisham\Desktop\Nizam_Hisham\MNL\outputs\estimates\fr\2016_gamspy\run_2026-01-17_19-29-22","2026-01-17_19-29-22","1","False","False","False","False","17-01-26 19:29:22"
"\\crc\users\hisham\Desktop\Nizam_Hisham\MNL\outputs\estimates\fr\2016_gamspy\run_2026-01-17_19-29-40","2026-01-17_19-29-40","1","False","False","False","False","17-01-26 19:29:40"
"\\crc\users\hisham\Desktop\Nizam_Hisham\MNL\outputs\estimates\fr\2016_gamspy\run_2026-01-17_19-32-00","2026-01-17_19-32-00","1","False","False","False","False","17-01-26 19:32:00"
"\\crc\users\hisham\Desktop\Nizam_Hisham\MNL\outputs\estimates\fr\2016_gamspy\run_2026-01-17_19-42-09","2026-01-17_19-42-09","7","True","True","False","True","17-01-26 19:57:13"
"\\crc\users\hisham\Desktop\Nizam_Hisham\MNL\outputs\estimates\fr\2016_gamspy\run_2026-01-19_16-41-16","2026-01-19_16-41-16","1","False","False","False","False","19-01-26 16:41:16"
"\\crc\users\hisham\Desktop\Nizam_Hisham\MNL\outputs\estimates\fr\2016_gamspy\run_2026-01-19_16-44-20","2026-01-19_16-44-20","1","False","False","False","False","19-01-26 16:44:20"
"\\crc\users\hisham\Desktop\Nizam_Hisham\MNL\outputs\estimates\fr\2016_gamspy\run_2026-01-19_18-25-06","2026-01-19_18-25-06","1","False","False","False","False","19-01-26 18:25:06"
"\\crc\users\hisham\Desktop\Nizam_Hisham\MNL\outputs\estimates\fr\2016_gamspy\run_2026-01-19_18-28-33","2026-01-19_18-28-33","1","False","False","False","False","19-01-26 18:28:33"
"\\crc\users\hisham\Desktop\Nizam_Hisham\MNL\outputs\estimates\fr\2016_gamspy\run_2026-01-20_10-46-39","2026-01-20_10-46-39","1","False","False","False","False","20-01-26 10:46:39"
"\\crc\users\hisham\Desktop\Nizam_Hisham\MNL\outputs\estimates\fr\2016_gamspy\run_2026-01-20_11-15-28","2026-01-20_11-15-28","1","False","False","False","False","20-01-26 11:15:28"
"\\crc\users\hisham\Desktop\Nizam_Hisham\MNL\outputs\estimates\fr\2016_gamspy\run_2026-01-20_11-45-14","2026-01-20_11-45-14","1","False","False","False","False","20-01-26 11:45:14"
"\\crc\users\hisham\Desktop\Nizam_Hisham\MNL\outputs\estimates\fr\2016_gamspy\run_2026-01-20_13-35-25","2026-01-20_13-35-25","1","False","False","False","False","20-01-26 13:35:25"
"\\crc\users\hisham\Desktop\Nizam_Hisham\MNL\outputs\estimates\fr\2016_gamspy\run_2026-01-20_14-05-59","2026-01-20_14-05-59","7","True","True","False","True","20-01-26 14:21:19"
"\\crc\users\hisham\Desktop\Nizam_Hisham\MNL\outputs\estimates\fr\2016_gamspy\run_2026-01-20_15-30-09","2026-01-20_15-30-09","7","True","True","False","True","20-01-26 15:49:25"
"\\crc\users\hisham\Desktop\Nizam_Hisham\MNL\outputs\estimates\fr\2016_gamspy\run_2026-01-20_15-57-10","2026-01-20_15-57-10","7","True","True","False","True","20-01-26 16:15:53"
"\\crc\users\hisham\Desktop\Nizam_Hisham\MNL\outputs\estimates\fr\2016_gamspy\run_2026-01-21_00-29-45","2026-01-21_00-29-45","1","False","False","False","False","21-01-26 00:29:45"
"\\crc\users\hisham\Desktop\Nizam_Hisham\MNL\outputs\estimates\fr\2016_gamspy\run_2026-01-21_01-01-29","2026-01-21_01-01-29","2","True","False","False","False","21-01-26 01:23:03"
"\\crc\users\hisham\Desktop\Nizam_Hisham\MNL\outputs\estimates\fr\2016_gamspy\run_2026-01-21_10-59-49","2026-01-21_10-59-49","2","True","False","False","False","21-01-26 11:17:57"
"\\crc\users\hisham\Desktop\Nizam_Hisham\MNL\outputs\estimates\fr\2016_gamspy\run_2026-01-22_00-51-46","2026-01-22_00-51-46","7","True","True","False","True","22-01-26 01:09:36"
"\\crc\users\hisham\Desktop\Nizam_Hisham\MNL\outputs\estimates\fr\2016_gamspy\run_2026-01-22_13-38-57","2026-01-22_13-38-57","7","True","True","False","True","22-01-26 13:56:47"
"\\crc\users\hisham\Desktop\Nizam_Hisham\MNL\outputs\estimates\fr\2016_gamspy\run_2026-01-22_14-37-07","2026-01-22_14-37-07","1","False","False","False","False","22-01-26 14:37:07"
"\\crc\users\hisham\Desktop\Nizam_Hisham\MNL\outputs\estimates\fr\2016_gamspy\run_2026-01-22_15-27-38","2026-01-22_15-27-38","1","False","False","False","False","22-01-26 15:27:38"
"\\crc\users\hisham\Desktop\Nizam_Hisham\MNL\outputs\estimates\fr\2016_gamspy\run_2026-01-22_15-32-40","2026-01-22_15-32-40","7","True","True","False","True","22-01-26 15:47:29"
"\\crc\users\hisham\Desktop\Nizam_Hisham\MNL\outputs\estimates\fr\V1_gamspy\run_2026-01-27_11-27-43","26-01-27_11-27-43","7","True","True","False","True","27-01-26 11:56:52"
"\\crc\users\hisham\Desktop\Nizam_Hisham\MNL\outputs\estimates\fr\minimal_spec\2016_gamspy\run_2026-01-23_11-01-01","6_gamspy\run_2026-01-23_11-01-01","7","True","True","False","True","23-01-26 11:11:46"
"\\crc\users\hisham\Desktop\Nizam_Hisham\MNL\outputs\estimates\fr\2016_gamspy_fixed\run_2026-01-18_10-48-35","d\run_2026-01-18_10-48-35","1","False","False","False","False","18-01-26 10:48:35"
"\\crc\users\hisham\Desktop\Nizam_Hisham\MNL\outputs\estimates\fr\2016_gamspy_fixed\run_2026-01-18_10-50-19","d\run_2026-01-18_10-50-19","1","False","False","False","False","18-01-26 10:50:19"
"\\crc\users\hisham\Desktop\Nizam_Hisham\MNL\outputs\estimates\fr\2016_gamspy_fixed\run_2026-01-18_10-51-31","d\run_2026-01-18_10-51-31","1","False","False","False","False","18-01-26 10:51:31"
"\\crc\users\hisham\Desktop\Nizam_Hisham\MNL\outputs\estimates\fr\2016_gamspy_fixed\run_2026-01-18_10-55-25","d\run_2026-01-18_10-55-25","7","True","True","False","True","18-01-26 11:13:49"
"\\crc\users\hisham\Desktop\Nizam_Hisham\MNL\outputs\estimates\fr\spec\job_choice\gamspy\estimation_spec_job_choice_v0_id_enhanced\run_2026-02-05_14-48-48","gamspy\estimation_spec_job_choice_v0_id_enhanced\run_2026-02-05_14-48-48","7","True","True","False","True","20-02-26 11:02:29"
"\\crc\users\hisham\Desktop\Nizam_Hisham\MNL\outputs\estimates\fr\spec\job_choice\gamspy\estimation_spec_job_choice_v0_id_strict\run_2026-02-05_11-26-02","gamspy\estimation_spec_job_choice_v0_id_strict\run_2026-02-05_11-26-02","7","True","True","False","True","20-02-26 11:02:29"
"\\crc\users\hisham\Desktop\Nizam_Hisham\MNL\outputs\estimates\fr\spec\job_choice\gamspy\estimation_spec_job_choice_v0_id_strict\run_2026-02-05_11-36-48","gamspy\estimation_spec_job_choice_v0_id_strict\run_2026-02-05_11-36-48","7","True","True","False","True","20-02-26 11:02:29"
"\\crc\users\hisham\Desktop\Nizam_Hisham\MNL\outputs\estimates\fr\spec\job_choice\gamspy\estimation_spec_job_choice_v0_minimal\run_2026-02-04_21-02-19","gamspy\estimation_spec_job_choice_v0_minimal\run_2026-02-04_21-02-19","7","True","True","False","True","20-02-26 11:02:29"
"\\crc\users\hisham\Desktop\Nizam_Hisham\MNL\outputs\estimates\fr\spec\job_choice\gamspy\estimation_spec_job_choice_v0_minimal\run_2026-02-04_23-33-58","gamspy\estimation_spec_job_choice_v0_minimal\run_2026-02-04_23-33-58","7","True","True","False","True","20-02-26 11:02:29"
"\\crc\users\hisham\Desktop\Nizam_Hisham\MNL\outputs\estimates\fr\spec\job_choice\gamspy\estimation_spec_job_choice_v0_plus\run_2026-02-05_00-01-13","gamspy\estimation_spec_job_choice_v0_plus\run_2026-02-05_00-01-13","7","True","True","False","True","20-02-26 11:02:29"
"\\crc\users\hisham\Desktop\Nizam_Hisham\MNL\outputs\estimates\fr\spec\job_choice\gamspy\estimation_spec_job_choice_v0_plus\run_2026-02-05_10-48-29","gamspy\estimation_spec_job_choice_v0_plus\run_2026-02-05_10-48-29","7","True","True","False","True","20-02-26 11:02:29"
"\\crc\users\hisham\Desktop\Nizam_Hisham\MNL\outputs\estimates\fr\spec\job_choice\gamspy\estimation_spec_job_choice_v0_plus_b\run_2026-02-05_00-21-22","gamspy\estimation_spec_job_choice_v0_plus_b\run_2026-02-05_00-21-22","7","True","True","False","True","20-02-26 11:02:29"
"\\crc\users\hisham\Desktop\Nizam_Hisham\MNL\outputs\estimates\fr\spec\job_choice\gamspy\estimation_spec_job_choice_v0_plus_b\run_2026-02-05_00-27-57","gamspy\estimation_spec_job_choice_v0_plus_b\run_2026-02-05_00-27-57","7","True","True","False","True","20-02-26 11:02:29"
"\\crc\users\hisham\Desktop\Nizam_Hisham\MNL\outputs\estimates\fr\spec\job_choice\gamspy\estimation_spec_job_choice_v0_plus_b\run_2026-02-05_00-48-39","gamspy\estimation_spec_job_choice_v0_plus_b\run_2026-02-05_00-48-39","7","True","True","False","True","20-02-26 11:02:29"
"\\crc\users\hisham\Desktop\Nizam_Hisham\MNL\outputs\estimates\fr\spec\job_choice\gamspy\estimation_spec_job_choice_v0_plus_b\run_2026-02-05_11-00-11","gamspy\estimation_spec_job_choice_v0_plus_b\run_2026-02-05_11-00-11","7","True","True","False","True","20-02-26 11:02:29"
"\\crc\users\hisham\Desktop\Nizam_Hisham\MNL\outputs\estimates\fr\spec\job_choice\gamspy\estimation_spec_job_choice_v0_plus_b\run_2026-02-05_11-07-11","gamspy\estimation_spec_job_choice_v0_plus_b\run_2026-02-05_11-07-11","7","True","True","False","True","20-02-26 11:02:29"
"\\crc\users\hisham\Desktop\Nizam_Hisham\MNL\outputs\estimates\fr\spec\job_choice\gamspy\estimation_spec_job_choice_v0_plus_c\run_2026-02-05_13-34-18","gamspy\estimation_spec_job_choice_v0_plus_c\run_2026-02-05_13-34-18","7","True","True","False","True","20-02-26 11:02:29"
"\\crc\users\hisham\Desktop\Nizam_Hisham\MNL\outputs\estimates\fr\spec\job_choice\gamspy\estimation_spec_job_choice_v1\run_2026-02-04_19-59-42","gamspy\estimation_spec_job_choice_v1\run_2026-02-04_19-59-42","7","True","True","False","True","20-02-26 11:02:29"
"\\crc\users\hisham\Desktop\Nizam_Hisham\MNL\outputs\estimates\fr\spec\job_choice\gamspy\estimation_spec_job_choice_v1_dummies\run_2026-02-04_16-20-22","gamspy\estimation_spec_job_choice_v1_dummies\run_2026-02-04_16-20-22","7","True","True","False","True","20-02-26 11:02:29"
"\\crc\users\hisham\Desktop\Nizam_Hisham\MNL\outputs\estimates\fr\spec\job_choice\gamspy\estimation_spec_job_M0\run_2026-02-05_15-38-28","gamspy\estimation_spec_job_M0\run_2026-02-05_15-38-28","8","True","True","True","True","20-02-26 11:02:29"
"\\crc\users\hisham\Desktop\Nizam_Hisham\MNL\outputs\estimates\fr\spec\job_choice\gamspy\estimation_spec_job_M0\run_2026-02-08_22-27-15","gamspy\estimation_spec_job_M0\run_2026-02-08_22-27-15","9","True","True","True","True","20-02-26 11:02:29"
"\\crc\users\hisham\Desktop\Nizam_Hisham\MNL\outputs\estimates\fr\spec\job_choice\gamspy\estimation_spec_job_M1\run_2026-02-05_16-19-19","gamspy\estimation_spec_job_M1\run_2026-02-05_16-19-19","8","True","True","True","True","20-02-26 11:02:29"
"\\crc\users\hisham\Desktop\Nizam_Hisham\MNL\outputs\estimates\fr\spec\job_choice\gamspy\estimation_spec_job_M1\run_2026-02-05_16-22-00","gamspy\estimation_spec_job_M1\run_2026-02-05_16-22-00","8","True","True","True","True","20-02-26 11:02:29"
"\\crc\users\hisham\Desktop\Nizam_Hisham\MNL\outputs\estimates\fr\spec\job_choice\gamspy\estimation_spec_job_M1\run_2026-02-05_16-42-16","gamspy\estimation_spec_job_M1\run_2026-02-05_16-42-16","8","True","True","True","True","20-02-26 11:02:29"
"\\crc\users\hisham\Desktop\Nizam_Hisham\MNL\outputs\estimates\fr\spec\job_choice\gamspy\estimation_spec_job_M1\run_2026-02-05_16-44-46","gamspy\estimation_spec_job_M1\run_2026-02-05_16-44-46","8","True","True","True","True","20-02-26 11:02:29"
"\\crc\users\hisham\Desktop\Nizam_Hisham\MNL\outputs\estimates\fr\spec\job_choice\gamspy\estimation_spec_job_M1\run_2026-02-05_16-47-04","gamspy\estimation_spec_job_M1\run_2026-02-05_16-47-04","8","True","True","True","True","20-02-26 11:02:29"
"\\crc\users\hisham\Desktop\Nizam_Hisham\MNL\outputs\estimates\fr\spec\job_choice\gamspy\estimation_spec_job_M1\run_2026-02-05_16-50-11","gamspy\estimation_spec_job_M1\run_2026-02-05_16-50-11","8","True","True","True","True","20-02-26 11:02:29"
"\\crc\users\hisham\Desktop\Nizam_Hisham\MNL\outputs\estimates\fr\spec\job_choice\gamspy\estimation_spec_job_M1\run_2026-02-05_16-59-58","gamspy\estimation_spec_job_M1\run_2026-02-05_16-59-58","8","True","True","True","True","20-02-26 11:02:29"
"\\crc\users\hisham\Desktop\Nizam_Hisham\MNL\outputs\estimates\fr\spec\job_choice\gamspy\estimation_spec_job_M1\run_2026-02-08_22-39-59","gamspy\estimation_spec_job_M1\run_2026-02-08_22-39-59","9","True","True","True","True","20-02-26 11:02:29"
"\\crc\users\hisham\Desktop\Nizam_Hisham\MNL\outputs\estimates\fr\spec\job_choice\gamspy\estimation_spec_job_M2\run_2026-02-05_17-06-41","gamspy\estimation_spec_job_M2\run_2026-02-05_17-06-41","8","True","True","True","True","20-02-26 11:02:29"
"\\crc\users\hisham\Desktop\Nizam_Hisham\MNL\outputs\estimates\fr\spec\job_choice\gamspy\estimation_spec_job_M2\run_2026-02-05_22-46-35","gamspy\estimation_spec_job_M2\run_2026-02-05_22-46-35","8","True","True","True","True","20-02-26 11:02:29"
"\\crc\users\hisham\Desktop\Nizam_Hisham\MNL\outputs\estimates\fr\spec\job_choice\gamspy\estimation_spec_job_M2\run_2026-02-08_22-52-23","gamspy\estimation_spec_job_M2\run_2026-02-08_22-52-23","9","True","True","True","True","20-02-26 11:02:29"
"\\crc\users\hisham\Desktop\Nizam_Hisham\MNL\outputs\estimates\fr\spec\job_choice\gamspy\estimation_spec_job_M2\run_2026-02-08_23-28-46","gamspy\estimation_spec_job_M2\run_2026-02-08_23-28-46","8","True","True","True","True","20-02-26 11:02:29"
"\\crc\users\hisham\Desktop\Nizam_Hisham\MNL\outputs\estimates\fr\spec\job_choice\gamspy\estimation_spec_job_M2\run_2026-02-08_23-40-55","gamspy\estimation_spec_job_M2\run_2026-02-08_23-40-55","9","True","True","True","True","20-02-26 11:02:29"
"\\crc\users\hisham\Desktop\Nizam_Hisham\MNL\outputs\estimates\fr\spec\job_choice\gamspy\estimation_spec_job_M2\run_2026-02-08_23-58-54","gamspy\estimation_spec_job_M2\run_2026-02-08_23-58-54","9","True","True","True","True","20-02-26 11:02:29"
"\\crc\users\hisham\Desktop\Nizam_Hisham\MNL\outputs\estimates\fr\spec\job_choice\gamspy\estimation_spec_job_M2\run_2026-02-10_10-06-29","gamspy\estimation_spec_job_M2\run_2026-02-10_10-06-29","9","True","True","True","True","20-02-26 11:02:29"
"\\crc\users\hisham\Desktop\Nizam_Hisham\MNL\outputs\estimates\fr\spec\job_choice\gamspy\estimation_spec_job_M2_centered\run_2026-02-05_21-59-58","gamspy\estimation_spec_job_M2_centered\run_2026-02-05_21-59-58","8","True","True","True","True","20-02-26 11:02:29"
"\\crc\users\hisham\Desktop\Nizam_Hisham\MNL\outputs\estimates\fr\spec\job_choice\gamspy\estimation_spec_job_M2_lite\run_2026-02-05_22-33-18","gamspy\estimation_spec_job_M2_lite\run_2026-02-05_22-33-18","8","True","True","True","True","20-02-26 11:02:29"
"\\crc\users\hisham\Desktop\Nizam_Hisham\MNL\outputs\estimates\fr\spec\job_choice\gamspy\estimation_spec_job_M2_lite_scaled\run_2026-02-05_23-07-11","gamspy\estimation_spec_job_M2_lite_scaled\run_2026-02-05_23-07-11","8","True","True","True","True","20-02-26 11:02:29"
"\\crc\users\hisham\Desktop\Nizam_Hisham\MNL\outputs\estimates\fr\spec\job_choice\gamspy\estimation_spec_job_M2_scaled\run_2026-02-05_23-00-19","gamspy\estimation_spec_job_M2_scaled\run_2026-02-05_23-00-19","8","True","True","True","True","20-02-26 11:02:29"
"\\crc\users\hisham\Desktop\Nizam_Hisham\MNL\outputs\estimates\fr\spec\job_choice\gamspy\estimation_spec_job_M2b\run_2026-02-11_14-37-13","gamspy\estimation_spec_job_M2b\run_2026-02-11_14-37-13","8","True","True","True","True","20-02-26 11:02:29"
"\\crc\users\hisham\Desktop\Nizam_Hisham\MNL\outputs\estimates\fr\spec\job_choice\gamspy\estimation_spec_job_M2b\run_2026-02-11_14-40-10","gamspy\estimation_spec_job_M2b\run_2026-02-11_14-40-10","8","True","True","True","True","20-02-26 11:02:29"
"\\crc\users\hisham\Desktop\Nizam_Hisham\MNL\outputs\estimates\fr\spec\job_choice\gamspy\estimation_spec_job_M2b\run_2026-02-11_14-46-29","gamspy\estimation_spec_job_M2b\run_2026-02-11_14-46-29","8","True","True","True","True","20-02-26 11:02:29"
"\\crc\users\hisham\Desktop\Nizam_Hisham\MNL\outputs\estimates\fr\spec\job_choice\gamspy\estimation_spec_job_M2b\run_2026-02-11_15-13-14","gamspy\estimation_spec_job_M2b\run_2026-02-11_15-13-14","8","True","True","True","True","20-02-26 11:02:29"
"\\crc\users\hisham\Desktop\Nizam_Hisham\MNL\outputs\estimates\fr\spec\job_choice\gamspy\estimation_spec_job_M2b\run_2026-02-11_15-17-57","gamspy\estimation_spec_job_M2b\run_2026-02-11_15-17-57","8","True","True","True","True","20-02-26 11:02:29"
"\\crc\users\hisham\Desktop\Nizam_Hisham\MNL\outputs\estimates\fr\spec\job_choice\gamspy\estimation_spec_job_M2b\run_2026-02-19_10-20-18","gamspy\estimation_spec_job_M2b\run_2026-02-19_10-20-18","8","True","True","True","True","20-02-26 11:02:30"
"\\crc\users\hisham\Desktop\Nizam_Hisham\MNL\outputs\estimates\fr\spec\job_choice\gamspy\estimation_spec_job_M2b\run_2026-02-19_10-38-45","gamspy\estimation_spec_job_M2b\run_2026-02-19_10-38-45","8","True","True","True","True","20-02-26 11:02:30"
"\\crc\users\hisham\Desktop\Nizam_Hisham\MNL\outputs\estimates\fr\spec\job_choice\gamspy\estimation_spec_job_M2c\run_2026-02-19_10-48-35","gamspy\estimation_spec_job_M2c\run_2026-02-19_10-48-35","8","True","True","True","True","20-02-26 11:02:30"
"\\crc\users\hisham\Desktop\Nizam_Hisham\MNL\outputs\estimates\fr\spec\job_choice\gamspy\estimation_spec_job_M2c\run_2026-02-19_11-30-40","gamspy\estimation_spec_job_M2c\run_2026-02-19_11-30-40","8","True","True","True","True","20-02-26 11:02:30"
"\\crc\users\hisham\Desktop\Nizam_Hisham\MNL\outputs\estimates\fr\spec\job_choice\gamspy\estimation_spec_job_M2c\run_2026-02-19_11-46-04","gamspy\estimation_spec_job_M2c\run_2026-02-19_11-46-04","8","True","True","True","True","20-02-26 11:02:30"
"\\crc\users\hisham\Desktop\Nizam_Hisham\MNL\outputs\estimates\fr\spec\job_choice\gamspy\estimation_spec_job_M2c\run_2026-02-19_13-19-11","gamspy\estimation_spec_job_M2c\run_2026-02-19_13-19-11","8","True","True","True","True","20-02-26 11:02:30"
"\\crc\users\hisham\Desktop\Nizam_Hisham\MNL\outputs\estimates\fr\spec\job_choice\gamspy\estimation_spec_job_M2c\run_2026-02-19_13-37-33","gamspy\estimation_spec_job_M2c\run_2026-02-19_13-37-33","8","True","True","True","True","20-02-26 11:02:30"
"\\crc\users\hisham\Desktop\Nizam_Hisham\MNL\outputs\estimates\fr\spec\job_choice\gamspy\estimation_spec_job_M2d_type\run_2026-02-19_15-10-31","gamspy\estimation_spec_job_M2d_type\run_2026-02-19_15-10-31","8","True","True","True","True","20-02-26 11:02:30"
"\\crc\users\hisham\Desktop\Nizam_Hisham\MNL\outputs\estimates\fr\spec\job_choice\gamspy\estimation_spec_job_M2d_type\run_2026-02-19_16-20-59","gamspy\estimation_spec_job_M2d_type\run_2026-02-19_16-20-59","8","True","True","True","True","20-02-26 11:02:30"
"\\crc\users\hisham\Desktop\Nizam_Hisham\MNL\outputs\estimates\fr\spec\job_choice\gamspy\estimation_spec_job_M2e_a\run_2026-02-20_10-04-46","gamspy\estimation_spec_job_M2e_a\run_2026-02-20_10-04-46","8","True","True","True","True","20-02-26 11:02:30"
"\\crc\users\hisham\Desktop\Nizam_Hisham\MNL\outputs\estimates\fr\spec\job_choice\gamspy\estimation_spec_job_M2e_b\run_2026-02-20_11-24-37","gamspy\estimation_spec_job_M2e_b\run_2026-02-20_11-24-37","8","True","True","True","True","20-02-26 11:51:26"
"\\crc\users\hisham\Desktop\Nizam_Hisham\MNL\outputs\estimates\fr\spec\job_choice\gamspy\estimation_spec_job_M2e_hours\run_2026-02-20_09-28-35","gamspy\estimation_spec_job_M2e_hours\run_2026-02-20_09-28-35","8","True","True","True","True","20-02-26 11:02:30"
"\\crc\users\hisham\Desktop\Nizam_Hisham\MNL\outputs\estimates\fr\spec\job_choice\gamspy\estimation_spec_job_M2f_hybrid\run_2026-02-19_16-55-27","gamspy\estimation_spec_job_M2f_hybrid\run_2026-02-19_16-55-27","8","True","True","True","True","20-02-26 11:02:30"
"\\crc\users\hisham\Desktop\Nizam_Hisham\MNL\outputs\estimates\fr\spec\job_choice\gamspy\estimation_spec_job_M2g_unified_opportunity\run_2026-02-20_10-18-58","gamspy\estimation_spec_job_M2g_unified_opportunity\run_2026-02-20_10-18-58","8","True","True","True","True","20-02-26 11:02:30"
"\\crc\users\hisham\Desktop\Nizam_Hisham\MNL\outputs\estimates\fr\spec\job_choice\gamspy\estimation_spec_job_M2h_pruned\run_2026-02-20_11-25-18","gamspy\estimation_spec_job_M2h_pruned\run_2026-02-20_11-25-18","8","True","True","True","True","20-02-26 11:50:11"
"\\crc\users\hisham\Desktop\Nizam_Hisham\MNL\outputs\estimates\fr\spec\job_choice\gamspy\unknown_spec\run_2026-02-04_23-32-08","gamspy\unknown_spec\run_2026-02-04_23-32-08","1","False","False","False","False","20-02-26 11:01:41"
"\\crc\users\hisham\Desktop\Nizam_Hisham\MNL\outputs\estimates\fr\spec\job_choice\gamspy\unknown_spec\run_2026-02-05_21-48-01","gamspy\unknown_spec\run_2026-02-05_21-48-01","1","False","False","False","False","20-02-26 11:01:42"
"\\crc\users\hisham\Desktop\Nizam_Hisham\MNL\outputs\estimates\fr\spec\job_choice\gamspy\unknown_spec\run_2026-02-10_10-05-46","gamspy\unknown_spec\run_2026-02-10_10-05-46","1","False","False","False","False","20-02-26 11:01:42"
"\\crc\users\hisham\Desktop\Nizam_Hisham\MNL\outputs\estimates\fr\spec\job_choice\gamspy\unknown_spec\run_2026-02-10_10-06-07","gamspy\unknown_spec\run_2026-02-10_10-06-07","1","False","False","False","False","20-02-26 11:01:42"
"\\crc\users\hisham\Desktop\Nizam_Hisham\MNL\outputs\estimates\fr\spec\job_choice\gamspy\unknown_spec\run_2026-02-11_15-11-19","gamspy\unknown_spec\run_2026-02-11_15-11-19","1","False","False","False","False","20-02-26 11:01:42"
"\\crc\users\hisham\Desktop\Nizam_Hisham\MNL\outputs\estimates\fr\spec\job_choice\gamspy\unknown_spec\run_2026-02-19_10-47-05","gamspy\unknown_spec\run_2026-02-19_10-47-05","1","False","False","False","False","20-02-26 11:01:42"
"\\crc\users\hisham\Desktop\Nizam_Hisham\MNL\outputs\estimates\fr\phase2\ultra_minimal_gamspy\run_2026-01-24_12-49-00","imal_gamspy\run_2026-01-24_12-49-00","1","False","False","False","False","24-01-26 12:49:00"
"\\crc\users\hisham\Desktop\Nizam_Hisham\MNL\outputs\estimates\fr\phase2\ultra_minimal_gamspy\run_2026-01-26_10-19-18","imal_gamspy\run_2026-01-26_10-19-18","1","False","False","False","False","26-01-26 10:19:18"
"\\crc\users\hisham\Desktop\Nizam_Hisham\MNL\outputs\estimates\fr\phase2\ultra_minimal_gamspy\run_2026-01-26_10-20-56","imal_gamspy\run_2026-01-26_10-20-56","1","False","False","False","False","26-01-26 10:20:56"
"\\crc\users\hisham\Desktop\Nizam_Hisham\MNL\outputs\estimates\fr\phase2\ultra_minimal_gamspy\run_2026-01-26_10-31-10","imal_gamspy\run_2026-01-26_10-31-10","1","False","False","False","False","26-01-26 10:31:10"
"\\crc\users\hisham\Desktop\Nizam_Hisham\MNL\outputs\estimates\fr\spec_tests\1_minimal_theta0_scipy\run_2026-01-24_11-30-21","imal_theta0_scipy\run_2026-01-24_11-30-21","4","True","True","False","True","24-01-26 11:30:33"
"\\crc\users\hisham\Desktop\Nizam_Hisham\MNL\outputs\estimates\fr\phase2\pooled_leisure_gamspy\run_2026-01-24_12-49-00","isure_gamspy\run_2026-01-24_12-49-00","1","False","False","False","False","24-01-26 12:49:00"
"\\crc\users\hisham\Desktop\Nizam_Hisham\MNL\outputs\estimates\fr\phase2\pooled_leisure_gamspy\run_2026-01-26_10-20-56","isure_gamspy\run_2026-01-26_10-20-56","1","False","False","False","False","26-01-26 10:20:56"
"\\crc\users\hisham\Desktop\Nizam_Hisham\MNL\outputs\estimates\fr\phase2\pooled_leisure_gamspy\run_2026-01-26_10-31-10","isure_gamspy\run_2026-01-26_10-31-10","1","False","False","False","False","26-01-26 10:31:10"
"\\crc\users\hisham\Desktop\Nizam_Hisham\MNL\outputs\estimates\fr\spec_tests\2_pooled_consumption_scipy\run_2026-01-24_12-14-56","led_consumption_scipy\run_2026-01-24_12-14-56","4","True","True","False","True","24-01-26 12:17:51"
"\\crc\users\hisham\Desktop\Nizam_Hisham\MNL\outputs\estimates\fr\spec_tests\3_pooled_leisure_scipy\run_2026-01-24_12-18-20","led_leisure_scipy\run_2026-01-24_12-18-20","4","True","True","False","True","24-01-26 12:22:10"
"\\crc\users\hisham\Desktop\Nizam_Hisham\MNL\outputs\estimates\fr\spec\v2\scipy\run_2026-01-27_12-09-18","n_2026-01-27_12-09-18","4","True","True","False","True","27-01-26 12:22:43"
"\\crc\users\hisham\Desktop\Nizam_Hisham\MNL\outputs\estimates\fr\spec\v2\scipy\run_2026-01-28_13-19-18","n_2026-01-28_13-19-18","4","True","True","False","True","28-01-26 13:20:06"
"\\crc\users\hisham\Desktop\Nizam_Hisham\MNL\outputs\estimates\fr\spec_tests\4_ultra_minimal_scipy\run_2026-01-24_12-18-20","ra_minimal_scipy\run_2026-01-24_12-18-20","4","True","True","False","True","24-01-26 12:20:38"
"\\crc\users\hisham\Desktop\Nizam_Hisham\MNL\outputs\estimates\fr\2016_gamspy_tight\run_2026-01-18_16-55-57","t\run_2026-01-18_16-55-57","7","True","True","False","True","18-01-26 17:13:32"
"\\crc\users\hisham\Desktop\Nizam_Hisham\MNL\outputs\estimates\fr\spec\v2\gamspy\run_2026-01-27_12-27-02","un_2026-01-27_12-27-02","7","True","True","False","True","27-01-26 12:48:49"
"\\crc\users\hisham\Desktop\Nizam_Hisham\MNL\outputs\estimates\fr\spec\v2\gamspy\run_2026-01-28_11-39-59","un_2026-01-28_11-39-59","7","True","True","False","True","28-01-26 12:01:16"
"\\crc\users\hisham\Desktop\Nizam_Hisham\MNL\outputs\estimates\fr\spec\v2\gamspy\run_2026-01-28_11-57-43","un_2026-01-28_11-57-43","5","True","True","False","True","28-01-26 11:58:36"
"\\crc\users\hisham\Desktop\Nizam_Hisham\MNL\outputs\estimates\fr\spec\v2\gamspy\run_2026-01-28_12-45-18","un_2026-01-28_12-45-18","7","True","True","False","True","28-01-26 12:47:02"
"\\crc\users\hisham\Desktop\Nizam_Hisham\MNL\outputs\estimates\fr\spec\v2\gamspy\run_2026-01-28_12-52-23","un_2026-01-28_12-52-23","7","True","True","False","True","28-01-26 12:54:17"
"\\crc\users\hisham\Desktop\Nizam_Hisham\MNL\outputs\estimates\fr\spec\v2\gamspy\run_2026-01-28_13-22-08","un_2026-01-28_13-22-08","7","True","True","False","True","28-01-26 13:44:13"
"\\crc\users\hisham\Desktop\Nizam_Hisham\MNL\outputs\estimates\fr\spec\v2\gamspy\run_2026-01-28_13-45-56","un_2026-01-28_13-45-56","7","True","True","False","True","28-01-26 13:48:31"
"\\crc\users\hisham\Desktop\Nizam_Hisham\MNL\outputs\estimates\fr\spec\v2\gamspy\run_2026-01-28_14-03-24","un_2026-01-28_14-03-24","7","True","True","False","True","28-01-26 14:05:50"
"\\crc\users\hisham\Desktop\Nizam_Hisham\MNL\outputs\estimates\fr\spec\v2\gamspy\run_2026-01-28_14-08-57","un_2026-01-28_14-08-57","7","True","True","False","True","28-01-26 14:10:32"
"\\crc\users\hisham\Desktop\Nizam_Hisham\MNL\outputs\estimates\fr\spec\v2\gamspy\run_2026-01-28_14-10-55","un_2026-01-28_14-10-55","7","True","True","False","True","28-01-26 14:13:29"
"\\crc\users\hisham\Desktop\Nizam_Hisham\MNL\outputs\estimates\fr\spec\v2\gamspy\run_2026-01-29_11-48-10","un_2026-01-29_11-48-10","7","True","True","False","True","29-01-26 11:49:49"
"\\crc\users\hisham\Desktop\Nizam_Hisham\MNL\outputs\estimates\fr\spec\v2\gamspy\run_2026-02-02_18-05-03","un_2026-02-02_18-05-03","7","True","True","False","True","02-02-26 18:06:48"
"\\crc\users\hisham\Desktop\Nizam_Hisham\MNL\outputs\estimates\fr\spec\v3\gamspy\run_2026-02-02_18-15-46","un_2026-02-02_18-15-46","7","True","True","False","True","02-02-26 18:21:56"
"\\crc\users\hisham\Desktop\Nizam_Hisham\MNL\outputs\estimates\fr\spec\v3\gamspy\run_2026-02-02_18-52-34","un_2026-02-02_18-52-34","7","True","True","False","True","02-02-26 18:56:46"
"\\crc\users\hisham\Desktop\Nizam_Hisham\MNL\outputs\estimates\fr\spec\v3\gamspy\run_2026-02-02_19-08-45","un_2026-02-02_19-08-45","7","True","True","False","True","02-02-26 19:12:18"
"\\crc\users\hisham\Desktop\Nizam_Hisham\MNL\outputs\estimates\fr\spec\v3\gamspy\run_2026-02-03_00-23-08","un_2026-02-03_00-23-08","1","False","False","False","False","03-02-26 00:23:08"
"\\crc\users\hisham\Desktop\Nizam_Hisham\MNL\outputs\estimates\fr\spec\v3\gamspy\run_2026-02-03_00-25-51","un_2026-02-03_00-25-51","7","True","True","False","True","03-02-26 00:29:36"
"\\crc\users\hisham\Desktop\Nizam_Hisham\MNL\outputs\estimates\fr\spec\v3\gamspy\run_2026-02-03_00-52-33","un_2026-02-03_00-52-33","7","True","True","False","True","03-02-26 00:57:07"
"\\crc\users\hisham\Desktop\Nizam_Hisham\MNL\outputs\estimates\fr\spec\v3\gamspy\run_2026-02-05_14-11-43","un_2026-02-05_14-11-43","7","True","True","False","True","05-02-26 14:15:40"
