DATAFLOW	LAST UPDATE	freq	unit	sex	age	isced11	geo	TIME_PERIOD	OBS_VALUE	OBS_FLAG	CONF_STATUS
ESTAT:LFST_R_LFP2ACEDU(1.0)	17/04/26 11:00:00	A	THS_PER	F	Y15-74	ED0-2	FR10	2014	511.5		
ESTAT:LFST_R_LFP2ACEDU(1.0)	17/04/26 11:00:00	A	THS_PER	F	Y15-74	ED0-2	FRB0	2014	107.7		
ESTAT:LFST_R_LFP2ACEDU(1.0)	17/04/26 11:00:00	A	THS_PER	F	Y15-74	ED0-2	FRC1	2014	68.6		
ESTAT:LFST_R_LFP2ACEDU(1.0)	17/04/26 11:00:00	A	THS_PER	F	Y15-74	ED0-2	FRC2	2014	46.4		
ESTAT:LFST_R_LFP2ACEDU(1.0)	17/04/26 11:00:00	A	THS_PER	F	Y15-74	ED0-2	FRD1	2014	66.7		
ESTAT:LFST_R_LFP2ACEDU(1.0)	17/04/26 11:00:00	A	THS_PER	F	Y15-74	ED0-2	FRD2	2014	77.6		
ESTAT:LFST_R_LFP2ACEDU(1.0)	17/04/26 11:00:00	A	THS_PER	F	Y15-74	ED0-2	FRE1	2014	145.6		
ESTAT:LFST_R_LFP2ACEDU(1.0)	17/04/26 11:00:00	A	THS_PER	F	Y15-74	ED0-2	FRE2	2014	102.1		
ESTAT:LFST_R_LFP2ACEDU(1.0)	17/04/26 11:00:00	A	THS_PER	F	Y15-74	ED0-2	FRF1	2014	72.0		
ESTAT:LFST_R_LFP2ACEDU(1.0)	17/04/26 11:00:00	A	THS_PER	F	Y15-74	ED0-2	FRF2	2014	64.7		
ESTAT:LFST_R_LFP2ACEDU(1.0)	17/04/26 11:00:00	A	THS_PER	F	Y15-74	ED0-2	FRF3	2014	84.5		
ESTAT:LFST_R_LFP2ACEDU(1.0)	17/04/26 11:00:00	A	THS_PER	F	Y15-74	ED0-2	FRG0	2014	128.1		
ESTAT:LFST_R_LFP2ACEDU(1.0)	17/04/26 11:00:00	A	THS_PER	F	Y15-74	ED0-2	FRH0	2014	83.9		
ESTAT:LFST_R_LFP2ACEDU(1.0)	17/04/26 11:00:00	A	THS_PER	F	Y15-74	ED0-2	FRI1	2014	108.8		
ESTAT:LFST_R_LFP2ACEDU(1.0)	17/04/26 11:00:00	A	THS_PER	F	Y15-74	ED0-2	FRI2	2014	28.1		
ESTAT:LFST_R_LFP2ACEDU(1.0)	17/04/26 11:00:00	A	THS_PER	F	Y15-74	ED0-2	FRI3	2014	66.1		
ESTAT:LFST_R_LFP2ACEDU(1.0)	17/04/26 11:00:00	A	THS_PER	F	Y15-74	ED0-2	FRJ1	2014	98.3		
ESTAT:LFST_R_LFP2ACEDU(1.0)	17/04/26 11:00:00	A	THS_PER	F	Y15-74	ED0-2	FRJ2	2014	76.6		
ESTAT:LFST_R_LFP2ACEDU(1.0)	17/04/26 11:00:00	A	THS_PER	F	Y15-74	ED0-2	FRK1	2014	48.9		
ESTAT:LFST_R_LFP2ACEDU(1.0)	17/04/26 11:00:00	A	THS_PER	F	Y15-74	ED0-2	FRK2	2014	209.3		
ESTAT:LFST_R_LFP2ACEDU(1.0)	17/04/26 11:00:00	A	THS_PER	F	Y15-74	ED0-2	FRL0	2014	191.2		
ESTAT:LFST_R_LFP2ACEDU(1.0)	17/04/26 11:00:00	A	THS_PER	F	Y15-74	ED0-2	FRM0	2014	6.5	u	
ESTAT:LFST_R_LFP2ACEDU(1.0)	17/04/26 11:00:00	A	THS_PER	F	Y15-74	ED3_4	FR10	2014	949.1		
ESTAT:LFST_R_LFP2ACEDU(1.0)	17/04/26 11:00:00	A	THS_PER	F	Y15-74	ED3_4	FRB0	2014	242.8		
ESTAT:LFST_R_LFP2ACEDU(1.0)	17/04/26 11:00:00	A	THS_PER	F	Y15-74	ED3_4	FRC1	2014	154.2		
ESTAT:LFST_R_LFP2ACEDU(1.0)	17/04/26 11:00:00	A	THS_PER	F	Y15-74	ED3_4	FRC2	2014	115.4		
ESTAT:LFST_R_LFP2ACEDU(1.0)	17/04/26 11:00:00	A	THS_PER	F	Y15-74	ED3_4	FRD1	2014	149.9		
ESTAT:LFST_R_LFP2ACEDU(1.0)	17/04/26 11:00:00	A	THS_PER	F	Y15-74	ED3_4	FRD2	2014	172.5		
ESTAT:LFST_R_LFP2ACEDU(1.0)	17/04/26 11:00:00	A	THS_PER	F	Y15-74	ED3_4	FRE1	2014	329.5		
ESTAT:LFST_R_LFP2ACEDU(1.0)	17/04/26 11:00:00	A	THS_PER	F	Y15-74	ED3_4	FRE2	2014	181.6		
ESTAT:LFST_R_LFP2ACEDU(1.0)	17/04/26 11:00:00	A	THS_PER	F	Y15-74	ED3_4	FRF1	2014	202.5		
ESTAT:LFST_R_LFP2ACEDU(1.0)	17/04/26 11:00:00	A	THS_PER	F	Y15-74	ED3_4	FRF2	2014	125.5		
ESTAT:LFST_R_LFP2ACEDU(1.0)	17/04/26 11:00:00	A	THS_PER	F	Y15-74	ED3_4	FRF3	2014	222.8		
ESTAT:LFST_R_LFP2ACEDU(1.0)	17/04/26 11:00:00	A	THS_PER	F	Y15-74	ED3_4	FRG0	2014	379.4		
ESTAT:LFST_R_LFP2ACEDU(1.0)	17/04/26 11:00:00	A	THS_PER	F	Y15-74	ED3_4	FRH0	2014	327.1		
ESTAT:LFST_R_LFP2ACEDU(1.0)	17/04/26 11:00:00	A	THS_PER	F	Y15-74	ED3_4	FRI1	2014	332.9		
ESTAT:LFST_R_LFP2ACEDU(1.0)	17/04/26 11:00:00	A	THS_PER	F	Y15-74	ED3_4	FRI2	2014	81.3		
ESTAT:LFST_R_LFP2ACEDU(1.0)	17/04/26 11:00:00	A	THS_PER	F	Y15-74	ED3_4	FRI3	2014	189.3		
ESTAT:LFST_R_LFP2ACEDU(1.0)	17/04/26 11:00:00	A	THS_PER	F	Y15-74	ED3_4	FRJ1	2014	231.4		
ESTAT:LFST_R_LFP2ACEDU(1.0)	17/04/26 11:00:00	A	THS_PER	F	Y15-74	ED3_4	FRJ2	2014	261.2		
ESTAT:LFST_R_LFP2ACEDU(1.0)	17/04/26 11:00:00	A	THS_PER	F	Y15-74	ED3_4	FRK1	2014	122.0		
ESTAT:LFST_R_LFP2ACEDU(1.0)	17/04/26 11:00:00	A	THS_PER	F	Y15-74	ED3_4	FRK2	2014	576.6		
ESTAT:LFST_R_LFP2ACEDU(1.0)	17/04/26 11:00:00	A	THS_PER	F	Y15-74	ED3_4	FRL0	2014	425.6		
ESTAT:LFST_R_LFP2ACEDU(1.0)	17/04/26 11:00:00	A	THS_PER	F	Y15-74	ED3_4	FRM0	2014	15.9	u	
ESTAT:LFST_R_LFP2ACEDU(1.0)	17/04/26 11:00:00	A	THS_PER	F	Y15-74	ED5-8	FR10	2014	1376.0		
ESTAT:LFST_R_LFP2ACEDU(1.0)	17/04/26 11:00:00	A	THS_PER	F	Y15-74	ED5-8	FRB0	2014	186.5		
ESTAT:LFST_R_LFP2ACEDU(1.0)	17/04/26 11:00:00	A	THS_PER	F	Y15-74	ED5-8	FRC1	2014	123.0		
ESTAT:LFST_R_LFP2ACEDU(1.0)	17/04/26 11:00:00	A	THS_PER	F	Y15-74	ED5-8	FRC2	2014	77.4		
ESTAT:LFST_R_LFP2ACEDU(1.0)	17/04/26 11:00:00	A	THS_PER	F	Y15-74	ED5-8	FRD1	2014	97.1		
ESTAT:LFST_R_LFP2ACEDU(1.0)	17/04/26 11:00:00	A	THS_PER	F	Y15-74	ED5-8	FRD2	2014	135.6		
ESTAT:LFST_R_LFP2ACEDU(1.0)	17/04/26 11:00:00	A	THS_PER	F	Y15-74	ED5-8	FRE1	2014	323.0		
ESTAT:LFST_R_LFP2ACEDU(1.0)	17/04/26 11:00:00	A	THS_PER	F	Y15-74	ED5-8	FRE2	2014	108.7		
ESTAT:LFST_R_LFP2ACEDU(1.0)	17/04/26 11:00:00	A	THS_PER	F	Y15-74	ED5-8	FRF1	2014	145.7		
ESTAT:LFST_R_LFP2ACEDU(1.0)	17/04/26 11:00:00	A	THS_PER	F	Y15-74	ED5-8	FRF2	2014	80.1		
ESTAT:LFST_R_LFP2ACEDU(1.0)	17/04/26 11:00:00	A	THS_PER	F	Y15-74	ED5-8	FRF3	2014	172.5		
ESTAT:LFST_R_LFP2ACEDU(1.0)	17/04/26 11:00:00	A	THS_PER	F	Y15-74	ED5-8	FRG0	2014	285.5		
ESTAT:LFST_R_LFP2ACEDU(1.0)	17/04/26 11:00:00	A	THS_PER	F	Y15-74	ED5-8	FRH0	2014	286.1		
ESTAT:LFST_R_LFP2ACEDU(1.0)	17/04/26 11:00:00	A	THS_PER	F	Y15-74	ED5-8	FRI1	2014	276.5		
ESTAT:LFST_R_LFP2ACEDU(1.0)	17/04/26 11:00:00	A	THS_PER	F	Y15-74	ED5-8	FRI2	2014	52.8		
ESTAT:LFST_R_LFP2ACEDU(1.0)	17/04/26 11:00:00	A	THS_PER	F	Y15-74	ED5-8	FRI3	2014	120.2		
ESTAT:LFST_R_LFP2ACEDU(1.0)	17/04/26 11:00:00	A	THS_PER	F	Y15-74	ED5-8	FRJ1	2014	208.9		
ESTAT:LFST_R_LFP2ACEDU(1.0)	17/04/26 11:00:00	A	THS_PER	F	Y15-74	ED5-8	FRJ2	2014	300.1		
ESTAT:LFST_R_LFP2ACEDU(1.0)	17/04/26 11:00:00	A	THS_PER	F	Y15-74	ED5-8	FRK1	2014	94.2		
ESTAT:LFST_R_LFP2ACEDU(1.0)	17/04/26 11:00:00	A	THS_PER	F	Y15-74	ED5-8	FRK2	2014	617.1		
ESTAT:LFST_R_LFP2ACEDU(1.0)	17/04/26 11:00:00	A	THS_PER	F	Y15-74	ED5-8	FRL0	2014	461.5		
ESTAT:LFST_R_LFP2ACEDU(1.0)	17/04/26 11:00:00	A	THS_PER	F	Y15-74	ED5-8	FRM0	2014	11.5	u	
ESTAT:LFST_R_LFP2ACEDU(1.0)	17/04/26 11:00:00	A	THS_PER	F	Y15-74	NRP	FR10	2014	8.8	u	
ESTAT:LFST_R_LFP2ACEDU(1.0)	17/04/26 11:00:00	A	THS_PER	F	Y15-74	NRP	FRB0	2014	0.7	u	
ESTAT:LFST_R_LFP2ACEDU(1.0)	17/04/26 11:00:00	A	THS_PER	F	Y15-74	NRP	FRC1	2014		u	
ESTAT:LFST_R_LFP2ACEDU(1.0)	17/04/26 11:00:00	A	THS_PER	F	Y15-74	NRP	FRC2	2014	0.7	u	
ESTAT:LFST_R_LFP2ACEDU(1.0)	17/04/26 11:00:00	A	THS_PER	F	Y15-74	NRP	FRD1	2014	1.1	u	
ESTAT:LFST_R_LFP2ACEDU(1.0)	17/04/26 11:00:00	A	THS_PER	F	Y15-74	NRP	FRD2	2014	1.7	u	
ESTAT:LFST_R_LFP2ACEDU(1.0)	17/04/26 11:00:00	A	THS_PER	F	Y15-74	NRP	FRE1	2014		u	
ESTAT:LFST_R_LFP2ACEDU(1.0)	17/04/26 11:00:00	A	THS_PER	F	Y15-74	NRP	FRE2	2014	0.7	u	
ESTAT:LFST_R_LFP2ACEDU(1.0)	17/04/26 11:00:00	A	THS_PER	F	Y15-74	NRP	FRF1	2014	0.6	u	
ESTAT:LFST_R_LFP2ACEDU(1.0)	17/04/26 11:00:00	A	THS_PER	F	Y15-74	NRP	FRF2	2014		u	
ESTAT:LFST_R_LFP2ACEDU(1.0)	17/04/26 11:00:00	A	THS_PER	F	Y15-74	NRP	FRF3	2014	1.5	u	
ESTAT:LFST_R_LFP2ACEDU(1.0)	17/04/26 11:00:00	A	THS_PER	F	Y15-74	NRP	FRG0	2014	1.2	u	
ESTAT:LFST_R_LFP2ACEDU(1.0)	17/04/26 11:00:00	A	THS_PER	F	Y15-74	NRP	FRH0	2014	1.0	u	
ESTAT:LFST_R_LFP2ACEDU(1.0)	17/04/26 11:00:00	A	THS_PER	F	Y15-74	NRP	FRI1	2014	2.9	u	
ESTAT:LFST_R_LFP2ACEDU(1.0)	17/04/26 11:00:00	A	THS_PER	F	Y15-74	NRP	FRI2	2014		u	
ESTAT:LFST_R_LFP2ACEDU(1.0)	17/04/26 11:00:00	A	THS_PER	F	Y15-74	NRP	FRI3	2014		u	
ESTAT:LFST_R_LFP2ACEDU(1.0)	17/04/26 11:00:00	A	THS_PER	F	Y15-74	NRP	FRJ1	2014	2.6	u	
ESTAT:LFST_R_LFP2ACEDU(1.0)	17/04/26 11:00:00	A	THS_PER	F	Y15-74	NRP	FRJ2	2014	1.2	u	
ESTAT:LFST_R_LFP2ACEDU(1.0)	17/04/26 11:00:00	A	THS_PER	F	Y15-74	NRP	FRK1	2014	1.0	u	
ESTAT:LFST_R_LFP2ACEDU(1.0)	17/04/26 11:00:00	A	THS_PER	F	Y15-74	NRP	FRK2	2014	3.2	u	
ESTAT:LFST_R_LFP2ACEDU(1.0)	17/04/26 11:00:00	A	THS_PER	F	Y15-74	NRP	FRL0	2014	2.0	u	
ESTAT:LFST_R_LFP2ACEDU(1.0)	17/04/26 11:00:00	A	THS_PER	F	Y15-74	NRP	FRM0	2014		u	
ESTAT:LFST_R_LFP2ACEDU(1.0)	17/04/26 11:00:00	A	THS_PER	F	Y15-74	TOTAL	FR10	2014	2845.4		
ESTAT:LFST_R_LFP2ACEDU(1.0)	17/04/26 11:00:00	A	THS_PER	F	Y15-74	TOTAL	FRB0	2014	537.8		
ESTAT:LFST_R_LFP2ACEDU(1.0)	17/04/26 11:00:00	A	THS_PER	F	Y15-74	TOTAL	FRC1	2014	345.9		
ESTAT:LFST_R_LFP2ACEDU(1.0)	17/04/26 11:00:00	A	THS_PER	F	Y15-74	TOTAL	FRC2	2014	239.9		
ESTAT:LFST_R_LFP2ACEDU(1.0)	17/04/26 11:00:00	A	THS_PER	F	Y15-74	TOTAL	FRD1	2014	314.8		
ESTAT:LFST_R_LFP2ACEDU(1.0)	17/04/26 11:00:00	A	THS_PER	F	Y15-74	TOTAL	FRD2	2014	387.5		
ESTAT:LFST_R_LFP2ACEDU(1.0)	17/04/26 11:00:00	A	THS_PER	F	Y15-74	TOTAL	FRE1	2014	798.6		
ESTAT:LFST_R_LFP2ACEDU(1.0)	17/04/26 11:00:00	A	THS_PER	F	Y15-74	TOTAL	FRE2	2014	393.0		
ESTAT:LFST_R_LFP2ACEDU(1.0)	17/04/26 11:00:00	A	THS_PER	F	Y15-74	TOTAL	FRF1	2014	420.9		
ESTAT:LFST_R_LFP2ACEDU(1.0)	17/04/26 11:00:00	A	THS_PER	F	Y15-74	TOTAL	FRF2	2014	270.7		
ESTAT:LFST_R_LFP2ACEDU(1.0)	17/04/26 11:00:00	A	THS_PER	F	Y15-74	TOTAL	FRF3	2014	481.4		
ESTAT:LFST_R_LFP2ACEDU(1.0)	17/04/26 11:00:00	A	THS_PER	F	Y15-74	TOTAL	FRG0	2014	794.3		
ESTAT:LFST_R_LFP2ACEDU(1.0)	17/04/26 11:00:00	A	THS_PER	F	Y15-74	TOTAL	FRH0	2014	698.0		
ESTAT:LFST_R_LFP2ACEDU(1.0)	17/04/26 11:00:00	A	THS_PER	F	Y15-74	TOTAL	FRI1	2014	721.2		
ESTAT:LFST_R_LFP2ACEDU(1.0)	17/04/26 11:00:00	A	THS_PER	F	Y15-74	TOTAL	FRI2	2014	162.5		
ESTAT:LFST_R_LFP2ACEDU(1.0)	17/04/26 11:00:00	A	THS_PER	F	Y15-74	TOTAL	FRI3	2014	375.7		
ESTAT:LFST_R_LFP2ACEDU(1.0)	17/04/26 11:00:00	A	THS_PER	F	Y15-74	TOTAL	FRJ1	2014	541.2		
ESTAT:LFST_R_LFP2ACEDU(1.0)	17/04/26 11:00:00	A	THS_PER	F	Y15-74	TOTAL	FRJ2	2014	639.1		
ESTAT:LFST_R_LFP2ACEDU(1.0)	17/04/26 11:00:00	A	THS_PER	F	Y15-74	TOTAL	FRK1	2014	266.1		
ESTAT:LFST_R_LFP2ACEDU(1.0)	17/04/26 11:00:00	A	THS_PER	F	Y15-74	TOTAL	FRK2	2014	1406.3		
ESTAT:LFST_R_LFP2ACEDU(1.0)	17/04/26 11:00:00	A	THS_PER	F	Y15-74	TOTAL	FRL0	2014	1080.2		
ESTAT:LFST_R_LFP2ACEDU(1.0)	17/04/26 11:00:00	A	THS_PER	F	Y15-74	TOTAL	FRM0	2014	34.3	u	
ESTAT:LFST_R_LFP2ACEDU(1.0)	17/04/26 11:00:00	A	THS_PER	F	Y25-64	ED0-2	FR10	2014	475.0		
ESTAT:LFST_R_LFP2ACEDU(1.0)	17/04/26 11:00:00	A	THS_PER	F	Y25-64	ED0-2	FRB0	2014	101.0		
ESTAT:LFST_R_LFP2ACEDU(1.0)	17/04/26 11:00:00	A	THS_PER	F	Y25-64	ED0-2	FRC1	2014	62.2		
ESTAT:LFST_R_LFP2ACEDU(1.0)	17/04/26 11:00:00	A	THS_PER	F	Y25-64	ED0-2	FRC2	2014	40.8		
ESTAT:LFST_R_LFP2ACEDU(1.0)	17/04/26 11:00:00	A	THS_PER	F	Y25-64	ED0-2	FRD1	2014	61.2		
ESTAT:LFST_R_LFP2ACEDU(1.0)	17/04/26 11:00:00	A	THS_PER	F	Y25-64	ED0-2	FRD2	2014	71.1		
ESTAT:LFST_R_LFP2ACEDU(1.0)	17/04/26 11:00:00	A	THS_PER	F	Y25-64	ED0-2	FRE1	2014	132.2		
ESTAT:LFST_R_LFP2ACEDU(1.0)	17/04/26 11:00:00	A	THS_PER	F	Y25-64	ED0-2	FRE2	2014	94.0		
ESTAT:LFST_R_LFP2ACEDU(1.0)	17/04/26 11:00:00	A	THS_PER	F	Y25-64	ED0-2	FRF1	2014	63.1		
ESTAT:LFST_R_LFP2ACEDU(1.0)	17/04/26 11:00:00	A	THS_PER	F	Y25-64	ED0-2	FRF2	2014	58.6		
ESTAT:LFST_R_LFP2ACEDU(1.0)	17/04/26 11:00:00	A	THS_PER	F	Y25-64	ED0-2	FRF3	2014	73.1		
ESTAT:LFST_R_LFP2ACEDU(1.0)	17/04/26 11:00:00	A	THS_PER	F	Y25-64	ED0-2	FRG0	2014	117.5		
ESTAT:LFST_R_LFP2ACEDU(1.0)	17/04/26 11:00:00	A	THS_PER	F	Y25-64	ED0-2	FRH0	2014	77.1		
ESTAT:LFST_R_LFP2ACEDU(1.0)	17/04/26 11:00:00	A	THS_PER	F	Y25-64	ED0-2	FRI1	2014	97.8		
ESTAT:LFST_R_LFP2ACEDU(1.0)	17/04/26 11:00:00	A	THS_PER	F	Y25-64	ED0-2	FRI2	2014	23.1		
ESTAT:LFST_R_LFP2ACEDU(1.0)	17/04/26 11:00:00	A	THS_PER	F	Y25-64	ED0-2	FRI3	2014	59.5		
ESTAT:LFST_R_LFP2ACEDU(1.0)	17/04/26 11:00:00	A	THS_PER	F	Y25-64	ED0-2	FRJ1	2014	87.9		
ESTAT:LFST_R_LFP2ACEDU(1.0)	17/04/26 11:00:00	A	THS_PER	F	Y25-64	ED0-2	FRJ2	2014	69.7		
ESTAT:LFST_R_LFP2ACEDU(1.0)	17/04/26 11:00:00	A	THS_PER	F	Y25-64	ED0-2	FRK1	2014	45.6		
ESTAT:LFST_R_LFP2ACEDU(1.0)	17/04/26 11:00:00	A	THS_PER	F	Y25-64	ED0-2	FRK2	2014	184.0		
ESTAT:LFST_R_LFP2ACEDU(1.0)	17/04/26 11:00:00	A	THS_PER	F	Y25-64	ED0-2	FRL0	2014	171.2		
ESTAT:LFST_R_LFP2ACEDU(1.0)	17/04/26 11:00:00	A	THS_PER	F	Y25-64	ED0-2	FRM0	2014	5.2	u	
ESTAT:LFST_R_LFP2ACEDU(1.0)	17/04/26 11:00:00	A	THS_PER	F	Y25-64	ED3_4	FR10	2014	833.1		
ESTAT:LFST_R_LFP2ACEDU(1.0)	17/04/26 11:00:00	A	THS_PER	F	Y25-64	ED3_4	FRB0	2014	214.9		
ESTAT:LFST_R_LFP2ACEDU(1.0)	17/04/26 11:00:00	A	THS_PER	F	Y25-64	ED3_4	FRC1	2014	140.0		
ESTAT:LFST_R_LFP2ACEDU(1.0)	17/04/26 11:00:00	A	THS_PER	F	Y25-64	ED3_4	FRC2	2014	104.7		
ESTAT:LFST_R_LFP2ACEDU(1.0)	17/04/26 11:00:00	A	THS_PER	F	Y25-64	ED3_4	FRD1	2014	129.7		
ESTAT:LFST_R_LFP2ACEDU(1.0)	17/04/26 11:00:00	A	THS_PER	F	Y25-64	ED3_4	FRD2	2014	153.9		
ESTAT:LFST_R_LFP2ACEDU(1.0)	17/04/26 11:00:00	A	THS_PER	F	Y25-64	ED3_4	FRE1	2014	285.3		
ESTAT:LFST_R_LFP2ACEDU(1.0)	17/04/26 11:00:00	A	THS_PER	F	Y25-64	ED3_4	FRE2	2014	158.9		
ESTAT:LFST_R_LFP2ACEDU(1.0)	17/04/26 11:00:00	A	THS_PER	F	Y25-64	ED3_4	FRF1	2014	169.6		
ESTAT:LFST_R_LFP2ACEDU(1.0)	17/04/26 11:00:00	A	THS_PER	F	Y25-64	ED3_4	FRF2	2014	110.9		
ESTAT:LFST_R_LFP2ACEDU(1.0)	17/04/26 11:00:00	A	THS_PER	F	Y25-64	ED3_4	FRF3	2014	197.0		
ESTAT:LFST_R_LFP2ACEDU(1.0)	17/04/26 11:00:00	A	THS_PER	F	Y25-64	ED3_4	FRG0	2014	336.8		
ESTAT:LFST_R_LFP2ACEDU(1.0)	17/04/26 11:00:00	A	THS_PER	F	Y25-64	ED3_4	FRH0	2014	292.5		
ESTAT:LFST_R_LFP2ACEDU(1.0)	17/04/26 11:00:00	A	THS_PER	F	Y25-64	ED3_4	FRI1	2014	299.2		
ESTAT:LFST_R_LFP2ACEDU(1.0)	17/04/26 11:00:00	A	THS_PER	F	Y25-64	ED3_4	FRI2	2014	69.6		
ESTAT:LFST_R_LFP2ACEDU(1.0)	17/04/26 11:00:00	A	THS_PER	F	Y25-64	ED3_4	FRI3	2014	166.5		
ESTAT:LFST_R_LFP2ACEDU(1.0)	17/04/26 11:00:00	A	THS_PER	F	Y25-64	ED3_4	FRJ1	2014	204.2		
ESTAT:LFST_R_LFP2ACEDU(1.0)	17/04/26 11:00:00	A	THS_PER	F	Y25-64	ED3_4	FRJ2	2014	228.9		
ESTAT:LFST_R_LFP2ACEDU(1.0)	17/04/26 11:00:00	A	THS_PER	F	Y25-64	ED3_4	FRK1	2014	113.7		
ESTAT:LFST_R_LFP2ACEDU(1.0)	17/04/26 11:00:00	A	THS_PER	F	Y25-64	ED3_4	FRK2	2014	498.1		
ESTAT:LFST_R_LFP2ACEDU(1.0)	17/04/26 11:00:00	A	THS_PER	F	Y25-64	ED3_4	FRL0	2014	375.3		
ESTAT:LFST_R_LFP2ACEDU(1.0)	17/04/26 11:00:00	A	THS_PER	F	Y25-64	ED3_4	FRM0	2014	13.7	u	
ESTAT:LFST_R_LFP2ACEDU(1.0)	17/04/26 11:00:00	A	THS_PER	F	Y25-64	ED5-8	FR10	2014	1284.5		
ESTAT:LFST_R_LFP2ACEDU(1.0)	17/04/26 11:00:00	A	THS_PER	F	Y25-64	ED5-8	FRB0	2014	175.2		
ESTAT:LFST_R_LFP2ACEDU(1.0)	17/04/26 11:00:00	A	THS_PER	F	Y25-64	ED5-8	FRC1	2014	111.0		
ESTAT:LFST_R_LFP2ACEDU(1.0)	17/04/26 11:00:00	A	THS_PER	F	Y25-64	ED5-8	FRC2	2014	71.7		
ESTAT:LFST_R_LFP2ACEDU(1.0)	17/04/26 11:00:00	A	THS_PER	F	Y25-64	ED5-8	FRD1	2014	89.1		
ESTAT:LFST_R_LFP2ACEDU(1.0)	17/04/26 11:00:00	A	THS_PER	F	Y25-64	ED5-8	FRD2	2014	122.5		
ESTAT:LFST_R_LFP2ACEDU(1.0)	17/04/26 11:00:00	A	THS_PER	F	Y25-64	ED5-8	FRE1	2014	291.2		
ESTAT:LFST_R_LFP2ACEDU(1.0)	17/04/26 11:00:00	A	THS_PER	F	Y25-64	ED5-8	FRE2	2014	99.6		
ESTAT:LFST_R_LFP2ACEDU(1.0)	17/04/26 11:00:00	A	THS_PER	F	Y25-64	ED5-8	FRF1	2014	134.7		
ESTAT:LFST_R_LFP2ACEDU(1.0)	17/04/26 11:00:00	A	THS_PER	F	Y25-64	ED5-8	FRF2	2014	72.3		
ESTAT:LFST_R_LFP2ACEDU(1.0)	17/04/26 11:00:00	A	THS_PER	F	Y25-64	ED5-8	FRF3	2014	155.6		
ESTAT:LFST_R_LFP2ACEDU(1.0)	17/04/26 11:00:00	A	THS_PER	F	Y25-64	ED5-8	FRG0	2014	269.6		
ESTAT:LFST_R_LFP2ACEDU(1.0)	17/04/26 11:00:00	A	THS_PER	F	Y25-64	ED5-8	FRH0	2014	268.5		
ESTAT:LFST_R_LFP2ACEDU(1.0)	17/04/26 11:00:00	A	THS_PER	F	Y25-64	ED5-8	FRI1	2014	263.6		
ESTAT:LFST_R_LFP2ACEDU(1.0)	17/04/26 11:00:00	A	THS_PER	F	Y25-64	ED5-8	FRI2	2014	50.5		
ESTAT:LFST_R_LFP2ACEDU(1.0)	17/04/26 11:00:00	A	THS_PER	F	Y25-64	ED5-8	FRI3	2014	106.2		
ESTAT:LFST_R_LFP2ACEDU(1.0)	17/04/26 11:00:00	A	THS_PER	F	Y25-64	ED5-8	FRJ1	2014	197.5		
ESTAT:LFST_R_LFP2ACEDU(1.0)	17/04/26 11:00:00	A	THS_PER	F	Y25-64	ED5-8	FRJ2	2014	283.5		
ESTAT:LFST_R_LFP2ACEDU(1.0)	17/04/26 11:00:00	A	THS_PER	F	Y25-64	ED5-8	FRK1	2014	88.6		
ESTAT:LFST_R_LFP2ACEDU(1.0)	17/04/26 11:00:00	A	THS_PER	F	Y25-64	ED5-8	FRK2	2014	574.9		
ESTAT:LFST_R_LFP2ACEDU(1.0)	17/04/26 11:00:00	A	THS_PER	F	Y25-64	ED5-8	FRL0	2014	433.7		
ESTAT:LFST_R_LFP2ACEDU(1.0)	17/04/26 11:00:00	A	THS_PER	F	Y25-64	ED5-8	FRM0	2014	10.7	u	
ESTAT:LFST_R_LFP2ACEDU(1.0)	17/04/26 11:00:00	A	THS_PER	F	Y25-64	NRP	FR10	2014	7.1	u	
ESTAT:LFST_R_LFP2ACEDU(1.0)	17/04/26 11:00:00	A	THS_PER	F	Y25-64	NRP	FRB0	2014	0.6	u	
ESTAT:LFST_R_LFP2ACEDU(1.0)	17/04/26 11:00:00	A	THS_PER	F	Y25-64	NRP	FRC1	2014		u	
ESTAT:LFST_R_LFP2ACEDU(1.0)	17/04/26 11:00:00	A	THS_PER	F	Y25-64	NRP	FRC2	2014	0.6	u	
ESTAT:LFST_R_LFP2ACEDU(1.0)	17/04/26 11:00:00	A	THS_PER	F	Y25-64	NRP	FRD1	2014	1.1	u	
ESTAT:LFST_R_LFP2ACEDU(1.0)	17/04/26 11:00:00	A	THS_PER	F	Y25-64	NRP	FRD2	2014	1.7	u	
ESTAT:LFST_R_LFP2ACEDU(1.0)	17/04/26 11:00:00	A	THS_PER	F	Y25-64	NRP	FRE1	2014		u	
ESTAT:LFST_R_LFP2ACEDU(1.0)	17/04/26 11:00:00	A	THS_PER	F	Y25-64	NRP	FRE2	2014	0.7	u	
ESTAT:LFST_R_LFP2ACEDU(1.0)	17/04/26 11:00:00	A	THS_PER	F	Y25-64	NRP	FRF1	2014	0.6	u	
ESTAT:LFST_R_LFP2ACEDU(1.0)	17/04/26 11:00:00	A	THS_PER	F	Y25-64	NRP	FRF2	2014		u	
ESTAT:LFST_R_LFP2ACEDU(1.0)	17/04/26 11:00:00	A	THS_PER	F	Y25-64	NRP	FRF3	2014	1.1	u	
ESTAT:LFST_R_LFP2ACEDU(1.0)	17/04/26 11:00:00	A	THS_PER	F	Y25-64	NRP	FRG0	2014	0.9	u	
ESTAT:LFST_R_LFP2ACEDU(1.0)	17/04/26 11:00:00	A	THS_PER	F	Y25-64	NRP	FRH0	2014	0.9	u	
ESTAT:LFST_R_LFP2ACEDU(1.0)	17/04/26 11:00:00	A	THS_PER	F	Y25-64	NRP	FRI1	2014	1.6	u	
ESTAT:LFST_R_LFP2ACEDU(1.0)	17/04/26 11:00:00	A	THS_PER	F	Y25-64	NRP	FRI2	2014		u	
ESTAT:LFST_R_LFP2ACEDU(1.0)	17/04/26 11:00:00	A	THS_PER	F	Y25-64	NRP	FRI3	2014		u	
ESTAT:LFST_R_LFP2ACEDU(1.0)	17/04/26 11:00:00	A	THS_PER	F	Y25-64	NRP	FRJ1	2014	2.2	u	
ESTAT:LFST_R_LFP2ACEDU(1.0)	17/04/26 11:00:00	A	THS_PER	F	Y25-64	NRP	FRJ2	2014	1.2	u	
ESTAT:LFST_R_LFP2ACEDU(1.0)	17/04/26 11:00:00	A	THS_PER	F	Y25-64	NRP	FRK1	2014		u	
ESTAT:LFST_R_LFP2ACEDU(1.0)	17/04/26 11:00:00	A	THS_PER	F	Y25-64	NRP	FRK2	2014	2.3	u	
ESTAT:LFST_R_LFP2ACEDU(1.0)	17/04/26 11:00:00	A	THS_PER	F	Y25-64	NRP	FRL0	2014	1.9	u	
ESTAT:LFST_R_LFP2ACEDU(1.0)	17/04/26 11:00:00	A	THS_PER	F	Y25-64	NRP	FRM0	2014		u	
ESTAT:LFST_R_LFP2ACEDU(1.0)	17/04/26 11:00:00	A	THS_PER	F	Y25-64	TOTAL	FR10	2014	2599.6		
ESTAT:LFST_R_LFP2ACEDU(1.0)	17/04/26 11:00:00	A	THS_PER	F	Y25-64	TOTAL	FRB0	2014	491.6		
ESTAT:LFST_R_LFP2ACEDU(1.0)	17/04/26 11:00:00	A	THS_PER	F	Y25-64	TOTAL	FRC1	2014	313.3		
ESTAT:LFST_R_LFP2ACEDU(1.0)	17/04/26 11:00:00	A	THS_PER	F	Y25-64	TOTAL	FRC2	2014	217.8		
ESTAT:LFST_R_LFP2ACEDU(1.0)	17/04/26 11:00:00	A	THS_PER	F	Y25-64	TOTAL	FRD1	2014	281.1		
ESTAT:LFST_R_LFP2ACEDU(1.0)	17/04/26 11:00:00	A	THS_PER	F	Y25-64	TOTAL	FRD2	2014	349.2		
ESTAT:LFST_R_LFP2ACEDU(1.0)	17/04/26 11:00:00	A	THS_PER	F	Y25-64	TOTAL	FRE1	2014	709.1		
ESTAT:LFST_R_LFP2ACEDU(1.0)	17/04/26 11:00:00	A	THS_PER	F	Y25-64	TOTAL	FRE2	2014	353.2		
ESTAT:LFST_R_LFP2ACEDU(1.0)	17/04/26 11:00:00	A	THS_PER	F	Y25-64	TOTAL	FRF1	2014	368.1		
ESTAT:LFST_R_LFP2ACEDU(1.0)	17/04/26 11:00:00	A	THS_PER	F	Y25-64	TOTAL	FRF2	2014	242.2		
ESTAT:LFST_R_LFP2ACEDU(1.0)	17/04/26 11:00:00	A	THS_PER	F	Y25-64	TOTAL	FRF3	2014	426.9		
ESTAT:LFST_R_LFP2ACEDU(1.0)	17/04/26 11:00:00	A	THS_PER	F	Y25-64	TOTAL	FRG0	2014	724.8		
ESTAT:LFST_R_LFP2ACEDU(1.0)	17/04/26 11:00:00	A	THS_PER	F	Y25-64	TOTAL	FRH0	2014	639.0		
ESTAT:LFST_R_LFP2ACEDU(1.0)	17/04/26 11:00:00	A	THS_PER	F	Y25-64	TOTAL	FRI1	2014	662.2		
ESTAT:LFST_R_LFP2ACEDU(1.0)	17/04/26 11:00:00	A	THS_PER	F	Y25-64	TOTAL	FRI2	2014	143.5		
ESTAT:LFST_R_LFP2ACEDU(1.0)	17/04/26 11:00:00	A	THS_PER	F	Y25-64	TOTAL	FRI3	2014	332.4		
ESTAT:LFST_R_LFP2ACEDU(1.0)	17/04/26 11:00:00	A	THS_PER	F	Y25-64	TOTAL	FRJ1	2014	491.8		
ESTAT:LFST_R_LFP2ACEDU(1.0)	17/04/26 11:00:00	A	THS_PER	F	Y25-64	TOTAL	FRJ2	2014	583.4		
ESTAT:LFST_R_LFP2ACEDU(1.0)	17/04/26 11:00:00	A	THS_PER	F	Y25-64	TOTAL	FRK1	2014	248.4		
ESTAT:LFST_R_LFP2ACEDU(1.0)	17/04/26 11:00:00	A	THS_PER	F	Y25-64	TOTAL	FRK2	2014	1259.2		
ESTAT:LFST_R_LFP2ACEDU(1.0)	17/04/26 11:00:00	A	THS_PER	F	Y25-64	TOTAL	FRL0	2014	982.0		
ESTAT:LFST_R_LFP2ACEDU(1.0)	17/04/26 11:00:00	A	THS_PER	F	Y25-64	TOTAL	FRM0	2014	29.9	u	
ESTAT:LFST_R_LFP2ACEDU(1.0)	17/04/26 11:00:00	A	THS_PER	F	Y_GE15	ED0-2	FR10	2014	512.0		
ESTAT:LFST_R_LFP2ACEDU(1.0)	17/04/26 11:00:00	A	THS_PER	F	Y_GE15	ED0-2	FRB0	2014	107.7		
ESTAT:LFST_R_LFP2ACEDU(1.0)	17/04/26 11:00:00	A	THS_PER	F	Y_GE15	ED0-2	FRC1	2014	68.6		
ESTAT:LFST_R_LFP2ACEDU(1.0)	17/04/26 11:00:00	A	THS_PER	F	Y_GE15	ED0-2	FRC2	2014	46.4		
ESTAT:LFST_R_LFP2ACEDU(1.0)	17/04/26 11:00:00	A	THS_PER	F	Y_GE15	ED0-2	FRD1	2014	67.0		
ESTAT:LFST_R_LFP2ACEDU(1.0)	17/04/26 11:00:00	A	THS_PER	F	Y_GE15	ED0-2	FRD2	2014	78.0		
ESTAT:LFST_R_LFP2ACEDU(1.0)	17/04/26 11:00:00	A	THS_PER	F	Y_GE15	ED0-2	FRE1	2014	145.8		
ESTAT:LFST_R_LFP2ACEDU(1.0)	17/04/26 11:00:00	A	THS_PER	F	Y_GE15	ED0-2	FRE2	2014	102.1		
ESTAT:LFST_R_LFP2ACEDU(1.0)	17/04/26 11:00:00	A	THS_PER	F	Y_GE15	ED0-2	FRF1	2014	72.0		
ESTAT:LFST_R_LFP2ACEDU(1.0)	17/04/26 11:00:00	A	THS_PER	F	Y_GE15	ED0-2	FRF2	2014	64.7		
ESTAT:LFST_R_LFP2ACEDU(1.0)	17/04/26 11:00:00	A	THS_PER	F	Y_GE15	ED0-2	FRF3	2014	85.1		
ESTAT:LFST_R_LFP2ACEDU(1.0)	17/04/26 11:00:00	A	THS_PER	F	Y_GE15	ED0-2	FRG0	2014	128.1		
ESTAT:LFST_R_LFP2ACEDU(1.0)	17/04/26 11:00:00	A	THS_PER	F	Y_GE15	ED0-2	FRH0	2014	83.9		
ESTAT:LFST_R_LFP2ACEDU(1.0)	17/04/26 11:00:00	A	THS_PER	F	Y_GE15	ED0-2	FRI1	2014	109.2		
ESTAT:LFST_R_LFP2ACEDU(1.0)	17/04/26 11:00:00	A	THS_PER	F	Y_GE15	ED0-2	FRI2	2014	28.1		
ESTAT:LFST_R_LFP2ACEDU(1.0)	17/04/26 11:00:00	A	THS_PER	F	Y_GE15	ED0-2	FRI3	2014	66.1		
ESTAT:LFST_R_LFP2ACEDU(1.0)	17/04/26 11:00:00	A	THS_PER	F	Y_GE15	ED0-2	FRJ1	2014	99.0		
ESTAT:LFST_R_LFP2ACEDU(1.0)	17/04/26 11:00:00	A	THS_PER	F	Y_GE15	ED0-2	FRJ2	2014	76.6		
ESTAT:LFST_R_LFP2ACEDU(1.0)	17/04/26 11:00:00	A	THS_PER	F	Y_GE15	ED0-2	FRK1	2014	48.9		
ESTAT:LFST_R_LFP2ACEDU(1.0)	17/04/26 11:00:00	A	THS_PER	F	Y_GE15	ED0-2	FRK2	2014	210.1		
ESTAT:LFST_R_LFP2ACEDU(1.0)	17/04/26 11:00:00	A	THS_PER	F	Y_GE15	ED0-2	FRL0	2014	191.3		
ESTAT:LFST_R_LFP2ACEDU(1.0)	17/04/26 11:00:00	A	THS_PER	F	Y_GE15	ED0-2	FRM0	2014	6.5	u	
ESTAT:LFST_R_LFP2ACEDU(1.0)	17/04/26 11:00:00	A	THS_PER	F	Y_GE15	ED3_4	FR10	2014	949.9		
ESTAT:LFST_R_LFP2ACEDU(1.0)	17/04/26 11:00:00	A	THS_PER	F	Y_GE15	ED3_4	FRB0	2014	242.8		
ESTAT:LFST_R_LFP2ACEDU(1.0)	17/04/26 11:00:00	A	THS_PER	F	Y_GE15	ED3_4	FRC1	2014	154.2		
ESTAT:LFST_R_LFP2ACEDU(1.0)	17/04/26 11:00:00	A	THS_PER	F	Y_GE15	ED3_4	FRC2	2014	115.4		
ESTAT:LFST_R_LFP2ACEDU(1.0)	17/04/26 11:00:00	A	THS_PER	F	Y_GE15	ED3_4	FRD1	2014	149.9		
ESTAT:LFST_R_LFP2ACEDU(1.0)	17/04/26 11:00:00	A	THS_PER	F	Y_GE15	ED3_4	FRD2	2014	172.5		
ESTAT:LFST_R_LFP2ACEDU(1.0)	17/04/26 11:00:00	A	THS_PER	F	Y_GE15	ED3_4	FRE1	2014	329.5		
ESTAT:LFST_R_LFP2ACEDU(1.0)	17/04/26 11:00:00	A	THS_PER	F	Y_GE15	ED3_4	FRE2	2014	181.6		
ESTAT:LFST_R_LFP2ACEDU(1.0)	17/04/26 11:00:00	A	THS_PER	F	Y_GE15	ED3_4	FRF1	2014	202.7		
ESTAT:LFST_R_LFP2ACEDU(1.0)	17/04/26 11:00:00	A	THS_PER	F	Y_GE15	ED3_4	FRF2	2014	125.5		
ESTAT:LFST_R_LFP2ACEDU(1.0)	17/04/26 11:00:00	A	THS_PER	F	Y_GE15	ED3_4	FRF3	2014	222.9		
ESTAT:LFST_R_LFP2ACEDU(1.0)	17/04/26 11:00:00	A	THS_PER	F	Y_GE15	ED3_4	FRG0	2014	380.4		
ESTAT:LFST_R_LFP2ACEDU(1.0)	17/04/26 11:00:00	A	THS_PER	F	Y_GE15	ED3_4	FRH0	2014	327.1		
ESTAT:LFST_R_LFP2ACEDU(1.0)	17/04/26 11:00:00	A	THS_PER	F	Y_GE15	ED3_4	FRI1	2014	332.9		
ESTAT:LFST_R_LFP2ACEDU(1.0)	17/04/26 11:00:00	A	THS_PER	F	Y_GE15	ED3_4	FRI2	2014	81.3		
ESTAT:LFST_R_LFP2ACEDU(1.0)	17/04/26 11:00:00	A	THS_PER	F	Y_GE15	ED3_4	FRI3	2014	189.3		
ESTAT:LFST_R_LFP2ACEDU(1.0)	17/04/26 11:00:00	A	THS_PER	F	Y_GE15	ED3_4	FRJ1	2014	231.4		
ESTAT:LFST_R_LFP2ACEDU(1.0)	17/04/26 11:00:00	A	THS_PER	F	Y_GE15	ED3_4	FRJ2	2014	261.2		
ESTAT:LFST_R_LFP2ACEDU(1.0)	17/04/26 11:00:00	A	THS_PER	F	Y_GE15	ED3_4	FRK1	2014	122.0		
ESTAT:LFST_R_LFP2ACEDU(1.0)	17/04/26 11:00:00	A	THS_PER	F	Y_GE15	ED3_4	FRK2	2014	576.6		
ESTAT:LFST_R_LFP2ACEDU(1.0)	17/04/26 11:00:00	A	THS_PER	F	Y_GE15	ED3_4	FRL0	2014	425.9		
ESTAT:LFST_R_LFP2ACEDU(1.0)	17/04/26 11:00:00	A	THS_PER	F	Y_GE15	ED3_4	FRM0	2014	15.9	u	
ESTAT:LFST_R_LFP2ACEDU(1.0)	17/04/26 11:00:00	A	THS_PER	F	Y_GE15	ED5-8	FR10	2014	1376.8		
ESTAT:LFST_R_LFP2ACEDU(1.0)	17/04/26 11:00:00	A	THS_PER	F	Y_GE15	ED5-8	FRB0	2014	186.5		
ESTAT:LFST_R_LFP2ACEDU(1.0)	17/04/26 11:00:00	A	THS_PER	F	Y_GE15	ED5-8	FRC1	2014	123.0		
ESTAT:LFST_R_LFP2ACEDU(1.0)	17/04/26 11:00:00	A	THS_PER	F	Y_GE15	ED5-8	FRC2	2014	77.4		
ESTAT:LFST_R_LFP2ACEDU(1.0)	17/04/26 11:00:00	A	THS_PER	F	Y_GE15	ED5-8	FRD1	2014	97.1		
ESTAT:LFST_R_LFP2ACEDU(1.0)	17/04/26 11:00:00	A	THS_PER	F	Y_GE15	ED5-8	FRD2	2014	135.6		
ESTAT:LFST_R_LFP2ACEDU(1.0)	17/04/26 11:00:00	A	THS_PER	F	Y_GE15	ED5-8	FRE1	2014	323.0		
ESTAT:LFST_R_LFP2ACEDU(1.0)	17/04/26 11:00:00	A	THS_PER	F	Y_GE15	ED5-8	FRE2	2014	108.7		
ESTAT:LFST_R_LFP2ACEDU(1.0)	17/04/26 11:00:00	A	THS_PER	F	Y_GE15	ED5-8	FRF1	2014	145.7		
ESTAT:LFST_R_LFP2ACEDU(1.0)	17/04/26 11:00:00	A	THS_PER	F	Y_GE15	ED5-8	FRF2	2014	80.1		
ESTAT:LFST_R_LFP2ACEDU(1.0)	17/04/26 11:00:00	A	THS_PER	F	Y_GE15	ED5-8	FRF3	2014	172.5		
ESTAT:LFST_R_LFP2ACEDU(1.0)	17/04/26 11:00:00	A	THS_PER	F	Y_GE15	ED5-8	FRG0	2014	285.5		
ESTAT:LFST_R_LFP2ACEDU(1.0)	17/04/26 11:00:00	A	THS_PER	F	Y_GE15	ED5-8	FRH0	2014	286.1		
ESTAT:LFST_R_LFP2ACEDU(1.0)	17/04/26 11:00:00	A	THS_PER	F	Y_GE15	ED5-8	FRI1	2014	276.5		
ESTAT:LFST_R_LFP2ACEDU(1.0)	17/04/26 11:00:00	A	THS_PER	F	Y_GE15	ED5-8	FRI2	2014	52.8		
ESTAT:LFST_R_LFP2ACEDU(1.0)	17/04/26 11:00:00	A	THS_PER	F	Y_GE15	ED5-8	FRI3	2014	120.2		
ESTAT:LFST_R_LFP2ACEDU(1.0)	17/04/26 11:00:00	A	THS_PER	F	Y_GE15	ED5-8	FRJ1	2014	208.9		
ESTAT:LFST_R_LFP2ACEDU(1.0)	17/04/26 11:00:00	A	THS_PER	F	Y_GE15	ED5-8	FRJ2	2014	300.1		
ESTAT:LFST_R_LFP2ACEDU(1.0)	17/04/26 11:00:00	A	THS_PER	F	Y_GE15	ED5-8	FRK1	2014	94.2		
ESTAT:LFST_R_LFP2ACEDU(1.0)	17/04/26 11:00:00	A	THS_PER	F	Y_GE15	ED5-8	FRK2	2014	617.1		
ESTAT:LFST_R_LFP2ACEDU(1.0)	17/04/26 11:00:00	A	THS_PER	F	Y_GE15	ED5-8	FRL0	2014	462.0		
ESTAT:LFST_R_LFP2ACEDU(1.0)	17/04/26 11:00:00	A	THS_PER	F	Y_GE15	ED5-8	FRM0	2014	11.5	u	
ESTAT:LFST_R_LFP2ACEDU(1.0)	17/04/26 11:00:00	A	THS_PER	F	Y_GE15	NRP	FR10	2014	9.2	u	
ESTAT:LFST_R_LFP2ACEDU(1.0)	17/04/26 11:00:00	A	THS_PER	F	Y_GE15	NRP	FRB0	2014	0.7	u	
ESTAT:LFST_R_LFP2ACEDU(1.0)	17/04/26 11:00:00	A	THS_PER	F	Y_GE15	NRP	FRC1	2014		u	
ESTAT:LFST_R_LFP2ACEDU(1.0)	17/04/26 11:00:00	A	THS_PER	F	Y_GE15	NRP	FRC2	2014	0.7	u	
ESTAT:LFST_R_LFP2ACEDU(1.0)	17/04/26 11:00:00	A	THS_PER	F	Y_GE15	NRP	FRD1	2014	1.1	u	
ESTAT:LFST_R_LFP2ACEDU(1.0)	17/04/26 11:00:00	A	THS_PER	F	Y_GE15	NRP	FRD2	2014	1.7	u	
ESTAT:LFST_R_LFP2ACEDU(1.0)	17/04/26 11:00:00	A	THS_PER	F	Y_GE15	NRP	FRE1	2014		u	
ESTAT:LFST_R_LFP2ACEDU(1.0)	17/04/26 11:00:00	A	THS_PER	F	Y_GE15	NRP	FRE2	2014	0.7	u	
ESTAT:LFST_R_LFP2ACEDU(1.0)	17/04/26 11:00:00	A	THS_PER	F	Y_GE15	NRP	FRF1	2014	0.6	u	
ESTAT:LFST_R_LFP2ACEDU(1.0)	17/04/26 11:00:00	A	THS_PER	F	Y_GE15	NRP	FRF2	2014		u	
ESTAT:LFST_R_LFP2ACEDU(1.0)	17/04/26 11:00:00	A	THS_PER	F	Y_GE15	NRP	FRF3	2014	1.5	u	
ESTAT:LFST_R_LFP2ACEDU(1.0)	17/04/26 11:00:00	A	THS_PER	F	Y_GE15	NRP	FRG0	2014	1.2	u	
ESTAT:LFST_R_LFP2ACEDU(1.0)	17/04/26 11:00:00	A	THS_PER	F	Y_GE15	NRP	FRH0	2014	1.0	u	
ESTAT:LFST_R_LFP2ACEDU(1.0)	17/04/26 11:00:00	A	THS_PER	F	Y_GE15	NRP	FRI1	2014	2.9	u	
ESTAT:LFST_R_LFP2ACEDU(1.0)	17/04/26 11:00:00	A	THS_PER	F	Y_GE15	NRP	FRI2	2014		u	
ESTAT:LFST_R_LFP2ACEDU(1.0)	17/04/26 11:00:00	A	THS_PER	F	Y_GE15	NRP	FRI3	2014		u	
ESTAT:LFST_R_LFP2ACEDU(1.0)	17/04/26 11:00:00	A	THS_PER	F	Y_GE15	NRP	FRJ1	2014	2.6	u	
ESTAT:LFST_R_LFP2ACEDU(1.0)	17/04/26 11:00:00	A	THS_PER	F	Y_GE15	NRP	FRJ2	2014	1.2	u	
ESTAT:LFST_R_LFP2ACEDU(1.0)	17/04/26 11:00:00	A	THS_PER	F	Y_GE15	NRP	FRK1	2014	1.0	u	
ESTAT:LFST_R_LFP2ACEDU(1.0)	17/04/26 11:00:00	A	THS_PER	F	Y_GE15	NRP	FRK2	2014	3.2	u	
ESTAT:LFST_R_LFP2ACEDU(1.0)	17/04/26 11:00:00	A	THS_PER	F	Y_GE15	NRP	FRL0	2014	2.0	u	
ESTAT:LFST_R_LFP2ACEDU(1.0)	17/04/26 11:00:00	A	THS_PER	F	Y_GE15	NRP	FRM0	2014		u	
ESTAT:LFST_R_LFP2ACEDU(1.0)	17/04/26 11:00:00	A	THS_PER	F	Y_GE15	TOTAL	FR10	2014	2847.9		
ESTAT:LFST_R_LFP2ACEDU(1.0)	17/04/26 11:00:00	A	THS_PER	F	Y_GE15	TOTAL	FRB0	2014	537.8		
ESTAT:LFST_R_LFP2ACEDU(1.0)	17/04/26 11:00:00	A	THS_PER	F	Y_GE15	TOTAL	FRC1	2014	345.9		
ESTAT:LFST_R_LFP2ACEDU(1.0)	17/04/26 11:00:00	A	THS_PER	F	Y_GE15	TOTAL	FRC2	2014	239.9		
ESTAT:LFST_R_LFP2ACEDU(1.0)	17/04/26 11:00:00	A	THS_PER	F	Y_GE15	TOTAL	FRD1	2014	315.1		
ESTAT:LFST_R_LFP2ACEDU(1.0)	17/04/26 11:00:00	A	THS_PER	F	Y_GE15	TOTAL	FRD2	2014	387.8		
ESTAT:LFST_R_LFP2ACEDU(1.0)	17/04/26 11:00:00	A	THS_PER	F	Y_GE15	TOTAL	FRE1	2014	798.8		
ESTAT:LFST_R_LFP2ACEDU(1.0)	17/04/26 11:00:00	A	THS_PER	F	Y_GE15	TOTAL	FRE2	2014	393.0		
ESTAT:LFST_R_LFP2ACEDU(1.0)	17/04/26 11:00:00	A	THS_PER	F	Y_GE15	TOTAL	FRF1	2014	421.1		
ESTAT:LFST_R_LFP2ACEDU(1.0)	17/04/26 11:00:00	A	THS_PER	F	Y_GE15	TOTAL	FRF2	2014	270.7		
ESTAT:LFST_R_LFP2ACEDU(1.0)	17/04/26 11:00:00	A	THS_PER	F	Y_GE15	TOTAL	FRF3	2014	482.0		
ESTAT:LFST_R_LFP2ACEDU(1.0)	17/04/26 11:00:00	A	THS_PER	F	Y_GE15	TOTAL	FRG0	2014	795.2		
ESTAT:LFST_R_LFP2ACEDU(1.0)	17/04/26 11:00:00	A	THS_PER	F	Y_GE15	TOTAL	FRH0	2014	698.0		
ESTAT:LFST_R_LFP2ACEDU(1.0)	17/04/26 11:00:00	A	THS_PER	F	Y_GE15	TOTAL	FRI1	2014	721.6		
ESTAT:LFST_R_LFP2ACEDU(1.0)	17/04/26 11:00:00	A	THS_PER	F	Y_GE15	TOTAL	FRI2	2014	162.5		
ESTAT:LFST_R_LFP2ACEDU(1.0)	17/04/26 11:00:00	A	THS_PER	F	Y_GE15	TOTAL	FRI3	2014	375.7		
ESTAT:LFST_R_LFP2ACEDU(1.0)	17/04/26 11:00:00	A	THS_PER	F	Y_GE15	TOTAL	FRJ1	2014	541.9		
ESTAT:LFST_R_LFP2ACEDU(1.0)	17/04/26 11:00:00	A	THS_PER	F	Y_GE15	TOTAL	FRJ2	2014	639.1		
ESTAT:LFST_R_LFP2ACEDU(1.0)	17/04/26 11:00:00	A	THS_PER	F	Y_GE15	TOTAL	FRK1	2014	266.1		
ESTAT:LFST_R_LFP2ACEDU(1.0)	17/04/26 11:00:00	A	THS_PER	F	Y_GE15	TOTAL	FRK2	2014	1407.1		
ESTAT:LFST_R_LFP2ACEDU(1.0)	17/04/26 11:00:00	A	THS_PER	F	Y_GE15	TOTAL	FRL0	2014	1081.3		
ESTAT:LFST_R_LFP2ACEDU(1.0)	17/04/26 11:00:00	A	THS_PER	F	Y_GE15	TOTAL	FRM0	2014	34.3	u	
ESTAT:LFST_R_LFP2ACEDU(1.0)	17/04/26 11:00:00	A	THS_PER	M	Y15-74	ED0-2	FR10	2014	583.7		
ESTAT:LFST_R_LFP2ACEDU(1.0)	17/04/26 11:00:00	A	THS_PER	M	Y15-74	ED0-2	FRB0	2014	134.6		
ESTAT:LFST_R_LFP2ACEDU(1.0)	17/04/26 11:00:00	A	THS_PER	M	Y15-74	ED0-2	FRC1	2014	67.0		
ESTAT:LFST_R_LFP2ACEDU(1.0)	17/04/26 11:00:00	A	THS_PER	M	Y15-74	ED0-2	FRC2	2014	52.6		
ESTAT:LFST_R_LFP2ACEDU(1.0)	17/04/26 11:00:00	A	THS_PER	M	Y15-74	ED0-2	FRD1	2014	61.6		
ESTAT:LFST_R_LFP2ACEDU(1.0)	17/04/26 11:00:00	A	THS_PER	M	Y15-74	ED0-2	FRD2	2014	93.9		
ESTAT:LFST_R_LFP2ACEDU(1.0)	17/04/26 11:00:00	A	THS_PER	M	Y15-74	ED0-2	FRE1	2014	171.1		
ESTAT:LFST_R_LFP2ACEDU(1.0)	17/04/26 11:00:00	A	THS_PER	M	Y15-74	ED0-2	FRE2	2014	121.8		
ESTAT:LFST_R_LFP2ACEDU(1.0)	17/04/26 11:00:00	A	THS_PER	M	Y15-74	ED0-2	FRF1	2014	74.2		
ESTAT:LFST_R_LFP2ACEDU(1.0)	17/04/26 11:00:00	A	THS_PER	M	Y15-74	ED0-2	FRF2	2014	75.6		
ESTAT:LFST_R_LFP2ACEDU(1.0)	17/04/26 11:00:00	A	THS_PER	M	Y15-74	ED0-2	FRF3	2014	99.2		
ESTAT:LFST_R_LFP2ACEDU(1.0)	17/04/26 11:00:00	A	THS_PER	M	Y15-74	ED0-2	FRG0	2014	145.6		
ESTAT:LFST_R_LFP2ACEDU(1.0)	17/04/26 11:00:00	A	THS_PER	M	Y15-74	ED0-2	FRH0	2014	105.0		
ESTAT:LFST_R_LFP2ACEDU(1.0)	17/04/26 11:00:00	A	THS_PER	M	Y15-74	ED0-2	FRI1	2014	114.4		
ESTAT:LFST_R_LFP2ACEDU(1.0)	17/04/26 11:00:00	A	THS_PER	M	Y15-74	ED0-2	FRI2	2014	30.1		
ESTAT:LFST_R_LFP2ACEDU(1.0)	17/04/26 11:00:00	A	THS_PER	M	Y15-74	ED0-2	FRI3	2014	70.4		
ESTAT:LFST_R_LFP2ACEDU(1.0)	17/04/26 11:00:00	A	THS_PER	M	Y15-74	ED0-2	FRJ1	2014	132.8		
ESTAT:LFST_R_LFP2ACEDU(1.0)	17/04/26 11:00:00	A	THS_PER	M	Y15-74	ED0-2	FRJ2	2014	103.3		
ESTAT:LFST_R_LFP2ACEDU(1.0)	17/04/26 11:00:00	A	THS_PER	M	Y15-74	ED0-2	FRK1	2014	56.0		
ESTAT:LFST_R_LFP2ACEDU(1.0)	17/04/26 11:00:00	A	THS_PER	M	Y15-74	ED0-2	FRK2	2014	259.1		
ESTAT:LFST_R_LFP2ACEDU(1.0)	17/04/26 11:00:00	A	THS_PER	M	Y15-74	ED0-2	FRL0	2014	243.6		
ESTAT:LFST_R_LFP2ACEDU(1.0)	17/04/26 11:00:00	A	THS_PER	M	Y15-74	ED0-2	FRM0	2014	11.6	u	
ESTAT:LFST_R_LFP2ACEDU(1.0)	17/04/26 11:00:00	A	THS_PER	M	Y15-74	ED3_4	FR10	2014	1082.1		
ESTAT:LFST_R_LFP2ACEDU(1.0)	17/04/26 11:00:00	A	THS_PER	M	Y15-74	ED3_4	FRB0	2014	285.0		
ESTAT:LFST_R_LFP2ACEDU(1.0)	17/04/26 11:00:00	A	THS_PER	M	Y15-74	ED3_4	FRC1	2014	194.6		
ESTAT:LFST_R_LFP2ACEDU(1.0)	17/04/26 11:00:00	A	THS_PER	M	Y15-74	ED3_4	FRC2	2014	149.9		
ESTAT:LFST_R_LFP2ACEDU(1.0)	17/04/26 11:00:00	A	THS_PER	M	Y15-74	ED3_4	FRD1	2014	185.1		
ESTAT:LFST_R_LFP2ACEDU(1.0)	17/04/26 11:00:00	A	THS_PER	M	Y15-74	ED3_4	FRD2	2014	232.8		
ESTAT:LFST_R_LFP2ACEDU(1.0)	17/04/26 11:00:00	A	THS_PER	M	Y15-74	ED3_4	FRE1	2014	475.2		
ESTAT:LFST_R_LFP2ACEDU(1.0)	17/04/26 11:00:00	A	THS_PER	M	Y15-74	ED3_4	FRE2	2014	221.9		
ESTAT:LFST_R_LFP2ACEDU(1.0)	17/04/26 11:00:00	A	THS_PER	M	Y15-74	ED3_4	FRF1	2014	241.8		
ESTAT:LFST_R_LFP2ACEDU(1.0)	17/04/26 11:00:00	A	THS_PER	M	Y15-74	ED3_4	FRF2	2014	155.5		
ESTAT:LFST_R_LFP2ACEDU(1.0)	17/04/26 11:00:00	A	THS_PER	M	Y15-74	ED3_4	FRF3	2014	293.5		
ESTAT:LFST_R_LFP2ACEDU(1.0)	17/04/26 11:00:00	A	THS_PER	M	Y15-74	ED3_4	FRG0	2014	455.8		
ESTAT:LFST_R_LFP2ACEDU(1.0)	17/04/26 11:00:00	A	THS_PER	M	Y15-74	ED3_4	FRH0	2014	409.7		
ESTAT:LFST_R_LFP2ACEDU(1.0)	17/04/26 11:00:00	A	THS_PER	M	Y15-74	ED3_4	FRI1	2014	393.0		
ESTAT:LFST_R_LFP2ACEDU(1.0)	17/04/26 11:00:00	A	THS_PER	M	Y15-74	ED3_4	FRI2	2014	84.6		
ESTAT:LFST_R_LFP2ACEDU(1.0)	17/04/26 11:00:00	A	THS_PER	M	Y15-74	ED3_4	FRI3	2014	221.1		
ESTAT:LFST_R_LFP2ACEDU(1.0)	17/04/26 11:00:00	A	THS_PER	M	Y15-74	ED3_4	FRJ1	2014	273.6		
ESTAT:LFST_R_LFP2ACEDU(1.0)	17/04/26 11:00:00	A	THS_PER	M	Y15-74	ED3_4	FRJ2	2014	310.9		
ESTAT:LFST_R_LFP2ACEDU(1.0)	17/04/26 11:00:00	A	THS_PER	M	Y15-74	ED3_4	FRK1	2014	170.0		
ESTAT:LFST_R_LFP2ACEDU(1.0)	17/04/26 11:00:00	A	THS_PER	M	Y15-74	ED3_4	FRK2	2014	731.6		
ESTAT:LFST_R_LFP2ACEDU(1.0)	17/04/26 11:00:00	A	THS_PER	M	Y15-74	ED3_4	FRL0	2014	519.3		
ESTAT:LFST_R_LFP2ACEDU(1.0)	17/04/26 11:00:00	A	THS_PER	M	Y15-74	ED3_4	FRM0	2014	19.1	u	
ESTAT:LFST_R_LFP2ACEDU(1.0)	17/04/26 11:00:00	A	THS_PER	M	Y15-74	ED5-8	FR10	2014	1277.0		
ESTAT:LFST_R_LFP2ACEDU(1.0)	17/04/26 11:00:00	A	THS_PER	M	Y15-74	ED5-8	FRB0	2014	150.1		
ESTAT:LFST_R_LFP2ACEDU(1.0)	17/04/26 11:00:00	A	THS_PER	M	Y15-74	ED5-8	FRC1	2014	100.4		
ESTAT:LFST_R_LFP2ACEDU(1.0)	17/04/26 11:00:00	A	THS_PER	M	Y15-74	ED5-8	FRC2	2014	71.4		
ESTAT:LFST_R_LFP2ACEDU(1.0)	17/04/26 11:00:00	A	THS_PER	M	Y15-74	ED5-8	FRD1	2014	86.1		
ESTAT:LFST_R_LFP2ACEDU(1.0)	17/04/26 11:00:00	A	THS_PER	M	Y15-74	ED5-8	FRD2	2014	95.3		
ESTAT:LFST_R_LFP2ACEDU(1.0)	17/04/26 11:00:00	A	THS_PER	M	Y15-74	ED5-8	FRE1	2014	280.7		
ESTAT:LFST_R_LFP2ACEDU(1.0)	17/04/26 11:00:00	A	THS_PER	M	Y15-74	ED5-8	FRE2	2014	100.7		
ESTAT:LFST_R_LFP2ACEDU(1.0)	17/04/26 11:00:00	A	THS_PER	M	Y15-74	ED5-8	FRF1	2014	143.3		
ESTAT:LFST_R_LFP2ACEDU(1.0)	17/04/26 11:00:00	A	THS_PER	M	Y15-74	ED5-8	FRF2	2014	72.9		
ESTAT:LFST_R_LFP2ACEDU(1.0)	17/04/26 11:00:00	A	THS_PER	M	Y15-74	ED5-8	FRF3	2014	155.6		
ESTAT:LFST_R_LFP2ACEDU(1.0)	17/04/26 11:00:00	A	THS_PER	M	Y15-74	ED5-8	FRG0	2014	263.9		
ESTAT:LFST_R_LFP2ACEDU(1.0)	17/04/26 11:00:00	A	THS_PER	M	Y15-74	ED5-8	FRH0	2014	235.9		
ESTAT:LFST_R_LFP2ACEDU(1.0)	17/04/26 11:00:00	A	THS_PER	M	Y15-74	ED5-8	FRI1	2014	245.7		
ESTAT:LFST_R_LFP2ACEDU(1.0)	17/04/26 11:00:00	A	THS_PER	M	Y15-74	ED5-8	FRI2	2014	45.9		
ESTAT:LFST_R_LFP2ACEDU(1.0)	17/04/26 11:00:00	A	THS_PER	M	Y15-74	ED5-8	FRI3	2014	111.1		
ESTAT:LFST_R_LFP2ACEDU(1.0)	17/04/26 11:00:00	A	THS_PER	M	Y15-74	ED5-8	FRJ1	2014	176.3		
ESTAT:LFST_R_LFP2ACEDU(1.0)	17/04/26 11:00:00	A	THS_PER	M	Y15-74	ED5-8	FRJ2	2014	293.8		
ESTAT:LFST_R_LFP2ACEDU(1.0)	17/04/26 11:00:00	A	THS_PER	M	Y15-74	ED5-8	FRK1	2014	77.9		
ESTAT:LFST_R_LFP2ACEDU(1.0)	17/04/26 11:00:00	A	THS_PER	M	Y15-74	ED5-8	FRK2	2014	552.0		
ESTAT:LFST_R_LFP2ACEDU(1.0)	17/04/26 11:00:00	A	THS_PER	M	Y15-74	ED5-8	FRL0	2014	369.0		
ESTAT:LFST_R_LFP2ACEDU(1.0)	17/04/26 11:00:00	A	THS_PER	M	Y15-74	ED5-8	FRM0	2014	7.5	u	
ESTAT:LFST_R_LFP2ACEDU(1.0)	17/04/26 11:00:00	A	THS_PER	M	Y15-74	NRP	FR10	2014	15.3		
ESTAT:LFST_R_LFP2ACEDU(1.0)	17/04/26 11:00:00	A	THS_PER	M	Y15-74	NRP	FRB0	2014	2.6	u	
ESTAT:LFST_R_LFP2ACEDU(1.0)	17/04/26 11:00:00	A	THS_PER	M	Y15-74	NRP	FRC1	2014		u	
ESTAT:LFST_R_LFP2ACEDU(1.0)	17/04/26 11:00:00	A	THS_PER	M	Y15-74	NRP	FRC2	2014	1.1	u	
ESTAT:LFST_R_LFP2ACEDU(1.0)	17/04/26 11:00:00	A	THS_PER	M	Y15-74	NRP	FRD1	2014	1.1	u	
ESTAT:LFST_R_LFP2ACEDU(1.0)	17/04/26 11:00:00	A	THS_PER	M	Y15-74	NRP	FRD2	2014	1.0	u	
ESTAT:LFST_R_LFP2ACEDU(1.0)	17/04/26 11:00:00	A	THS_PER	M	Y15-74	NRP	FRE1	2014	1.2	u	
ESTAT:LFST_R_LFP2ACEDU(1.0)	17/04/26 11:00:00	A	THS_PER	M	Y15-74	NRP	FRE2	2014	1.0	u	
ESTAT:LFST_R_LFP2ACEDU(1.0)	17/04/26 11:00:00	A	THS_PER	M	Y15-74	NRP	FRF1	2014	2.1	u	
ESTAT:LFST_R_LFP2ACEDU(1.0)	17/04/26 11:00:00	A	THS_PER	M	Y15-74	NRP	FRF2	2014		u	
ESTAT:LFST_R_LFP2ACEDU(1.0)	17/04/26 11:00:00	A	THS_PER	M	Y15-74	NRP	FRF3	2014	1.6	u	
ESTAT:LFST_R_LFP2ACEDU(1.0)	17/04/26 11:00:00	A	THS_PER	M	Y15-74	NRP	FRG0	2014	1.2	u	
ESTAT:LFST_R_LFP2ACEDU(1.0)	17/04/26 11:00:00	A	THS_PER	M	Y15-74	NRP	FRH0	2014	1.5	u	
ESTAT:LFST_R_LFP2ACEDU(1.0)	17/04/26 11:00:00	A	THS_PER	M	Y15-74	NRP	FRI1	2014	2.7	u	
ESTAT:LFST_R_LFP2ACEDU(1.0)	17/04/26 11:00:00	A	THS_PER	M	Y15-74	NRP	FRI2	2014		u	
ESTAT:LFST_R_LFP2ACEDU(1.0)	17/04/26 11:00:00	A	THS_PER	M	Y15-74	NRP	FRI3	2014		u	
ESTAT:LFST_R_LFP2ACEDU(1.0)	17/04/26 11:00:00	A	THS_PER	M	Y15-74	NRP	FRJ1	2014	1.9	u	
ESTAT:LFST_R_LFP2ACEDU(1.0)	17/04/26 11:00:00	A	THS_PER	M	Y15-74	NRP	FRJ2	2014	1.3	u	
ESTAT:LFST_R_LFP2ACEDU(1.0)	17/04/26 11:00:00	A	THS_PER	M	Y15-74	NRP	FRK1	2014	0.8	u	
ESTAT:LFST_R_LFP2ACEDU(1.0)	17/04/26 11:00:00	A	THS_PER	M	Y15-74	NRP	FRK2	2014	4.9	u	
ESTAT:LFST_R_LFP2ACEDU(1.0)	17/04/26 11:00:00	A	THS_PER	M	Y15-74	NRP	FRL0	2014	6.6	u	
ESTAT:LFST_R_LFP2ACEDU(1.0)	17/04/26 11:00:00	A	THS_PER	M	Y15-74	NRP	FRM0	2014		u	
ESTAT:LFST_R_LFP2ACEDU(1.0)	17/04/26 11:00:00	A	THS_PER	M	Y15-74	TOTAL	FR10	2014	2958.1		
ESTAT:LFST_R_LFP2ACEDU(1.0)	17/04/26 11:00:00	A	THS_PER	M	Y15-74	TOTAL	FRB0	2014	572.2		
ESTAT:LFST_R_LFP2ACEDU(1.0)	17/04/26 11:00:00	A	THS_PER	M	Y15-74	TOTAL	FRC1	2014	362.4		
ESTAT:LFST_R_LFP2ACEDU(1.0)	17/04/26 11:00:00	A	THS_PER	M	Y15-74	TOTAL	FRC2	2014	275.0		
ESTAT:LFST_R_LFP2ACEDU(1.0)	17/04/26 11:00:00	A	THS_PER	M	Y15-74	TOTAL	FRD1	2014	333.9		
ESTAT:LFST_R_LFP2ACEDU(1.0)	17/04/26 11:00:00	A	THS_PER	M	Y15-74	TOTAL	FRD2	2014	423.1		
ESTAT:LFST_R_LFP2ACEDU(1.0)	17/04/26 11:00:00	A	THS_PER	M	Y15-74	TOTAL	FRE1	2014	928.3		
ESTAT:LFST_R_LFP2ACEDU(1.0)	17/04/26 11:00:00	A	THS_PER	M	Y15-74	TOTAL	FRE2	2014	445.3		
ESTAT:LFST_R_LFP2ACEDU(1.0)	17/04/26 11:00:00	A	THS_PER	M	Y15-74	TOTAL	FRF1	2014	461.4		
ESTAT:LFST_R_LFP2ACEDU(1.0)	17/04/26 11:00:00	A	THS_PER	M	Y15-74	TOTAL	FRF2	2014	304.2		
ESTAT:LFST_R_LFP2ACEDU(1.0)	17/04/26 11:00:00	A	THS_PER	M	Y15-74	TOTAL	FRF3	2014	549.9		
ESTAT:LFST_R_LFP2ACEDU(1.0)	17/04/26 11:00:00	A	THS_PER	M	Y15-74	TOTAL	FRG0	2014	866.6		
ESTAT:LFST_R_LFP2ACEDU(1.0)	17/04/26 11:00:00	A	THS_PER	M	Y15-74	TOTAL	FRH0	2014	752.0		
ESTAT:LFST_R_LFP2ACEDU(1.0)	17/04/26 11:00:00	A	THS_PER	M	Y15-74	TOTAL	FRI1	2014	755.8		
ESTAT:LFST_R_LFP2ACEDU(1.0)	17/04/26 11:00:00	A	THS_PER	M	Y15-74	TOTAL	FRI2	2014	161.0		
ESTAT:LFST_R_LFP2ACEDU(1.0)	17/04/26 11:00:00	A	THS_PER	M	Y15-74	TOTAL	FRI3	2014	402.7		
ESTAT:LFST_R_LFP2ACEDU(1.0)	17/04/26 11:00:00	A	THS_PER	M	Y15-74	TOTAL	FRJ1	2014	584.6		
ESTAT:LFST_R_LFP2ACEDU(1.0)	17/04/26 11:00:00	A	THS_PER	M	Y15-74	TOTAL	FRJ2	2014	709.3		
ESTAT:LFST_R_LFP2ACEDU(1.0)	17/04/26 11:00:00	A	THS_PER	M	Y15-74	TOTAL	FRK1	2014	304.7		
ESTAT:LFST_R_LFP2ACEDU(1.0)	17/04/26 11:00:00	A	THS_PER	M	Y15-74	TOTAL	FRK2	2014	1547.6		
ESTAT:LFST_R_LFP2ACEDU(1.0)	17/04/26 11:00:00	A	THS_PER	M	Y15-74	TOTAL	FRL0	2014	1138.5		
ESTAT:LFST_R_LFP2ACEDU(1.0)	17/04/26 11:00:00	A	THS_PER	M	Y15-74	TOTAL	FRM0	2014	38.2	u	
ESTAT:LFST_R_LFP2ACEDU(1.0)	17/04/26 11:00:00	A	THS_PER	M	Y25-64	ED0-2	FR10	2014	515.7		
ESTAT:LFST_R_LFP2ACEDU(1.0)	17/04/26 11:00:00	A	THS_PER	M	Y25-64	ED0-2	FRB0	2014	116.5		
ESTAT:LFST_R_LFP2ACEDU(1.0)	17/04/26 11:00:00	A	THS_PER	M	Y25-64	ED0-2	FRC1	2014	55.8		
ESTAT:LFST_R_LFP2ACEDU(1.0)	17/04/26 11:00:00	A	THS_PER	M	Y25-64	ED0-2	FRC2	2014	46.3		
ESTAT:LFST_R_LFP2ACEDU(1.0)	17/04/26 11:00:00	A	THS_PER	M	Y25-64	ED0-2	FRD1	2014	54.0		
ESTAT:LFST_R_LFP2ACEDU(1.0)	17/04/26 11:00:00	A	THS_PER	M	Y25-64	ED0-2	FRD2	2014	80.3		
ESTAT:LFST_R_LFP2ACEDU(1.0)	17/04/26 11:00:00	A	THS_PER	M	Y25-64	ED0-2	FRE1	2014	148.3		
ESTAT:LFST_R_LFP2ACEDU(1.0)	17/04/26 11:00:00	A	THS_PER	M	Y25-64	ED0-2	FRE2	2014	109.1		
ESTAT:LFST_R_LFP2ACEDU(1.0)	17/04/26 11:00:00	A	THS_PER	M	Y25-64	ED0-2	FRF1	2014	65.2		
ESTAT:LFST_R_LFP2ACEDU(1.0)	17/04/26 11:00:00	A	THS_PER	M	Y25-64	ED0-2	FRF2	2014	66.7		
ESTAT:LFST_R_LFP2ACEDU(1.0)	17/04/26 11:00:00	A	THS_PER	M	Y25-64	ED0-2	FRF3	2014	85.8		
ESTAT:LFST_R_LFP2ACEDU(1.0)	17/04/26 11:00:00	A	THS_PER	M	Y25-64	ED0-2	FRG0	2014	123.9		
ESTAT:LFST_R_LFP2ACEDU(1.0)	17/04/26 11:00:00	A	THS_PER	M	Y25-64	ED0-2	FRH0	2014	93.4		
ESTAT:LFST_R_LFP2ACEDU(1.0)	17/04/26 11:00:00	A	THS_PER	M	Y25-64	ED0-2	FRI1	2014	98.4		
ESTAT:LFST_R_LFP2ACEDU(1.0)	17/04/26 11:00:00	A	THS_PER	M	Y25-64	ED0-2	FRI2	2014	24.8		
ESTAT:LFST_R_LFP2ACEDU(1.0)	17/04/26 11:00:00	A	THS_PER	M	Y25-64	ED0-2	FRI3	2014	60.4		
ESTAT:LFST_R_LFP2ACEDU(1.0)	17/04/26 11:00:00	A	THS_PER	M	Y25-64	ED0-2	FRJ1	2014	119.5		
ESTAT:LFST_R_LFP2ACEDU(1.0)	17/04/26 11:00:00	A	THS_PER	M	Y25-64	ED0-2	FRJ2	2014	92.3		
ESTAT:LFST_R_LFP2ACEDU(1.0)	17/04/26 11:00:00	A	THS_PER	M	Y25-64	ED0-2	FRK1	2014	48.1		
ESTAT:LFST_R_LFP2ACEDU(1.0)	17/04/26 11:00:00	A	THS_PER	M	Y25-64	ED0-2	FRK2	2014	226.7		
ESTAT:LFST_R_LFP2ACEDU(1.0)	17/04/26 11:00:00	A	THS_PER	M	Y25-64	ED0-2	FRL0	2014	215.0		
ESTAT:LFST_R_LFP2ACEDU(1.0)	17/04/26 11:00:00	A	THS_PER	M	Y25-64	ED0-2	FRM0	2014	10.2	u	
ESTAT:LFST_R_LFP2ACEDU(1.0)	17/04/26 11:00:00	A	THS_PER	M	Y25-64	ED3_4	FR10	2014	956.1		
ESTAT:LFST_R_LFP2ACEDU(1.0)	17/04/26 11:00:00	A	THS_PER	M	Y25-64	ED3_4	FRB0	2014	247.7		
ESTAT:LFST_R_LFP2ACEDU(1.0)	17/04/26 11:00:00	A	THS_PER	M	Y25-64	ED3_4	FRC1	2014	171.1		
ESTAT:LFST_R_LFP2ACEDU(1.0)	17/04/26 11:00:00	A	THS_PER	M	Y25-64	ED3_4	FRC2	2014	130.3		
ESTAT:LFST_R_LFP2ACEDU(1.0)	17/04/26 11:00:00	A	THS_PER	M	Y25-64	ED3_4	FRD1	2014	165.7		
ESTAT:LFST_R_LFP2ACEDU(1.0)	17/04/26 11:00:00	A	THS_PER	M	Y25-64	ED3_4	FRD2	2014	203.6		
ESTAT:LFST_R_LFP2ACEDU(1.0)	17/04/26 11:00:00	A	THS_PER	M	Y25-64	ED3_4	FRE1	2014	411.9		
ESTAT:LFST_R_LFP2ACEDU(1.0)	17/04/26 11:00:00	A	THS_PER	M	Y25-64	ED3_4	FRE2	2014	188.5		
ESTAT:LFST_R_LFP2ACEDU(1.0)	17/04/26 11:00:00	A	THS_PER	M	Y25-64	ED3_4	FRF1	2014	207.6		
ESTAT:LFST_R_LFP2ACEDU(1.0)	17/04/26 11:00:00	A	THS_PER	M	Y25-64	ED3_4	FRF2	2014	131.9		
ESTAT:LFST_R_LFP2ACEDU(1.0)	17/04/26 11:00:00	A	THS_PER	M	Y25-64	ED3_4	FRF3	2014	263.7		
ESTAT:LFST_R_LFP2ACEDU(1.0)	17/04/26 11:00:00	A	THS_PER	M	Y25-64	ED3_4	FRG0	2014	397.8		
ESTAT:LFST_R_LFP2ACEDU(1.0)	17/04/26 11:00:00	A	THS_PER	M	Y25-64	ED3_4	FRH0	2014	365.3		
ESTAT:LFST_R_LFP2ACEDU(1.0)	17/04/26 11:00:00	A	THS_PER	M	Y25-64	ED3_4	FRI1	2014	347.1		
ESTAT:LFST_R_LFP2ACEDU(1.0)	17/04/26 11:00:00	A	THS_PER	M	Y25-64	ED3_4	FRI2	2014	72.5		
ESTAT:LFST_R_LFP2ACEDU(1.0)	17/04/26 11:00:00	A	THS_PER	M	Y25-64	ED3_4	FRI3	2014	196.2		
ESTAT:LFST_R_LFP2ACEDU(1.0)	17/04/26 11:00:00	A	THS_PER	M	Y25-64	ED3_4	FRJ1	2014	236.2		
ESTAT:LFST_R_LFP2ACEDU(1.0)	17/04/26 11:00:00	A	THS_PER	M	Y25-64	ED3_4	FRJ2	2014	269.4		
ESTAT:LFST_R_LFP2ACEDU(1.0)	17/04/26 11:00:00	A	THS_PER	M	Y25-64	ED3_4	FRK1	2014	153.2		
ESTAT:LFST_R_LFP2ACEDU(1.0)	17/04/26 11:00:00	A	THS_PER	M	Y25-64	ED3_4	FRK2	2014	638.9		
ESTAT:LFST_R_LFP2ACEDU(1.0)	17/04/26 11:00:00	A	THS_PER	M	Y25-64	ED3_4	FRL0	2014	457.0		
ESTAT:LFST_R_LFP2ACEDU(1.0)	17/04/26 11:00:00	A	THS_PER	M	Y25-64	ED3_4	FRM0	2014	14.7	u	
ESTAT:LFST_R_LFP2ACEDU(1.0)	17/04/26 11:00:00	A	THS_PER	M	Y25-64	ED5-8	FR10	2014	1205.7		
ESTAT:LFST_R_LFP2ACEDU(1.0)	17/04/26 11:00:00	A	THS_PER	M	Y25-64	ED5-8	FRB0	2014	133.3		
ESTAT:LFST_R_LFP2ACEDU(1.0)	17/04/26 11:00:00	A	THS_PER	M	Y25-64	ED5-8	FRC1	2014	92.4		
ESTAT:LFST_R_LFP2ACEDU(1.0)	17/04/26 11:00:00	A	THS_PER	M	Y25-64	ED5-8	FRC2	2014	66.4		
ESTAT:LFST_R_LFP2ACEDU(1.0)	17/04/26 11:00:00	A	THS_PER	M	Y25-64	ED5-8	FRD1	2014	72.0		
ESTAT:LFST_R_LFP2ACEDU(1.0)	17/04/26 11:00:00	A	THS_PER	M	Y25-64	ED5-8	FRD2	2014	85.8		
ESTAT:LFST_R_LFP2ACEDU(1.0)	17/04/26 11:00:00	A	THS_PER	M	Y25-64	ED5-8	FRE1	2014	260.6		
ESTAT:LFST_R_LFP2ACEDU(1.0)	17/04/26 11:00:00	A	THS_PER	M	Y25-64	ED5-8	FRE2	2014	90.2		
ESTAT:LFST_R_LFP2ACEDU(1.0)	17/04/26 11:00:00	A	THS_PER	M	Y25-64	ED5-8	FRF1	2014	128.5		
ESTAT:LFST_R_LFP2ACEDU(1.0)	17/04/26 11:00:00	A	THS_PER	M	Y25-64	ED5-8	FRF2	2014	62.7		
ESTAT:LFST_R_LFP2ACEDU(1.0)	17/04/26 11:00:00	A	THS_PER	M	Y25-64	ED5-8	FRF3	2014	139.6		
ESTAT:LFST_R_LFP2ACEDU(1.0)	17/04/26 11:00:00	A	THS_PER	M	Y25-64	ED5-8	FRG0	2014	240.1		
ESTAT:LFST_R_LFP2ACEDU(1.0)	17/04/26 11:00:00	A	THS_PER	M	Y25-64	ED5-8	FRH0	2014	222.6		
ESTAT:LFST_R_LFP2ACEDU(1.0)	17/04/26 11:00:00	A	THS_PER	M	Y25-64	ED5-8	FRI1	2014	224.2		
ESTAT:LFST_R_LFP2ACEDU(1.0)	17/04/26 11:00:00	A	THS_PER	M	Y25-64	ED5-8	FRI2	2014	42.6		
ESTAT:LFST_R_LFP2ACEDU(1.0)	17/04/26 11:00:00	A	THS_PER	M	Y25-64	ED5-8	FRI3	2014	98.1		
ESTAT:LFST_R_LFP2ACEDU(1.0)	17/04/26 11:00:00	A	THS_PER	M	Y25-64	ED5-8	FRJ1	2014	168.1		
ESTAT:LFST_R_LFP2ACEDU(1.0)	17/04/26 11:00:00	A	THS_PER	M	Y25-64	ED5-8	FRJ2	2014	281.4		
ESTAT:LFST_R_LFP2ACEDU(1.0)	17/04/26 11:00:00	A	THS_PER	M	Y25-64	ED5-8	FRK1	2014	68.1		
ESTAT:LFST_R_LFP2ACEDU(1.0)	17/04/26 11:00:00	A	THS_PER	M	Y25-64	ED5-8	FRK2	2014	506.4		
ESTAT:LFST_R_LFP2ACEDU(1.0)	17/04/26 11:00:00	A	THS_PER	M	Y25-64	ED5-8	FRL0	2014	346.5		
ESTAT:LFST_R_LFP2ACEDU(1.0)	17/04/26 11:00:00	A	THS_PER	M	Y25-64	ED5-8	FRM0	2014	7.0	u	
ESTAT:LFST_R_LFP2ACEDU(1.0)	17/04/26 11:00:00	A	THS_PER	M	Y25-64	NRP	FR10	2014	13.1		
ESTAT:LFST_R_LFP2ACEDU(1.0)	17/04/26 11:00:00	A	THS_PER	M	Y25-64	NRP	FRB0	2014	2.2	u	
ESTAT:LFST_R_LFP2ACEDU(1.0)	17/04/26 11:00:00	A	THS_PER	M	Y25-64	NRP	FRC1	2014		u	
ESTAT:LFST_R_LFP2ACEDU(1.0)	17/04/26 11:00:00	A	THS_PER	M	Y25-64	NRP	FRC2	2014	0.6	u	
ESTAT:LFST_R_LFP2ACEDU(1.0)	17/04/26 11:00:00	A	THS_PER	M	Y25-64	NRP	FRD1	2014	0.9	u	
ESTAT:LFST_R_LFP2ACEDU(1.0)	17/04/26 11:00:00	A	THS_PER	M	Y25-64	NRP	FRD2	2014	1.0	u	
ESTAT:LFST_R_LFP2ACEDU(1.0)	17/04/26 11:00:00	A	THS_PER	M	Y25-64	NRP	FRE1	2014	1.1	u	
ESTAT:LFST_R_LFP2ACEDU(1.0)	17/04/26 11:00:00	A	THS_PER	M	Y25-64	NRP	FRE2	2014	0.9	u	
ESTAT:LFST_R_LFP2ACEDU(1.0)	17/04/26 11:00:00	A	THS_PER	M	Y25-64	NRP	FRF1	2014	1.8	u	
ESTAT:LFST_R_LFP2ACEDU(1.0)	17/04/26 11:00:00	A	THS_PER	M	Y25-64	NRP	FRF3	2014	1.4	u	
ESTAT:LFST_R_LFP2ACEDU(1.0)	17/04/26 11:00:00	A	THS_PER	M	Y25-64	NRP	FRG0	2014	1.2	u	
ESTAT:LFST_R_LFP2ACEDU(1.0)	17/04/26 11:00:00	A	THS_PER	M	Y25-64	NRP	FRH0	2014	1.3	u	
ESTAT:LFST_R_LFP2ACEDU(1.0)	17/04/26 11:00:00	A	THS_PER	M	Y25-64	NRP	FRI1	2014	2.1	u	
ESTAT:LFST_R_LFP2ACEDU(1.0)	17/04/26 11:00:00	A	THS_PER	M	Y25-64	NRP	FRI2	2014		u	
ESTAT:LFST_R_LFP2ACEDU(1.0)	17/04/26 11:00:00	A	THS_PER	M	Y25-64	NRP	FRI3	2014		u	
ESTAT:LFST_R_LFP2ACEDU(1.0)	17/04/26 11:00:00	A	THS_PER	M	Y25-64	NRP	FRJ1	2014	1.9	u	
ESTAT:LFST_R_LFP2ACEDU(1.0)	17/04/26 11:00:00	A	THS_PER	M	Y25-64	NRP	FRJ2	2014	1.1	u	
ESTAT:LFST_R_LFP2ACEDU(1.0)	17/04/26 11:00:00	A	THS_PER	M	Y25-64	NRP	FRK1	2014	0.8	u	
ESTAT:LFST_R_LFP2ACEDU(1.0)	17/04/26 11:00:00	A	THS_PER	M	Y25-64	NRP	FRK2	2014	3.7	u	
ESTAT:LFST_R_LFP2ACEDU(1.0)	17/04/26 11:00:00	A	THS_PER	M	Y25-64	NRP	FRL0	2014	4.7	u	
ESTAT:LFST_R_LFP2ACEDU(1.0)	17/04/26 11:00:00	A	THS_PER	M	Y25-64	TOTAL	FR10	2014	2690.7		
ESTAT:LFST_R_LFP2ACEDU(1.0)	17/04/26 11:00:00	A	THS_PER	M	Y25-64	TOTAL	FRB0	2014	499.7		
ESTAT:LFST_R_LFP2ACEDU(1.0)	17/04/26 11:00:00	A	THS_PER	M	Y25-64	TOTAL	FRC1	2014	319.7		
ESTAT:LFST_R_LFP2ACEDU(1.0)	17/04/26 11:00:00	A	THS_PER	M	Y25-64	TOTAL	FRC2	2014	243.6		
ESTAT:LFST_R_LFP2ACEDU(1.0)	17/04/26 11:00:00	A	THS_PER	M	Y25-64	TOTAL	FRD1	2014	292.6		
ESTAT:LFST_R_LFP2ACEDU(1.0)	17/04/26 11:00:00	A	THS_PER	M	Y25-64	TOTAL	FRD2	2014	370.7		
ESTAT:LFST_R_LFP2ACEDU(1.0)	17/04/26 11:00:00	A	THS_PER	M	Y25-64	TOTAL	FRE1	2014	822.0		
ESTAT:LFST_R_LFP2ACEDU(1.0)	17/04/26 11:00:00	A	THS_PER	M	Y25-64	TOTAL	FRE2	2014	388.6		
ESTAT:LFST_R_LFP2ACEDU(1.0)	17/04/26 11:00:00	A	THS_PER	M	Y25-64	TOTAL	FRF1	2014	403.1		
ESTAT:LFST_R_LFP2ACEDU(1.0)	17/04/26 11:00:00	A	THS_PER	M	Y25-64	TOTAL	FRF2	2014	261.3		
ESTAT:LFST_R_LFP2ACEDU(1.0)	17/04/26 11:00:00	A	THS_PER	M	Y25-64	TOTAL	FRF3	2014	490.6		
ESTAT:LFST_R_LFP2ACEDU(1.0)	17/04/26 11:00:00	A	THS_PER	M	Y25-64	TOTAL	FRG0	2014	762.9		
ESTAT:LFST_R_LFP2ACEDU(1.0)	17/04/26 11:00:00	A	THS_PER	M	Y25-64	TOTAL	FRH0	2014	682.6		
ESTAT:LFST_R_LFP2ACEDU(1.0)	17/04/26 11:00:00	A	THS_PER	M	Y25-64	TOTAL	FRI1	2014	671.7		
ESTAT:LFST_R_LFP2ACEDU(1.0)	17/04/26 11:00:00	A	THS_PER	M	Y25-64	TOTAL	FRI2	2014	140.3		
ESTAT:LFST_R_LFP2ACEDU(1.0)	17/04/26 11:00:00	A	THS_PER	M	Y25-64	TOTAL	FRI3	2014	354.8		
ESTAT:LFST_R_LFP2ACEDU(1.0)	17/04/26 11:00:00	A	THS_PER	M	Y25-64	TOTAL	FRJ1	2014	525.7		
ESTAT:LFST_R_LFP2ACEDU(1.0)	17/04/26 11:00:00	A	THS_PER	M	Y25-64	TOTAL	FRJ2	2014	644.1		
ESTAT:LFST_R_LFP2ACEDU(1.0)	17/04/26 11:00:00	A	THS_PER	M	Y25-64	TOTAL	FRK1	2014	270.2		
ESTAT:LFST_R_LFP2ACEDU(1.0)	17/04/26 11:00:00	A	THS_PER	M	Y25-64	TOTAL	FRK2	2014	1375.8		
ESTAT:LFST_R_LFP2ACEDU(1.0)	17/04/26 11:00:00	A	THS_PER	M	Y25-64	TOTAL	FRL0	2014	1023.2		
ESTAT:LFST_R_LFP2ACEDU(1.0)	17/04/26 11:00:00	A	THS_PER	M	Y25-64	TOTAL	FRM0	2014	31.9	u	
ESTAT:LFST_R_LFP2ACEDU(1.0)	17/04/26 11:00:00	A	THS_PER	M	Y_GE15	ED0-2	FR10	2014	584.0		
ESTAT:LFST_R_LFP2ACEDU(1.0)	17/04/26 11:00:00	A	THS_PER	M	Y_GE15	ED0-2	FRB0	2014	135.2		
ESTAT:LFST_R_LFP2ACEDU(1.0)	17/04/26 11:00:00	A	THS_PER	M	Y_GE15	ED0-2	FRC1	2014	67.3		
ESTAT:LFST_R_LFP2ACEDU(1.0)	17/04/26 11:00:00	A	THS_PER	M	Y_GE15	ED0-2	FRC2	2014	52.6		
ESTAT:LFST_R_LFP2ACEDU(1.0)	17/04/26 11:00:00	A	THS_PER	M	Y_GE15	ED0-2	FRD1	2014	61.6		
ESTAT:LFST_R_LFP2ACEDU(1.0)	17/04/26 11:00:00	A	THS_PER	M	Y_GE15	ED0-2	FRD2	2014	93.9		
ESTAT:LFST_R_LFP2ACEDU(1.0)	17/04/26 11:00:00	A	THS_PER	M	Y_GE15	ED0-2	FRE1	2014	171.1		
ESTAT:LFST_R_LFP2ACEDU(1.0)	17/04/26 11:00:00	A	THS_PER	M	Y_GE15	ED0-2	FRE2	2014	121.8		
ESTAT:LFST_R_LFP2ACEDU(1.0)	17/04/26 11:00:00	A	THS_PER	M	Y_GE15	ED0-2	FRF1	2014	74.2		
ESTAT:LFST_R_LFP2ACEDU(1.0)	17/04/26 11:00:00	A	THS_PER	M	Y_GE15	ED0-2	FRF2	2014	75.6		
ESTAT:LFST_R_LFP2ACEDU(1.0)	17/04/26 11:00:00	A	THS_PER	M	Y_GE15	ED0-2	FRF3	2014	99.3		
ESTAT:LFST_R_LFP2ACEDU(1.0)	17/04/26 11:00:00	A	THS_PER	M	Y_GE15	ED0-2	FRG0	2014	145.7		
ESTAT:LFST_R_LFP2ACEDU(1.0)	17/04/26 11:00:00	A	THS_PER	M	Y_GE15	ED0-2	FRH0	2014	105.0		
ESTAT:LFST_R_LFP2ACEDU(1.0)	17/04/26 11:00:00	A	THS_PER	M	Y_GE15	ED0-2	FRI1	2014	114.8		
ESTAT:LFST_R_LFP2ACEDU(1.0)	17/04/26 11:00:00	A	THS_PER	M	Y_GE15	ED0-2	FRI2	2014	30.1		
ESTAT:LFST_R_LFP2ACEDU(1.0)	17/04/26 11:00:00	A	THS_PER	M	Y_GE15	ED0-2	FRI3	2014	70.6		
ESTAT:LFST_R_LFP2ACEDU(1.0)	17/04/26 11:00:00	A	THS_PER	M	Y_GE15	ED0-2	FRJ1	2014	133.5		
ESTAT:LFST_R_LFP2ACEDU(1.0)	17/04/26 11:00:00	A	THS_PER	M	Y_GE15	ED0-2	FRJ2	2014	103.7		
ESTAT:LFST_R_LFP2ACEDU(1.0)	17/04/26 11:00:00	A	THS_PER	M	Y_GE15	ED0-2	FRK1	2014	56.0		
ESTAT:LFST_R_LFP2ACEDU(1.0)	17/04/26 11:00:00	A	THS_PER	M	Y_GE15	ED0-2	FRK2	2014	259.4		
ESTAT:LFST_R_LFP2ACEDU(1.0)	17/04/26 11:00:00	A	THS_PER	M	Y_GE15	ED0-2	FRL0	2014	244.8		
ESTAT:LFST_R_LFP2ACEDU(1.0)	17/04/26 11:00:00	A	THS_PER	M	Y_GE15	ED0-2	FRM0	2014	11.6	u	
ESTAT:LFST_R_LFP2ACEDU(1.0)	17/04/26 11:00:00	A	THS_PER	M	Y_GE15	ED3_4	FR10	2014	1082.9		
ESTAT:LFST_R_LFP2ACEDU(1.0)	17/04/26 11:00:00	A	THS_PER	M	Y_GE15	ED3_4	FRB0	2014	285.0		
ESTAT:LFST_R_LFP2ACEDU(1.0)	17/04/26 11:00:00	A	THS_PER	M	Y_GE15	ED3_4	FRC1	2014	195.5		
ESTAT:LFST_R_LFP2ACEDU(1.0)	17/04/26 11:00:00	A	THS_PER	M	Y_GE15	ED3_4	FRC2	2014	149.9		
ESTAT:LFST_R_LFP2ACEDU(1.0)	17/04/26 11:00:00	A	THS_PER	M	Y_GE15	ED3_4	FRD1	2014	185.1		
ESTAT:LFST_R_LFP2ACEDU(1.0)	17/04/26 11:00:00	A	THS_PER	M	Y_GE15	ED3_4	FRD2	2014	232.9		
ESTAT:LFST_R_LFP2ACEDU(1.0)	17/04/26 11:00:00	A	THS_PER	M	Y_GE15	ED3_4	FRE1	2014	475.2		
ESTAT:LFST_R_LFP2ACEDU(1.0)	17/04/26 11:00:00	A	THS_PER	M	Y_GE15	ED3_4	FRE2	2014	222.1		
ESTAT:LFST_R_LFP2ACEDU(1.0)	17/04/26 11:00:00	A	THS_PER	M	Y_GE15	ED3_4	FRF1	2014	242.1		
ESTAT:LFST_R_LFP2ACEDU(1.0)	17/04/26 11:00:00	A	THS_PER	M	Y_GE15	ED3_4	FRF2	2014	155.9		
ESTAT:LFST_R_LFP2ACEDU(1.0)	17/04/26 11:00:00	A	THS_PER	M	Y_GE15	ED3_4	FRF3	2014	293.5		
ESTAT:LFST_R_LFP2ACEDU(1.0)	17/04/26 11:00:00	A	THS_PER	M	Y_GE15	ED3_4	FRG0	2014	455.8		
ESTAT:LFST_R_LFP2ACEDU(1.0)	17/04/26 11:00:00	A	THS_PER	M	Y_GE15	ED3_4	FRH0	2014	410.0		
ESTAT:LFST_R_LFP2ACEDU(1.0)	17/04/26 11:00:00	A	THS_PER	M	Y_GE15	ED3_4	FRI1	2014	393.0		
ESTAT:LFST_R_LFP2ACEDU(1.0)	17/04/26 11:00:00	A	THS_PER	M	Y_GE15	ED3_4	FRI2	2014	84.6		
ESTAT:LFST_R_LFP2ACEDU(1.0)	17/04/26 11:00:00	A	THS_PER	M	Y_GE15	ED3_4	FRI3	2014	221.1		
ESTAT:LFST_R_LFP2ACEDU(1.0)	17/04/26 11:00:00	A	THS_PER	M	Y_GE15	ED3_4	FRJ1	2014	273.6		
ESTAT:LFST_R_LFP2ACEDU(1.0)	17/04/26 11:00:00	A	THS_PER	M	Y_GE15	ED3_4	FRJ2	2014	311.2		
ESTAT:LFST_R_LFP2ACEDU(1.0)	17/04/26 11:00:00	A	THS_PER	M	Y_GE15	ED3_4	FRK1	2014	170.0		
ESTAT:LFST_R_LFP2ACEDU(1.0)	17/04/26 11:00:00	A	THS_PER	M	Y_GE15	ED3_4	FRK2	2014	731.9		
ESTAT:LFST_R_LFP2ACEDU(1.0)	17/04/26 11:00:00	A	THS_PER	M	Y_GE15	ED3_4	FRL0	2014	519.7		
ESTAT:LFST_R_LFP2ACEDU(1.0)	17/04/26 11:00:00	A	THS_PER	M	Y_GE15	ED3_4	FRM0	2014	19.1	u	
ESTAT:LFST_R_LFP2ACEDU(1.0)	17/04/26 11:00:00	A	THS_PER	M	Y_GE15	ED5-8	FR10	2014	1277.9		
ESTAT:LFST_R_LFP2ACEDU(1.0)	17/04/26 11:00:00	A	THS_PER	M	Y_GE15	ED5-8	FRB0	2014	150.6		
ESTAT:LFST_R_LFP2ACEDU(1.0)	17/04/26 11:00:00	A	THS_PER	M	Y_GE15	ED5-8	FRC1	2014	100.8		
ESTAT:LFST_R_LFP2ACEDU(1.0)	17/04/26 11:00:00	A	THS_PER	M	Y_GE15	ED5-8	FRC2	2014	71.4		
ESTAT:LFST_R_LFP2ACEDU(1.0)	17/04/26 11:00:00	A	THS_PER	M	Y_GE15	ED5-8	FRD1	2014	86.1		
ESTAT:LFST_R_LFP2ACEDU(1.0)	17/04/26 11:00:00	A	THS_PER	M	Y_GE15	ED5-8	FRD2	2014	95.3		
ESTAT:LFST_R_LFP2ACEDU(1.0)	17/04/26 11:00:00	A	THS_PER	M	Y_GE15	ED5-8	FRE1	2014	280.7		
ESTAT:LFST_R_LFP2ACEDU(1.0)	17/04/26 11:00:00	A	THS_PER	M	Y_GE15	ED5-8	FRE2	2014	100.7		
ESTAT:LFST_R_LFP2ACEDU(1.0)	17/04/26 11:00:00	A	THS_PER	M	Y_GE15	ED5-8	FRF1	2014	143.3		
ESTAT:LFST_R_LFP2ACEDU(1.0)	17/04/26 11:00:00	A	THS_PER	M	Y_GE15	ED5-8	FRF2	2014	72.9		
ESTAT:LFST_R_LFP2ACEDU(1.0)	17/04/26 11:00:00	A	THS_PER	M	Y_GE15	ED5-8	FRF3	2014	155.6		
ESTAT:LFST_R_LFP2ACEDU(1.0)	17/04/26 11:00:00	A	THS_PER	M	Y_GE15	ED5-8	FRG0	2014	263.9		
ESTAT:LFST_R_LFP2ACEDU(1.0)	17/04/26 11:00:00	A	THS_PER	M	Y_GE15	ED5-8	FRH0	2014	235.9		
ESTAT:LFST_R_LFP2ACEDU(1.0)	17/04/26 11:00:00	A	THS_PER	M	Y_GE15	ED5-8	FRI1	2014	245.9		
ESTAT:LFST_R_LFP2ACEDU(1.0)	17/04/26 11:00:00	A	THS_PER	M	Y_GE15	ED5-8	FRI2	2014	46.1		
ESTAT:LFST_R_LFP2ACEDU(1.0)	17/04/26 11:00:00	A	THS_PER	M	Y_GE15	ED5-8	FRI3	2014	111.1		
ESTAT:LFST_R_LFP2ACEDU(1.0)	17/04/26 11:00:00	A	THS_PER	M	Y_GE15	ED5-8	FRJ1	2014	176.4		
ESTAT:LFST_R_LFP2ACEDU(1.0)	17/04/26 11:00:00	A	THS_PER	M	Y_GE15	ED5-8	FRJ2	2014	293.8		
ESTAT:LFST_R_LFP2ACEDU(1.0)	17/04/26 11:00:00	A	THS_PER	M	Y_GE15	ED5-8	FRK1	2014	77.9		
ESTAT:LFST_R_LFP2ACEDU(1.0)	17/04/26 11:00:00	A	THS_PER	M	Y_GE15	ED5-8	FRK2	2014	552.1		
ESTAT:LFST_R_LFP2ACEDU(1.0)	17/04/26 11:00:00	A	THS_PER	M	Y_GE15	ED5-8	FRL0	2014	369.6		
ESTAT:LFST_R_LFP2ACEDU(1.0)	17/04/26 11:00:00	A	THS_PER	M	Y_GE15	ED5-8	FRM0	2014	7.5	u	
ESTAT:LFST_R_LFP2ACEDU(1.0)	17/04/26 11:00:00	A	THS_PER	M	Y_GE15	NRP	FR10	2014	15.3		
ESTAT:LFST_R_LFP2ACEDU(1.0)	17/04/26 11:00:00	A	THS_PER	M	Y_GE15	NRP	FRB0	2014	2.6	u	
ESTAT:LFST_R_LFP2ACEDU(1.0)	17/04/26 11:00:00	A	THS_PER	M	Y_GE15	NRP	FRC1	2014		u	
ESTAT:LFST_R_LFP2ACEDU(1.0)	17/04/26 11:00:00	A	THS_PER	M	Y_GE15	NRP	FRC2	2014	1.1	u	
ESTAT:LFST_R_LFP2ACEDU(1.0)	17/04/26 11:00:00	A	THS_PER	M	Y_GE15	NRP	FRD1	2014	1.1	u	
ESTAT:LFST_R_LFP2ACEDU(1.0)	17/04/26 11:00:00	A	THS_PER	M	Y_GE15	NRP	FRD2	2014	1.0	u	
ESTAT:LFST_R_LFP2ACEDU(1.0)	17/04/26 11:00:00	A	THS_PER	M	Y_GE15	NRP	FRE1	2014	1.2	u	
ESTAT:LFST_R_LFP2ACEDU(1.0)	17/04/26 11:00:00	A	THS_PER	M	Y_GE15	NRP	FRE2	2014	1.0	u	
ESTAT:LFST_R_LFP2ACEDU(1.0)	17/04/26 11:00:00	A	THS_PER	M	Y_GE15	NRP	FRF1	2014	2.1	u	
ESTAT:LFST_R_LFP2ACEDU(1.0)	17/04/26 11:00:00	A	THS_PER	M	Y_GE15	NRP	FRF2	2014		u	
ESTAT:LFST_R_LFP2ACEDU(1.0)	17/04/26 11:00:00	A	THS_PER	M	Y_GE15	NRP	FRF3	2014	1.6	u	
ESTAT:LFST_R_LFP2ACEDU(1.0)	17/04/26 11:00:00	A	THS_PER	M	Y_GE15	NRP	FRG0	2014	1.2	u	
ESTAT:LFST_R_LFP2ACEDU(1.0)	17/04/26 11:00:00	A	THS_PER	M	Y_GE15	NRP	FRH0	2014	1.5	u	
ESTAT:LFST_R_LFP2ACEDU(1.0)	17/04/26 11:00:00	A	THS_PER	M	Y_GE15	NRP	FRI1	2014	2.7	u	
ESTAT:LFST_R_LFP2ACEDU(1.0)	17/04/26 11:00:00	A	THS_PER	M	Y_GE15	NRP	FRI2	2014		u	
ESTAT:LFST_R_LFP2ACEDU(1.0)	17/04/26 11:00:00	A	THS_PER	M	Y_GE15	NRP	FRI3	2014		u	
ESTAT:LFST_R_LFP2ACEDU(1.0)	17/04/26 11:00:00	A	THS_PER	M	Y_GE15	NRP	FRJ1	2014	1.9	u	
ESTAT:LFST_R_LFP2ACEDU(1.0)	17/04/26 11:00:00	A	THS_PER	M	Y_GE15	NRP	FRJ2	2014	1.3	u	
ESTAT:LFST_R_LFP2ACEDU(1.0)	17/04/26 11:00:00	A	THS_PER	M	Y_GE15	NRP	FRK1	2014	0.8	u	
ESTAT:LFST_R_LFP2ACEDU(1.0)	17/04/26 11:00:00	A	THS_PER	M	Y_GE15	NRP	FRK2	2014	4.9	u	
ESTAT:LFST_R_LFP2ACEDU(1.0)	17/04/26 11:00:00	A	THS_PER	M	Y_GE15	NRP	FRL0	2014	6.6	u	
ESTAT:LFST_R_LFP2ACEDU(1.0)	17/04/26 11:00:00	A	THS_PER	M	Y_GE15	NRP	FRM0	2014		u	
ESTAT:LFST_R_LFP2ACEDU(1.0)	17/04/26 11:00:00	A	THS_PER	M	Y_GE15	TOTAL	FR10	2014	2960.1		
ESTAT:LFST_R_LFP2ACEDU(1.0)	17/04/26 11:00:00	A	THS_PER	M	Y_GE15	TOTAL	FRB0	2014	573.3		
ESTAT:LFST_R_LFP2ACEDU(1.0)	17/04/26 11:00:00	A	THS_PER	M	Y_GE15	TOTAL	FRC1	2014	363.9		
ESTAT:LFST_R_LFP2ACEDU(1.0)	17/04/26 11:00:00	A	THS_PER	M	Y_GE15	TOTAL	FRC2	2014	275.0		
ESTAT:LFST_R_LFP2ACEDU(1.0)	17/04/26 11:00:00	A	THS_PER	M	Y_GE15	TOTAL	FRD1	2014	333.9		
ESTAT:LFST_R_LFP2ACEDU(1.0)	17/04/26 11:00:00	A	THS_PER	M	Y_GE15	TOTAL	FRD2	2014	423.2		
ESTAT:LFST_R_LFP2ACEDU(1.0)	17/04/26 11:00:00	A	THS_PER	M	Y_GE15	TOTAL	FRE1	2014	928.3		
ESTAT:LFST_R_LFP2ACEDU(1.0)	17/04/26 11:00:00	A	THS_PER	M	Y_GE15	TOTAL	FRE2	2014	445.6		
ESTAT:LFST_R_LFP2ACEDU(1.0)	17/04/26 11:00:00	A	THS_PER	M	Y_GE15	TOTAL	FRF1	2014	461.7		
ESTAT:LFST_R_LFP2ACEDU(1.0)	17/04/26 11:00:00	A	THS_PER	M	Y_GE15	TOTAL	FRF2	2014	304.5		
ESTAT:LFST_R_LFP2ACEDU(1.0)	17/04/26 11:00:00	A	THS_PER	M	Y_GE15	TOTAL	FRF3	2014	550.0		
ESTAT:LFST_R_LFP2ACEDU(1.0)	17/04/26 11:00:00	A	THS_PER	M	Y_GE15	TOTAL	FRG0	2014	866.7		
ESTAT:LFST_R_LFP2ACEDU(1.0)	17/04/26 11:00:00	A	THS_PER	M	Y_GE15	TOTAL	FRH0	2014	752.4		
ESTAT:LFST_R_LFP2ACEDU(1.0)	17/04/26 11:00:00	A	THS_PER	M	Y_GE15	TOTAL	FRI1	2014	756.4		
ESTAT:LFST_R_LFP2ACEDU(1.0)	17/04/26 11:00:00	A	THS_PER	M	Y_GE15	TOTAL	FRI2	2014	161.2		
ESTAT:LFST_R_LFP2ACEDU(1.0)	17/04/26 11:00:00	A	THS_PER	M	Y_GE15	TOTAL	FRI3	2014	402.9		
ESTAT:LFST_R_LFP2ACEDU(1.0)	17/04/26 11:00:00	A	THS_PER	M	Y_GE15	TOTAL	FRJ1	2014	585.4		
ESTAT:LFST_R_LFP2ACEDU(1.0)	17/04/26 11:00:00	A	THS_PER	M	Y_GE15	TOTAL	FRJ2	2014	710.1		
ESTAT:LFST_R_LFP2ACEDU(1.0)	17/04/26 11:00:00	A	THS_PER	M	Y_GE15	TOTAL	FRK1	2014	304.7		
ESTAT:LFST_R_LFP2ACEDU(1.0)	17/04/26 11:00:00	A	THS_PER	M	Y_GE15	TOTAL	FRK2	2014	1548.3		
ESTAT:LFST_R_LFP2ACEDU(1.0)	17/04/26 11:00:00	A	THS_PER	M	Y_GE15	TOTAL	FRL0	2014	1140.7		
ESTAT:LFST_R_LFP2ACEDU(1.0)	17/04/26 11:00:00	A	THS_PER	M	Y_GE15	TOTAL	FRM0	2014	38.2	u	
ESTAT:LFST_R_LFP2ACEDU(1.0)	17/04/26 11:00:00	A	THS_PER	T	Y15-74	ED0-2	FR10	2014	1095.2		
ESTAT:LFST_R_LFP2ACEDU(1.0)	17/04/26 11:00:00	A	THS_PER	T	Y15-74	ED0-2	FRB0	2014	242.3		
ESTAT:LFST_R_LFP2ACEDU(1.0)	17/04/26 11:00:00	A	THS_PER	T	Y15-74	ED0-2	FRC1	2014	135.6		
ESTAT:LFST_R_LFP2ACEDU(1.0)	17/04/26 11:00:00	A	THS_PER	T	Y15-74	ED0-2	FRC2	2014	99.0		
ESTAT:LFST_R_LFP2ACEDU(1.0)	17/04/26 11:00:00	A	THS_PER	T	Y15-74	ED0-2	FRD1	2014	128.3		
ESTAT:LFST_R_LFP2ACEDU(1.0)	17/04/26 11:00:00	A	THS_PER	T	Y15-74	ED0-2	FRD2	2014	171.5		
ESTAT:LFST_R_LFP2ACEDU(1.0)	17/04/26 11:00:00	A	THS_PER	T	Y15-74	ED0-2	FRE1	2014	316.7		
ESTAT:LFST_R_LFP2ACEDU(1.0)	17/04/26 11:00:00	A	THS_PER	T	Y15-74	ED0-2	FRE2	2014	223.9		
ESTAT:LFST_R_LFP2ACEDU(1.0)	17/04/26 11:00:00	A	THS_PER	T	Y15-74	ED0-2	FRF1	2014	146.2		
ESTAT:LFST_R_LFP2ACEDU(1.0)	17/04/26 11:00:00	A	THS_PER	T	Y15-74	ED0-2	FRF2	2014	140.3		
ESTAT:LFST_R_LFP2ACEDU(1.0)	17/04/26 11:00:00	A	THS_PER	T	Y15-74	ED0-2	FRF3	2014	183.7		
ESTAT:LFST_R_LFP2ACEDU(1.0)	17/04/26 11:00:00	A	THS_PER	T	Y15-74	ED0-2	FRG0	2014	273.7		
ESTAT:LFST_R_LFP2ACEDU(1.0)	17/04/26 11:00:00	A	THS_PER	T	Y15-74	ED0-2	FRH0	2014	188.8		
ESTAT:LFST_R_LFP2ACEDU(1.0)	17/04/26 11:00:00	A	THS_PER	T	Y15-74	ED0-2	FRI1	2014	223.2		
ESTAT:LFST_R_LFP2ACEDU(1.0)	17/04/26 11:00:00	A	THS_PER	T	Y15-74	ED0-2	FRI2	2014	58.1		
ESTAT:LFST_R_LFP2ACEDU(1.0)	17/04/26 11:00:00	A	THS_PER	T	Y15-74	ED0-2	FRI3	2014	136.5		
ESTAT:LFST_R_LFP2ACEDU(1.0)	17/04/26 11:00:00	A	THS_PER	T	Y15-74	ED0-2	FRJ1	2014	231.1		
ESTAT:LFST_R_LFP2ACEDU(1.0)	17/04/26 11:00:00	A	THS_PER	T	Y15-74	ED0-2	FRJ2	2014	179.9		
ESTAT:LFST_R_LFP2ACEDU(1.0)	17/04/26 11:00:00	A	THS_PER	T	Y15-74	ED0-2	FRK1	2014	104.8		
ESTAT:LFST_R_LFP2ACEDU(1.0)	17/04/26 11:00:00	A	THS_PER	T	Y15-74	ED0-2	FRK2	2014	468.4		
ESTAT:LFST_R_LFP2ACEDU(1.0)	17/04/26 11:00:00	A	THS_PER	T	Y15-74	ED0-2	FRL0	2014	434.7		
ESTAT:LFST_R_LFP2ACEDU(1.0)	17/04/26 11:00:00	A	THS_PER	T	Y15-74	ED0-2	FRM0	2014	18.1	u	
ESTAT:LFST_R_LFP2ACEDU(1.0)	17/04/26 11:00:00	A	THS_PER	T	Y15-74	ED3_4	FR10	2014	2031.2		
ESTAT:LFST_R_LFP2ACEDU(1.0)	17/04/26 11:00:00	A	THS_PER	T	Y15-74	ED3_4	FRB0	2014	527.8		
ESTAT:LFST_R_LFP2ACEDU(1.0)	17/04/26 11:00:00	A	THS_PER	T	Y15-74	ED3_4	FRC1	2014	348.8		
ESTAT:LFST_R_LFP2ACEDU(1.0)	17/04/26 11:00:00	A	THS_PER	T	Y15-74	ED3_4	FRC2	2014	265.3		
ESTAT:LFST_R_LFP2ACEDU(1.0)	17/04/26 11:00:00	A	THS_PER	T	Y15-74	ED3_4	FRD1	2014	335.0		
ESTAT:LFST_R_LFP2ACEDU(1.0)	17/04/26 11:00:00	A	THS_PER	T	Y15-74	ED3_4	FRD2	2014	405.3		
ESTAT:LFST_R_LFP2ACEDU(1.0)	17/04/26 11:00:00	A	THS_PER	T	Y15-74	ED3_4	FRE1	2014	804.7		
ESTAT:LFST_R_LFP2ACEDU(1.0)	17/04/26 11:00:00	A	THS_PER	T	Y15-74	ED3_4	FRE2	2014	403.4		
ESTAT:LFST_R_LFP2ACEDU(1.0)	17/04/26 11:00:00	A	THS_PER	T	Y15-74	ED3_4	FRF1	2014	444.3		
ESTAT:LFST_R_LFP2ACEDU(1.0)	17/04/26 11:00:00	A	THS_PER	T	Y15-74	ED3_4	FRF2	2014	281.1		
ESTAT:LFST_R_LFP2ACEDU(1.0)	17/04/26 11:00:00	A	THS_PER	T	Y15-74	ED3_4	FRF3	2014	516.3		
ESTAT:LFST_R_LFP2ACEDU(1.0)	17/04/26 11:00:00	A	THS_PER	T	Y15-74	ED3_4	FRG0	2014	835.3		
ESTAT:LFST_R_LFP2ACEDU(1.0)	17/04/26 11:00:00	A	THS_PER	T	Y15-74	ED3_4	FRH0	2014	736.8		
ESTAT:LFST_R_LFP2ACEDU(1.0)	17/04/26 11:00:00	A	THS_PER	T	Y15-74	ED3_4	FRI1	2014	725.9		
ESTAT:LFST_R_LFP2ACEDU(1.0)	17/04/26 11:00:00	A	THS_PER	T	Y15-74	ED3_4	FRI2	2014	166.0		
ESTAT:LFST_R_LFP2ACEDU(1.0)	17/04/26 11:00:00	A	THS_PER	T	Y15-74	ED3_4	FRI3	2014	410.3		
ESTAT:LFST_R_LFP2ACEDU(1.0)	17/04/26 11:00:00	A	THS_PER	T	Y15-74	ED3_4	FRJ1	2014	505.0		
ESTAT:LFST_R_LFP2ACEDU(1.0)	17/04/26 11:00:00	A	THS_PER	T	Y15-74	ED3_4	FRJ2	2014	572.1		
ESTAT:LFST_R_LFP2ACEDU(1.0)	17/04/26 11:00:00	A	THS_PER	T	Y15-74	ED3_4	FRK1	2014	292.0		
ESTAT:LFST_R_LFP2ACEDU(1.0)	17/04/26 11:00:00	A	THS_PER	T	Y15-74	ED3_4	FRK2	2014	1308.2		
ESTAT:LFST_R_LFP2ACEDU(1.0)	17/04/26 11:00:00	A	THS_PER	T	Y15-74	ED3_4	FRL0	2014	944.9		
ESTAT:LFST_R_LFP2ACEDU(1.0)	17/04/26 11:00:00	A	THS_PER	T	Y15-74	ED3_4	FRM0	2014	35.0	u	
ESTAT:LFST_R_LFP2ACEDU(1.0)	17/04/26 11:00:00	A	THS_PER	T	Y15-74	ED5-8	FR10	2014	2653.0		
ESTAT:LFST_R_LFP2ACEDU(1.0)	17/04/26 11:00:00	A	THS_PER	T	Y15-74	ED5-8	FRB0	2014	336.6		
ESTAT:LFST_R_LFP2ACEDU(1.0)	17/04/26 11:00:00	A	THS_PER	T	Y15-74	ED5-8	FRC1	2014	223.4		
ESTAT:LFST_R_LFP2ACEDU(1.0)	17/04/26 11:00:00	A	THS_PER	T	Y15-74	ED5-8	FRC2	2014	148.9		
ESTAT:LFST_R_LFP2ACEDU(1.0)	17/04/26 11:00:00	A	THS_PER	T	Y15-74	ED5-8	FRD1	2014	183.2		
ESTAT:LFST_R_LFP2ACEDU(1.0)	17/04/26 11:00:00	A	THS_PER	T	Y15-74	ED5-8	FRD2	2014	230.9		
ESTAT:LFST_R_LFP2ACEDU(1.0)	17/04/26 11:00:00	A	THS_PER	T	Y15-74	ED5-8	FRE1	2014	603.8		
ESTAT:LFST_R_LFP2ACEDU(1.0)	17/04/26 11:00:00	A	THS_PER	T	Y15-74	ED5-8	FRE2	2014	209.3		
ESTAT:LFST_R_LFP2ACEDU(1.0)	17/04/26 11:00:00	A	THS_PER	T	Y15-74	ED5-8	FRF1	2014	289.0		
ESTAT:LFST_R_LFP2ACEDU(1.0)	17/04/26 11:00:00	A	THS_PER	T	Y15-74	ED5-8	FRF2	2014	153.0		
ESTAT:LFST_R_LFP2ACEDU(1.0)	17/04/26 11:00:00	A	THS_PER	T	Y15-74	ED5-8	FRF3	2014	328.2		
ESTAT:LFST_R_LFP2ACEDU(1.0)	17/04/26 11:00:00	A	THS_PER	T	Y15-74	ED5-8	FRG0	2014	549.4		
ESTAT:LFST_R_LFP2ACEDU(1.0)	17/04/26 11:00:00	A	THS_PER	T	Y15-74	ED5-8	FRH0	2014	521.9		
ESTAT:LFST_R_LFP2ACEDU(1.0)	17/04/26 11:00:00	A	THS_PER	T	Y15-74	ED5-8	FRI1	2014	522.3		
ESTAT:LFST_R_LFP2ACEDU(1.0)	17/04/26 11:00:00	A	THS_PER	T	Y15-74	ED5-8	FRI2	2014	98.7		
ESTAT:LFST_R_LFP2ACEDU(1.0)	17/04/26 11:00:00	A	THS_PER	T	Y15-74	ED5-8	FRI3	2014	231.3		
ESTAT:LFST_R_LFP2ACEDU(1.0)	17/04/26 11:00:00	A	THS_PER	T	Y15-74	ED5-8	FRJ1	2014	385.2		
ESTAT:LFST_R_LFP2ACEDU(1.0)	17/04/26 11:00:00	A	THS_PER	T	Y15-74	ED5-8	FRJ2	2014	593.9		
ESTAT:LFST_R_LFP2ACEDU(1.0)	17/04/26 11:00:00	A	THS_PER	T	Y15-74	ED5-8	FRK1	2014	172.1		
ESTAT:LFST_R_LFP2ACEDU(1.0)	17/04/26 11:00:00	A	THS_PER	T	Y15-74	ED5-8	FRK2	2014	1169.1		
ESTAT:LFST_R_LFP2ACEDU(1.0)	17/04/26 11:00:00	A	THS_PER	T	Y15-74	ED5-8	FRL0	2014	830.5		
ESTAT:LFST_R_LFP2ACEDU(1.0)	17/04/26 11:00:00	A	THS_PER	T	Y15-74	ED5-8	FRM0	2014	18.9	u	
ESTAT:LFST_R_LFP2ACEDU(1.0)	17/04/26 11:00:00	A	THS_PER	T	Y15-74	NRP	FR10	2014	24.1		
ESTAT:LFST_R_LFP2ACEDU(1.0)	17/04/26 11:00:00	A	THS_PER	T	Y15-74	NRP	FRB0	2014	3.3	u	
ESTAT:LFST_R_LFP2ACEDU(1.0)	17/04/26 11:00:00	A	THS_PER	T	Y15-74	NRP	FRC1	2014		u	
ESTAT:LFST_R_LFP2ACEDU(1.0)	17/04/26 11:00:00	A	THS_PER	T	Y15-74	NRP	FRC2	2014	1.8	u	
ESTAT:LFST_R_LFP2ACEDU(1.0)	17/04/26 11:00:00	A	THS_PER	T	Y15-74	NRP	FRD1	2014	2.2	u	
ESTAT:LFST_R_LFP2ACEDU(1.0)	17/04/26 11:00:00	A	THS_PER	T	Y15-74	NRP	FRD2	2014	2.8	u	
ESTAT:LFST_R_LFP2ACEDU(1.0)	17/04/26 11:00:00	A	THS_PER	T	Y15-74	NRP	FRE1	2014	1.7	u	
ESTAT:LFST_R_LFP2ACEDU(1.0)	17/04/26 11:00:00	A	THS_PER	T	Y15-74	NRP	FRE2	2014	1.7	u	
ESTAT:LFST_R_LFP2ACEDU(1.0)	17/04/26 11:00:00	A	THS_PER	T	Y15-74	NRP	FRF1	2014	2.7	u	
ESTAT:LFST_R_LFP2ACEDU(1.0)	17/04/26 11:00:00	A	THS_PER	T	Y15-74	NRP	FRF2	2014	0.6	u	
ESTAT:LFST_R_LFP2ACEDU(1.0)	17/04/26 11:00:00	A	THS_PER	T	Y15-74	NRP	FRF3	2014	3.1	u	
ESTAT:LFST_R_LFP2ACEDU(1.0)	17/04/26 11:00:00	A	THS_PER	T	Y15-74	NRP	FRG0	2014	2.5	u	
ESTAT:LFST_R_LFP2ACEDU(1.0)	17/04/26 11:00:00	A	THS_PER	T	Y15-74	NRP	FRH0	2014	2.5	u	
ESTAT:LFST_R_LFP2ACEDU(1.0)	17/04/26 11:00:00	A	THS_PER	T	Y15-74	NRP	FRI1	2014	5.6	u	
ESTAT:LFST_R_LFP2ACEDU(1.0)	17/04/26 11:00:00	A	THS_PER	T	Y15-74	NRP	FRI2	2014	0.7	u	
ESTAT:LFST_R_LFP2ACEDU(1.0)	17/04/26 11:00:00	A	THS_PER	T	Y15-74	NRP	FRI3	2014		u	
ESTAT:LFST_R_LFP2ACEDU(1.0)	17/04/26 11:00:00	A	THS_PER	T	Y15-74	NRP	FRJ1	2014	4.5	u	
ESTAT:LFST_R_LFP2ACEDU(1.0)	17/04/26 11:00:00	A	THS_PER	T	Y15-74	NRP	FRJ2	2014	2.5	u	
ESTAT:LFST_R_LFP2ACEDU(1.0)	17/04/26 11:00:00	A	THS_PER	T	Y15-74	NRP	FRK1	2014	1.8	u	
ESTAT:LFST_R_LFP2ACEDU(1.0)	17/04/26 11:00:00	A	THS_PER	T	Y15-74	NRP	FRK2	2014	8.2	u	
ESTAT:LFST_R_LFP2ACEDU(1.0)	17/04/26 11:00:00	A	THS_PER	T	Y15-74	NRP	FRL0	2014	8.6	u	
ESTAT:LFST_R_LFP2ACEDU(1.0)	17/04/26 11:00:00	A	THS_PER	T	Y15-74	NRP	FRM0	2014		u	
ESTAT:LFST_R_LFP2ACEDU(1.0)	17/04/26 11:00:00	A	THS_PER	T	Y15-74	TOTAL	FR10	2014	5803.5		
ESTAT:LFST_R_LFP2ACEDU(1.0)	17/04/26 11:00:00	A	THS_PER	T	Y15-74	TOTAL	FRB0	2014	1110.0		
ESTAT:LFST_R_LFP2ACEDU(1.0)	17/04/26 11:00:00	A	THS_PER	T	Y15-74	TOTAL	FRC1	2014	708.3		
ESTAT:LFST_R_LFP2ACEDU(1.0)	17/04/26 11:00:00	A	THS_PER	T	Y15-74	TOTAL	FRC2	2014	515.0		
ESTAT:LFST_R_LFP2ACEDU(1.0)	17/04/26 11:00:00	A	THS_PER	T	Y15-74	TOTAL	FRD1	2014	648.7		
ESTAT:LFST_R_LFP2ACEDU(1.0)	17/04/26 11:00:00	A	THS_PER	T	Y15-74	TOTAL	FRD2	2014	810.6		
ESTAT:LFST_R_LFP2ACEDU(1.0)	17/04/26 11:00:00	A	THS_PER	T	Y15-74	TOTAL	FRE1	2014	1726.9		
ESTAT:LFST_R_LFP2ACEDU(1.0)	17/04/26 11:00:00	A	THS_PER	T	Y15-74	TOTAL	FRE2	2014	838.4		
ESTAT:LFST_R_LFP2ACEDU(1.0)	17/04/26 11:00:00	A	THS_PER	T	Y15-74	TOTAL	FRF1	2014	882.3		
ESTAT:LFST_R_LFP2ACEDU(1.0)	17/04/26 11:00:00	A	THS_PER	T	Y15-74	TOTAL	FRF2	2014	575.0		
ESTAT:LFST_R_LFP2ACEDU(1.0)	17/04/26 11:00:00	A	THS_PER	T	Y15-74	TOTAL	FRF3	2014	1031.3		
ESTAT:LFST_R_LFP2ACEDU(1.0)	17/04/26 11:00:00	A	THS_PER	T	Y15-74	TOTAL	FRG0	2014	1660.9		
ESTAT:LFST_R_LFP2ACEDU(1.0)	17/04/26 11:00:00	A	THS_PER	T	Y15-74	TOTAL	FRH0	2014	1450.0		
ESTAT:LFST_R_LFP2ACEDU(1.0)	17/04/26 11:00:00	A	THS_PER	T	Y15-74	TOTAL	FRI1	2014	1477.0		
ESTAT:LFST_R_LFP2ACEDU(1.0)	17/04/26 11:00:00	A	THS_PER	T	Y15-74	TOTAL	FRI2	2014	323.5		
ESTAT:LFST_R_LFP2ACEDU(1.0)	17/04/26 11:00:00	A	THS_PER	T	Y15-74	TOTAL	FRI3	2014	778.4		
ESTAT:LFST_R_LFP2ACEDU(1.0)	17/04/26 11:00:00	A	THS_PER	T	Y15-74	TOTAL	FRJ1	2014	1125.8		
ESTAT:LFST_R_LFP2ACEDU(1.0)	17/04/26 11:00:00	A	THS_PER	T	Y15-74	TOTAL	FRJ2	2014	1348.4		
ESTAT:LFST_R_LFP2ACEDU(1.0)	17/04/26 11:00:00	A	THS_PER	T	Y15-74	TOTAL	FRK1	2014	570.8		
ESTAT:LFST_R_LFP2ACEDU(1.0)	17/04/26 11:00:00	A	THS_PER	T	Y15-74	TOTAL	FRK2	2014	2953.9		
ESTAT:LFST_R_LFP2ACEDU(1.0)	17/04/26 11:00:00	A	THS_PER	T	Y15-74	TOTAL	FRL0	2014	2218.7		
ESTAT:LFST_R_LFP2ACEDU(1.0)	17/04/26 11:00:00	A	THS_PER	T	Y15-74	TOTAL	FRM0	2014	72.5	u	
ESTAT:LFST_R_LFP2ACEDU(1.0)	17/04/26 11:00:00	A	THS_PER	T	Y25-64	ED0-2	FR10	2014	990.7		
ESTAT:LFST_R_LFP2ACEDU(1.0)	17/04/26 11:00:00	A	THS_PER	T	Y25-64	ED0-2	FRB0	2014	217.5		
ESTAT:LFST_R_LFP2ACEDU(1.0)	17/04/26 11:00:00	A	THS_PER	T	Y25-64	ED0-2	FRC1	2014	118.0		
ESTAT:LFST_R_LFP2ACEDU(1.0)	17/04/26 11:00:00	A	THS_PER	T	Y25-64	ED0-2	FRC2	2014	87.1		
ESTAT:LFST_R_LFP2ACEDU(1.0)	17/04/26 11:00:00	A	THS_PER	T	Y25-64	ED0-2	FRD1	2014	115.2		
ESTAT:LFST_R_LFP2ACEDU(1.0)	17/04/26 11:00:00	A	THS_PER	T	Y25-64	ED0-2	FRD2	2014	151.4		
ESTAT:LFST_R_LFP2ACEDU(1.0)	17/04/26 11:00:00	A	THS_PER	T	Y25-64	ED0-2	FRE1	2014	280.6		
ESTAT:LFST_R_LFP2ACEDU(1.0)	17/04/26 11:00:00	A	THS_PER	T	Y25-64	ED0-2	FRE2	2014	203.1		
ESTAT:LFST_R_LFP2ACEDU(1.0)	17/04/26 11:00:00	A	THS_PER	T	Y25-64	ED0-2	FRF1	2014	128.3		
ESTAT:LFST_R_LFP2ACEDU(1.0)	17/04/26 11:00:00	A	THS_PER	T	Y25-64	ED0-2	FRF2	2014	125.3		
ESTAT:LFST_R_LFP2ACEDU(1.0)	17/04/26 11:00:00	A	THS_PER	T	Y25-64	ED0-2	FRF3	2014	159.0		
ESTAT:LFST_R_LFP2ACEDU(1.0)	17/04/26 11:00:00	A	THS_PER	T	Y25-64	ED0-2	FRG0	2014	241.3		
ESTAT:LFST_R_LFP2ACEDU(1.0)	17/04/26 11:00:00	A	THS_PER	T	Y25-64	ED0-2	FRH0	2014	170.5		
ESTAT:LFST_R_LFP2ACEDU(1.0)	17/04/26 11:00:00	A	THS_PER	T	Y25-64	ED0-2	FRI1	2014	196.2		
ESTAT:LFST_R_LFP2ACEDU(1.0)	17/04/26 11:00:00	A	THS_PER	T	Y25-64	ED0-2	FRI2	2014	47.9		
ESTAT:LFST_R_LFP2ACEDU(1.0)	17/04/26 11:00:00	A	THS_PER	T	Y25-64	ED0-2	FRI3	2014	119.9		
ESTAT:LFST_R_LFP2ACEDU(1.0)	17/04/26 11:00:00	A	THS_PER	T	Y25-64	ED0-2	FRJ1	2014	207.3		
ESTAT:LFST_R_LFP2ACEDU(1.0)	17/04/26 11:00:00	A	THS_PER	T	Y25-64	ED0-2	FRJ2	2014	162.0		
ESTAT:LFST_R_LFP2ACEDU(1.0)	17/04/26 11:00:00	A	THS_PER	T	Y25-64	ED0-2	FRK1	2014	93.7		
ESTAT:LFST_R_LFP2ACEDU(1.0)	17/04/26 11:00:00	A	THS_PER	T	Y25-64	ED0-2	FRK2	2014	410.7		
ESTAT:LFST_R_LFP2ACEDU(1.0)	17/04/26 11:00:00	A	THS_PER	T	Y25-64	ED0-2	FRL0	2014	386.2		
ESTAT:LFST_R_LFP2ACEDU(1.0)	17/04/26 11:00:00	A	THS_PER	T	Y25-64	ED0-2	FRM0	2014	15.4	u	
ESTAT:LFST_R_LFP2ACEDU(1.0)	17/04/26 11:00:00	A	THS_PER	T	Y25-64	ED3_4	FR10	2014	1789.2		
ESTAT:LFST_R_LFP2ACEDU(1.0)	17/04/26 11:00:00	A	THS_PER	T	Y25-64	ED3_4	FRB0	2014	462.5		
ESTAT:LFST_R_LFP2ACEDU(1.0)	17/04/26 11:00:00	A	THS_PER	T	Y25-64	ED3_4	FRC1	2014	311.1		
ESTAT:LFST_R_LFP2ACEDU(1.0)	17/04/26 11:00:00	A	THS_PER	T	Y25-64	ED3_4	FRC2	2014	235.0		
ESTAT:LFST_R_LFP2ACEDU(1.0)	17/04/26 11:00:00	A	THS_PER	T	Y25-64	ED3_4	FRD1	2014	295.4		
ESTAT:LFST_R_LFP2ACEDU(1.0)	17/04/26 11:00:00	A	THS_PER	T	Y25-64	ED3_4	FRD2	2014	357.4		
ESTAT:LFST_R_LFP2ACEDU(1.0)	17/04/26 11:00:00	A	THS_PER	T	Y25-64	ED3_4	FRE1	2014	697.3		
ESTAT:LFST_R_LFP2ACEDU(1.0)	17/04/26 11:00:00	A	THS_PER	T	Y25-64	ED3_4	FRE2	2014	347.4		
ESTAT:LFST_R_LFP2ACEDU(1.0)	17/04/26 11:00:00	A	THS_PER	T	Y25-64	ED3_4	FRF1	2014	377.2		
ESTAT:LFST_R_LFP2ACEDU(1.0)	17/04/26 11:00:00	A	THS_PER	T	Y25-64	ED3_4	FRF2	2014	242.8		
ESTAT:LFST_R_LFP2ACEDU(1.0)	17/04/26 11:00:00	A	THS_PER	T	Y25-64	ED3_4	FRF3	2014	460.7		
ESTAT:LFST_R_LFP2ACEDU(1.0)	17/04/26 11:00:00	A	THS_PER	T	Y25-64	ED3_4	FRG0	2014	734.6		
ESTAT:LFST_R_LFP2ACEDU(1.0)	17/04/26 11:00:00	A	THS_PER	T	Y25-64	ED3_4	FRH0	2014	657.8		
ESTAT:LFST_R_LFP2ACEDU(1.0)	17/04/26 11:00:00	A	THS_PER	T	Y25-64	ED3_4	FRI1	2014	646.3		
ESTAT:LFST_R_LFP2ACEDU(1.0)	17/04/26 11:00:00	A	THS_PER	T	Y25-64	ED3_4	FRI2	2014	142.1		
ESTAT:LFST_R_LFP2ACEDU(1.0)	17/04/26 11:00:00	A	THS_PER	T	Y25-64	ED3_4	FRI3	2014	362.7		
ESTAT:LFST_R_LFP2ACEDU(1.0)	17/04/26 11:00:00	A	THS_PER	T	Y25-64	ED3_4	FRJ1	2014	440.4		
ESTAT:LFST_R_LFP2ACEDU(1.0)	17/04/26 11:00:00	A	THS_PER	T	Y25-64	ED3_4	FRJ2	2014	498.3		
ESTAT:LFST_R_LFP2ACEDU(1.0)	17/04/26 11:00:00	A	THS_PER	T	Y25-64	ED3_4	FRK1	2014	266.8		
ESTAT:LFST_R_LFP2ACEDU(1.0)	17/04/26 11:00:00	A	THS_PER	T	Y25-64	ED3_4	FRK2	2014	1137.0		
ESTAT:LFST_R_LFP2ACEDU(1.0)	17/04/26 11:00:00	A	THS_PER	T	Y25-64	ED3_4	FRL0	2014	832.3		
ESTAT:LFST_R_LFP2ACEDU(1.0)	17/04/26 11:00:00	A	THS_PER	T	Y25-64	ED3_4	FRM0	2014	28.4	u	
ESTAT:LFST_R_LFP2ACEDU(1.0)	17/04/26 11:00:00	A	THS_PER	T	Y25-64	ED5-8	FR10	2014	2490.2		
ESTAT:LFST_R_LFP2ACEDU(1.0)	17/04/26 11:00:00	A	THS_PER	T	Y25-64	ED5-8	FRB0	2014	308.5		
ESTAT:LFST_R_LFP2ACEDU(1.0)	17/04/26 11:00:00	A	THS_PER	T	Y25-64	ED5-8	FRC1	2014	203.4		
ESTAT:LFST_R_LFP2ACEDU(1.0)	17/04/26 11:00:00	A	THS_PER	T	Y25-64	ED5-8	FRC2	2014	138.1		
ESTAT:LFST_R_LFP2ACEDU(1.0)	17/04/26 11:00:00	A	THS_PER	T	Y25-64	ED5-8	FRD1	2014	161.1		
ESTAT:LFST_R_LFP2ACEDU(1.0)	17/04/26 11:00:00	A	THS_PER	T	Y25-64	ED5-8	FRD2	2014	208.3		
ESTAT:LFST_R_LFP2ACEDU(1.0)	17/04/26 11:00:00	A	THS_PER	T	Y25-64	ED5-8	FRE1	2014	551.8		
ESTAT:LFST_R_LFP2ACEDU(1.0)	17/04/26 11:00:00	A	THS_PER	T	Y25-64	ED5-8	FRE2	2014	189.7		
ESTAT:LFST_R_LFP2ACEDU(1.0)	17/04/26 11:00:00	A	THS_PER	T	Y25-64	ED5-8	FRF1	2014	263.2		
ESTAT:LFST_R_LFP2ACEDU(1.0)	17/04/26 11:00:00	A	THS_PER	T	Y25-64	ED5-8	FRF2	2014	135.1		
ESTAT:LFST_R_LFP2ACEDU(1.0)	17/04/26 11:00:00	A	THS_PER	T	Y25-64	ED5-8	FRF3	2014	295.2		
ESTAT:LFST_R_LFP2ACEDU(1.0)	17/04/26 11:00:00	A	THS_PER	T	Y25-64	ED5-8	FRG0	2014	509.7		
ESTAT:LFST_R_LFP2ACEDU(1.0)	17/04/26 11:00:00	A	THS_PER	T	Y25-64	ED5-8	FRH0	2014	491.1		
ESTAT:LFST_R_LFP2ACEDU(1.0)	17/04/26 11:00:00	A	THS_PER	T	Y25-64	ED5-8	FRI1	2014	487.8		
ESTAT:LFST_R_LFP2ACEDU(1.0)	17/04/26 11:00:00	A	THS_PER	T	Y25-64	ED5-8	FRI2	2014	93.1		
ESTAT:LFST_R_LFP2ACEDU(1.0)	17/04/26 11:00:00	A	THS_PER	T	Y25-64	ED5-8	FRI3	2014	204.2		
ESTAT:LFST_R_LFP2ACEDU(1.0)	17/04/26 11:00:00	A	THS_PER	T	Y25-64	ED5-8	FRJ1	2014	365.6		
ESTAT:LFST_R_LFP2ACEDU(1.0)	17/04/26 11:00:00	A	THS_PER	T	Y25-64	ED5-8	FRJ2	2014	564.9		
ESTAT:LFST_R_LFP2ACEDU(1.0)	17/04/26 11:00:00	A	THS_PER	T	Y25-64	ED5-8	FRK1	2014	156.7		
ESTAT:LFST_R_LFP2ACEDU(1.0)	17/04/26 11:00:00	A	THS_PER	T	Y25-64	ED5-8	FRK2	2014	1081.3		
ESTAT:LFST_R_LFP2ACEDU(1.0)	17/04/26 11:00:00	A	THS_PER	T	Y25-64	ED5-8	FRL0	2014	780.1		
ESTAT:LFST_R_LFP2ACEDU(1.0)	17/04/26 11:00:00	A	THS_PER	T	Y25-64	ED5-8	FRM0	2014	17.6	u	
ESTAT:LFST_R_LFP2ACEDU(1.0)	17/04/26 11:00:00	A	THS_PER	T	Y25-64	NRP	FR10	2014	20.2		
ESTAT:LFST_R_LFP2ACEDU(1.0)	17/04/26 11:00:00	A	THS_PER	T	Y25-64	NRP	FRB0	2014	2.8	u	
ESTAT:LFST_R_LFP2ACEDU(1.0)	17/04/26 11:00:00	A	THS_PER	T	Y25-64	NRP	FRC1	2014		u	
ESTAT:LFST_R_LFP2ACEDU(1.0)	17/04/26 11:00:00	A	THS_PER	T	Y25-64	NRP	FRC2	2014	1.2	u	
ESTAT:LFST_R_LFP2ACEDU(1.0)	17/04/26 11:00:00	A	THS_PER	T	Y25-64	NRP	FRD1	2014	2.0	u	
ESTAT:LFST_R_LFP2ACEDU(1.0)	17/04/26 11:00:00	A	THS_PER	T	Y25-64	NRP	FRD2	2014	2.7	u	
ESTAT:LFST_R_LFP2ACEDU(1.0)	17/04/26 11:00:00	A	THS_PER	T	Y25-64	NRP	FRE1	2014	1.5	u	
ESTAT:LFST_R_LFP2ACEDU(1.0)	17/04/26 11:00:00	A	THS_PER	T	Y25-64	NRP	FRE2	2014	1.6	u	
ESTAT:LFST_R_LFP2ACEDU(1.0)	17/04/26 11:00:00	A	THS_PER	T	Y25-64	NRP	FRF1	2014	2.5	u	
ESTAT:LFST_R_LFP2ACEDU(1.0)	17/04/26 11:00:00	A	THS_PER	T	Y25-64	NRP	FRF2	2014		u	
ESTAT:LFST_R_LFP2ACEDU(1.0)	17/04/26 11:00:00	A	THS_PER	T	Y25-64	NRP	FRF3	2014	2.6	u	
ESTAT:LFST_R_LFP2ACEDU(1.0)	17/04/26 11:00:00	A	THS_PER	T	Y25-64	NRP	FRG0	2014	2.1	u	
ESTAT:LFST_R_LFP2ACEDU(1.0)	17/04/26 11:00:00	A	THS_PER	T	Y25-64	NRP	FRH0	2014	2.2	u	
ESTAT:LFST_R_LFP2ACEDU(1.0)	17/04/26 11:00:00	A	THS_PER	T	Y25-64	NRP	FRI1	2014	3.7	u	
ESTAT:LFST_R_LFP2ACEDU(1.0)	17/04/26 11:00:00	A	THS_PER	T	Y25-64	NRP	FRI2	2014	0.6	u	
ESTAT:LFST_R_LFP2ACEDU(1.0)	17/04/26 11:00:00	A	THS_PER	T	Y25-64	NRP	FRI3	2014		u	
ESTAT:LFST_R_LFP2ACEDU(1.0)	17/04/26 11:00:00	A	THS_PER	T	Y25-64	NRP	FRJ1	2014	4.1	u	
ESTAT:LFST_R_LFP2ACEDU(1.0)	17/04/26 11:00:00	A	THS_PER	T	Y25-64	NRP	FRJ2	2014	2.3	u	
ESTAT:LFST_R_LFP2ACEDU(1.0)	17/04/26 11:00:00	A	THS_PER	T	Y25-64	NRP	FRK1	2014	1.4	u	
ESTAT:LFST_R_LFP2ACEDU(1.0)	17/04/26 11:00:00	A	THS_PER	T	Y25-64	NRP	FRK2	2014	6.0	u	
ESTAT:LFST_R_LFP2ACEDU(1.0)	17/04/26 11:00:00	A	THS_PER	T	Y25-64	NRP	FRL0	2014	6.6	u	
ESTAT:LFST_R_LFP2ACEDU(1.0)	17/04/26 11:00:00	A	THS_PER	T	Y25-64	NRP	FRM0	2014		u	
ESTAT:LFST_R_LFP2ACEDU(1.0)	17/04/26 11:00:00	A	THS_PER	T	Y25-64	TOTAL	FR10	2014	5290.3		
ESTAT:LFST_R_LFP2ACEDU(1.0)	17/04/26 11:00:00	A	THS_PER	T	Y25-64	TOTAL	FRB0	2014	991.3		
ESTAT:LFST_R_LFP2ACEDU(1.0)	17/04/26 11:00:00	A	THS_PER	T	Y25-64	TOTAL	FRC1	2014	633.0		
ESTAT:LFST_R_LFP2ACEDU(1.0)	17/04/26 11:00:00	A	THS_PER	T	Y25-64	TOTAL	FRC2	2014	461.4		
ESTAT:LFST_R_LFP2ACEDU(1.0)	17/04/26 11:00:00	A	THS_PER	T	Y25-64	TOTAL	FRD1	2014	573.7		
ESTAT:LFST_R_LFP2ACEDU(1.0)	17/04/26 11:00:00	A	THS_PER	T	Y25-64	TOTAL	FRD2	2014	719.9		
ESTAT:LFST_R_LFP2ACEDU(1.0)	17/04/26 11:00:00	A	THS_PER	T	Y25-64	TOTAL	FRE1	2014	1531.1		
ESTAT:LFST_R_LFP2ACEDU(1.0)	17/04/26 11:00:00	A	THS_PER	T	Y25-64	TOTAL	FRE2	2014	741.8		
ESTAT:LFST_R_LFP2ACEDU(1.0)	17/04/26 11:00:00	A	THS_PER	T	Y25-64	TOTAL	FRF1	2014	771.2		
ESTAT:LFST_R_LFP2ACEDU(1.0)	17/04/26 11:00:00	A	THS_PER	T	Y25-64	TOTAL	FRF2	2014	503.4		
ESTAT:LFST_R_LFP2ACEDU(1.0)	17/04/26 11:00:00	A	THS_PER	T	Y25-64	TOTAL	FRF3	2014	917.5		
ESTAT:LFST_R_LFP2ACEDU(1.0)	17/04/26 11:00:00	A	THS_PER	T	Y25-64	TOTAL	FRG0	2014	1487.7		
ESTAT:LFST_R_LFP2ACEDU(1.0)	17/04/26 11:00:00	A	THS_PER	T	Y25-64	TOTAL	FRH0	2014	1321.5		
ESTAT:LFST_R_LFP2ACEDU(1.0)	17/04/26 11:00:00	A	THS_PER	T	Y25-64	TOTAL	FRI1	2014	1334.0		
ESTAT:LFST_R_LFP2ACEDU(1.0)	17/04/26 11:00:00	A	THS_PER	T	Y25-64	TOTAL	FRI2	2014	283.8		
ESTAT:LFST_R_LFP2ACEDU(1.0)	17/04/26 11:00:00	A	THS_PER	T	Y25-64	TOTAL	FRI3	2014	687.2		
ESTAT:LFST_R_LFP2ACEDU(1.0)	17/04/26 11:00:00	A	THS_PER	T	Y25-64	TOTAL	FRJ1	2014	1017.5		
ESTAT:LFST_R_LFP2ACEDU(1.0)	17/04/26 11:00:00	A	THS_PER	T	Y25-64	TOTAL	FRJ2	2014	1227.5		
ESTAT:LFST_R_LFP2ACEDU(1.0)	17/04/26 11:00:00	A	THS_PER	T	Y25-64	TOTAL	FRK1	2014	518.6		
ESTAT:LFST_R_LFP2ACEDU(1.0)	17/04/26 11:00:00	A	THS_PER	T	Y25-64	TOTAL	FRK2	2014	2635.0		
ESTAT:LFST_R_LFP2ACEDU(1.0)	17/04/26 11:00:00	A	THS_PER	T	Y25-64	TOTAL	FRL0	2014	2005.2		
ESTAT:LFST_R_LFP2ACEDU(1.0)	17/04/26 11:00:00	A	THS_PER	T	Y25-64	TOTAL	FRM0	2014	61.8	u	
ESTAT:LFST_R_LFP2ACEDU(1.0)	17/04/26 11:00:00	A	THS_PER	T	Y_GE15	ED0-2	FR10	2014	1096.0		
ESTAT:LFST_R_LFP2ACEDU(1.0)	17/04/26 11:00:00	A	THS_PER	T	Y_GE15	ED0-2	FRB0	2014	243.0		
ESTAT:LFST_R_LFP2ACEDU(1.0)	17/04/26 11:00:00	A	THS_PER	T	Y_GE15	ED0-2	FRC1	2014	135.8		
ESTAT:LFST_R_LFP2ACEDU(1.0)	17/04/26 11:00:00	A	THS_PER	T	Y_GE15	ED0-2	FRC2	2014	99.0		
ESTAT:LFST_R_LFP2ACEDU(1.0)	17/04/26 11:00:00	A	THS_PER	T	Y_GE15	ED0-2	FRD1	2014	128.6		
ESTAT:LFST_R_LFP2ACEDU(1.0)	17/04/26 11:00:00	A	THS_PER	T	Y_GE15	ED0-2	FRD2	2014	171.9		
ESTAT:LFST_R_LFP2ACEDU(1.0)	17/04/26 11:00:00	A	THS_PER	T	Y_GE15	ED0-2	FRE1	2014	316.9		
ESTAT:LFST_R_LFP2ACEDU(1.0)	17/04/26 11:00:00	A	THS_PER	T	Y_GE15	ED0-2	FRE2	2014	223.9		
ESTAT:LFST_R_LFP2ACEDU(1.0)	17/04/26 11:00:00	A	THS_PER	T	Y_GE15	ED0-2	FRF1	2014	146.2		
ESTAT:LFST_R_LFP2ACEDU(1.0)	17/04/26 11:00:00	A	THS_PER	T	Y_GE15	ED0-2	FRF2	2014	140.3		
ESTAT:LFST_R_LFP2ACEDU(1.0)	17/04/26 11:00:00	A	THS_PER	T	Y_GE15	ED0-2	FRF3	2014	184.4		
ESTAT:LFST_R_LFP2ACEDU(1.0)	17/04/26 11:00:00	A	THS_PER	T	Y_GE15	ED0-2	FRG0	2014	273.8		
ESTAT:LFST_R_LFP2ACEDU(1.0)	17/04/26 11:00:00	A	THS_PER	T	Y_GE15	ED0-2	FRH0	2014	188.8		
ESTAT:LFST_R_LFP2ACEDU(1.0)	17/04/26 11:00:00	A	THS_PER	T	Y_GE15	ED0-2	FRI1	2014	224.0		
ESTAT:LFST_R_LFP2ACEDU(1.0)	17/04/26 11:00:00	A	THS_PER	T	Y_GE15	ED0-2	FRI2	2014	58.2		
ESTAT:LFST_R_LFP2ACEDU(1.0)	17/04/26 11:00:00	A	THS_PER	T	Y_GE15	ED0-2	FRI3	2014	136.7		
ESTAT:LFST_R_LFP2ACEDU(1.0)	17/04/26 11:00:00	A	THS_PER	T	Y_GE15	ED0-2	FRJ1	2014	232.5		
ESTAT:LFST_R_LFP2ACEDU(1.0)	17/04/26 11:00:00	A	THS_PER	T	Y_GE15	ED0-2	FRJ2	2014	180.3		
ESTAT:LFST_R_LFP2ACEDU(1.0)	17/04/26 11:00:00	A	THS_PER	T	Y_GE15	ED0-2	FRK1	2014	104.8		
ESTAT:LFST_R_LFP2ACEDU(1.0)	17/04/26 11:00:00	A	THS_PER	T	Y_GE15	ED0-2	FRK2	2014	469.4		
ESTAT:LFST_R_LFP2ACEDU(1.0)	17/04/26 11:00:00	A	THS_PER	T	Y_GE15	ED0-2	FRL0	2014	436.0		
ESTAT:LFST_R_LFP2ACEDU(1.0)	17/04/26 11:00:00	A	THS_PER	T	Y_GE15	ED0-2	FRM0	2014	18.1	u	
ESTAT:LFST_R_LFP2ACEDU(1.0)	17/04/26 11:00:00	A	THS_PER	T	Y_GE15	ED3_4	FR10	2014	2032.8		
ESTAT:LFST_R_LFP2ACEDU(1.0)	17/04/26 11:00:00	A	THS_PER	T	Y_GE15	ED3_4	FRB0	2014	527.8		
ESTAT:LFST_R_LFP2ACEDU(1.0)	17/04/26 11:00:00	A	THS_PER	T	Y_GE15	ED3_4	FRC1	2014	349.7		
ESTAT:LFST_R_LFP2ACEDU(1.0)	17/04/26 11:00:00	A	THS_PER	T	Y_GE15	ED3_4	FRC2	2014	265.3		
ESTAT:LFST_R_LFP2ACEDU(1.0)	17/04/26 11:00:00	A	THS_PER	T	Y_GE15	ED3_4	FRD1	2014	335.0		
ESTAT:LFST_R_LFP2ACEDU(1.0)	17/04/26 11:00:00	A	THS_PER	T	Y_GE15	ED3_4	FRD2	2014	405.4		
ESTAT:LFST_R_LFP2ACEDU(1.0)	17/04/26 11:00:00	A	THS_PER	T	Y_GE15	ED3_4	FRE1	2014	804.7		
ESTAT:LFST_R_LFP2ACEDU(1.0)	17/04/26 11:00:00	A	THS_PER	T	Y_GE15	ED3_4	FRE2	2014	403.7		
ESTAT:LFST_R_LFP2ACEDU(1.0)	17/04/26 11:00:00	A	THS_PER	T	Y_GE15	ED3_4	FRF1	2014	444.8		
ESTAT:LFST_R_LFP2ACEDU(1.0)	17/04/26 11:00:00	A	THS_PER	T	Y_GE15	ED3_4	FRF2	2014	281.4		
ESTAT:LFST_R_LFP2ACEDU(1.0)	17/04/26 11:00:00	A	THS_PER	T	Y_GE15	ED3_4	FRF3	2014	516.4		
ESTAT:LFST_R_LFP2ACEDU(1.0)	17/04/26 11:00:00	A	THS_PER	T	Y_GE15	ED3_4	FRG0	2014	836.2		
ESTAT:LFST_R_LFP2ACEDU(1.0)	17/04/26 11:00:00	A	THS_PER	T	Y_GE15	ED3_4	FRH0	2014	737.1		
ESTAT:LFST_R_LFP2ACEDU(1.0)	17/04/26 11:00:00	A	THS_PER	T	Y_GE15	ED3_4	FRI1	2014	725.9		
ESTAT:LFST_R_LFP2ACEDU(1.0)	17/04/26 11:00:00	A	THS_PER	T	Y_GE15	ED3_4	FRI2	2014	166.0		
ESTAT:LFST_R_LFP2ACEDU(1.0)	17/04/26 11:00:00	A	THS_PER	T	Y_GE15	ED3_4	FRI3	2014	410.3		
ESTAT:LFST_R_LFP2ACEDU(1.0)	17/04/26 11:00:00	A	THS_PER	T	Y_GE15	ED3_4	FRJ1	2014	505.0		
ESTAT:LFST_R_LFP2ACEDU(1.0)	17/04/26 11:00:00	A	THS_PER	T	Y_GE15	ED3_4	FRJ2	2014	572.4		
ESTAT:LFST_R_LFP2ACEDU(1.0)	17/04/26 11:00:00	A	THS_PER	T	Y_GE15	ED3_4	FRK1	2014	292.0		
ESTAT:LFST_R_LFP2ACEDU(1.0)	17/04/26 11:00:00	A	THS_PER	T	Y_GE15	ED3_4	FRK2	2014	1308.6		
ESTAT:LFST_R_LFP2ACEDU(1.0)	17/04/26 11:00:00	A	THS_PER	T	Y_GE15	ED3_4	FRL0	2014	945.6		
ESTAT:LFST_R_LFP2ACEDU(1.0)	17/04/26 11:00:00	A	THS_PER	T	Y_GE15	ED3_4	FRM0	2014	35.0	u	
ESTAT:LFST_R_LFP2ACEDU(1.0)	17/04/26 11:00:00	A	THS_PER	T	Y_GE15	ED5-8	FR10	2014	2654.7		
ESTAT:LFST_R_LFP2ACEDU(1.0)	17/04/26 11:00:00	A	THS_PER	T	Y_GE15	ED5-8	FRB0	2014	337.1		
ESTAT:LFST_R_LFP2ACEDU(1.0)	17/04/26 11:00:00	A	THS_PER	T	Y_GE15	ED5-8	FRC1	2014	223.8		
ESTAT:LFST_R_LFP2ACEDU(1.0)	17/04/26 11:00:00	A	THS_PER	T	Y_GE15	ED5-8	FRC2	2014	148.9		
ESTAT:LFST_R_LFP2ACEDU(1.0)	17/04/26 11:00:00	A	THS_PER	T	Y_GE15	ED5-8	FRD1	2014	183.2		
ESTAT:LFST_R_LFP2ACEDU(1.0)	17/04/26 11:00:00	A	THS_PER	T	Y_GE15	ED5-8	FRD2	2014	230.9		
ESTAT:LFST_R_LFP2ACEDU(1.0)	17/04/26 11:00:00	A	THS_PER	T	Y_GE15	ED5-8	FRE1	2014	603.8		
ESTAT:LFST_R_LFP2ACEDU(1.0)	17/04/26 11:00:00	A	THS_PER	T	Y_GE15	ED5-8	FRE2	2014	209.4		
ESTAT:LFST_R_LFP2ACEDU(1.0)	17/04/26 11:00:00	A	THS_PER	T	Y_GE15	ED5-8	FRF1	2014	289.0		
ESTAT:LFST_R_LFP2ACEDU(1.0)	17/04/26 11:00:00	A	THS_PER	T	Y_GE15	ED5-8	FRF2	2014	153.0		
ESTAT:LFST_R_LFP2ACEDU(1.0)	17/04/26 11:00:00	A	THS_PER	T	Y_GE15	ED5-8	FRF3	2014	328.2		
ESTAT:LFST_R_LFP2ACEDU(1.0)	17/04/26 11:00:00	A	THS_PER	T	Y_GE15	ED5-8	FRG0	2014	549.4		
ESTAT:LFST_R_LFP2ACEDU(1.0)	17/04/26 11:00:00	A	THS_PER	T	Y_GE15	ED5-8	FRH0	2014	522.0		
ESTAT:LFST_R_LFP2ACEDU(1.0)	17/04/26 11:00:00	A	THS_PER	T	Y_GE15	ED5-8	FRI1	2014	522.4		
ESTAT:LFST_R_LFP2ACEDU(1.0)	17/04/26 11:00:00	A	THS_PER	T	Y_GE15	ED5-8	FRI2	2014	98.9		
ESTAT:LFST_R_LFP2ACEDU(1.0)	17/04/26 11:00:00	A	THS_PER	T	Y_GE15	ED5-8	FRI3	2014	231.3		
ESTAT:LFST_R_LFP2ACEDU(1.0)	17/04/26 11:00:00	A	THS_PER	T	Y_GE15	ED5-8	FRJ1	2014	385.3		
ESTAT:LFST_R_LFP2ACEDU(1.0)	17/04/26 11:00:00	A	THS_PER	T	Y_GE15	ED5-8	FRJ2	2014	593.9		
ESTAT:LFST_R_LFP2ACEDU(1.0)	17/04/26 11:00:00	A	THS_PER	T	Y_GE15	ED5-8	FRK1	2014	172.1		
ESTAT:LFST_R_LFP2ACEDU(1.0)	17/04/26 11:00:00	A	THS_PER	T	Y_GE15	ED5-8	FRK2	2014	1169.2		
ESTAT:LFST_R_LFP2ACEDU(1.0)	17/04/26 11:00:00	A	THS_PER	T	Y_GE15	ED5-8	FRL0	2014	831.7		
ESTAT:LFST_R_LFP2ACEDU(1.0)	17/04/26 11:00:00	A	THS_PER	T	Y_GE15	ED5-8	FRM0	2014	18.9	u	
ESTAT:LFST_R_LFP2ACEDU(1.0)	17/04/26 11:00:00	A	THS_PER	T	Y_GE15	NRP	FR10	2014	24.5		
ESTAT:LFST_R_LFP2ACEDU(1.0)	17/04/26 11:00:00	A	THS_PER	T	Y_GE15	NRP	FRB0	2014	3.3	u	
ESTAT:LFST_R_LFP2ACEDU(1.0)	17/04/26 11:00:00	A	THS_PER	T	Y_GE15	NRP	FRC1	2014		u	
ESTAT:LFST_R_LFP2ACEDU(1.0)	17/04/26 11:00:00	A	THS_PER	T	Y_GE15	NRP	FRC2	2014	1.8	u	
ESTAT:LFST_R_LFP2ACEDU(1.0)	17/04/26 11:00:00	A	THS_PER	T	Y_GE15	NRP	FRD1	2014	2.2	u	
ESTAT:LFST_R_LFP2ACEDU(1.0)	17/04/26 11:00:00	A	THS_PER	T	Y_GE15	NRP	FRD2	2014	2.8	u	
ESTAT:LFST_R_LFP2ACEDU(1.0)	17/04/26 11:00:00	A	THS_PER	T	Y_GE15	NRP	FRE1	2014	1.7	u	
ESTAT:LFST_R_LFP2ACEDU(1.0)	17/04/26 11:00:00	A	THS_PER	T	Y_GE15	NRP	FRE2	2014	1.7	u	
ESTAT:LFST_R_LFP2ACEDU(1.0)	17/04/26 11:00:00	A	THS_PER	T	Y_GE15	NRP	FRF1	2014	2.7	u	
ESTAT:LFST_R_LFP2ACEDU(1.0)	17/04/26 11:00:00	A	THS_PER	T	Y_GE15	NRP	FRF2	2014	0.6	u	
ESTAT:LFST_R_LFP2ACEDU(1.0)	17/04/26 11:00:00	A	THS_PER	T	Y_GE15	NRP	FRF3	2014	3.1	u	
ESTAT:LFST_R_LFP2ACEDU(1.0)	17/04/26 11:00:00	A	THS_PER	T	Y_GE15	NRP	FRG0	2014	2.5	u	
ESTAT:LFST_R_LFP2ACEDU(1.0)	17/04/26 11:00:00	A	THS_PER	T	Y_GE15	NRP	FRH0	2014	2.5	u	
ESTAT:LFST_R_LFP2ACEDU(1.0)	17/04/26 11:00:00	A	THS_PER	T	Y_GE15	NRP	FRI1	2014	5.6	u	
ESTAT:LFST_R_LFP2ACEDU(1.0)	17/04/26 11:00:00	A	THS_PER	T	Y_GE15	NRP	FRI2	2014	0.7	u	
ESTAT:LFST_R_LFP2ACEDU(1.0)	17/04/26 11:00:00	A	THS_PER	T	Y_GE15	NRP	FRI3	2014		u	
ESTAT:LFST_R_LFP2ACEDU(1.0)	17/04/26 11:00:00	A	THS_PER	T	Y_GE15	NRP	FRJ1	2014	4.5	u	
ESTAT:LFST_R_LFP2ACEDU(1.0)	17/04/26 11:00:00	A	THS_PER	T	Y_GE15	NRP	FRJ2	2014	2.5	u	
ESTAT:LFST_R_LFP2ACEDU(1.0)	17/04/26 11:00:00	A	THS_PER	T	Y_GE15	NRP	FRK1	2014	1.8	u	
ESTAT:LFST_R_LFP2ACEDU(1.0)	17/04/26 11:00:00	A	THS_PER	T	Y_GE15	NRP	FRK2	2014	8.2	u	
ESTAT:LFST_R_LFP2ACEDU(1.0)	17/04/26 11:00:00	A	THS_PER	T	Y_GE15	NRP	FRL0	2014	8.6	u	
ESTAT:LFST_R_LFP2ACEDU(1.0)	17/04/26 11:00:00	A	THS_PER	T	Y_GE15	NRP	FRM0	2014		u	
ESTAT:LFST_R_LFP2ACEDU(1.0)	17/04/26 11:00:00	A	THS_PER	T	Y_GE15	TOTAL	FR10	2014	5808.0		
ESTAT:LFST_R_LFP2ACEDU(1.0)	17/04/26 11:00:00	A	THS_PER	T	Y_GE15	TOTAL	FRB0	2014	1111.1		
ESTAT:LFST_R_LFP2ACEDU(1.0)	17/04/26 11:00:00	A	THS_PER	T	Y_GE15	TOTAL	FRC1	2014	709.8		
ESTAT:LFST_R_LFP2ACEDU(1.0)	17/04/26 11:00:00	A	THS_PER	T	Y_GE15	TOTAL	FRC2	2014	515.0		
ESTAT:LFST_R_LFP2ACEDU(1.0)	17/04/26 11:00:00	A	THS_PER	T	Y_GE15	TOTAL	FRD1	2014	649.0		
ESTAT:LFST_R_LFP2ACEDU(1.0)	17/04/26 11:00:00	A	THS_PER	T	Y_GE15	TOTAL	FRD2	2014	811.0		
ESTAT:LFST_R_LFP2ACEDU(1.0)	17/04/26 11:00:00	A	THS_PER	T	Y_GE15	TOTAL	FRE1	2014	1727.0		
ESTAT:LFST_R_LFP2ACEDU(1.0)	17/04/26 11:00:00	A	THS_PER	T	Y_GE15	TOTAL	FRE2	2014	838.7		
ESTAT:LFST_R_LFP2ACEDU(1.0)	17/04/26 11:00:00	A	THS_PER	T	Y_GE15	TOTAL	FRF1	2014	882.8		
ESTAT:LFST_R_LFP2ACEDU(1.0)	17/04/26 11:00:00	A	THS_PER	T	Y_GE15	TOTAL	FRF2	2014	575.3		
ESTAT:LFST_R_LFP2ACEDU(1.0)	17/04/26 11:00:00	A	THS_PER	T	Y_GE15	TOTAL	FRF3	2014	1032.0		
ESTAT:LFST_R_LFP2ACEDU(1.0)	17/04/26 11:00:00	A	THS_PER	T	Y_GE15	TOTAL	FRG0	2014	1661.9		
ESTAT:LFST_R_LFP2ACEDU(1.0)	17/04/26 11:00:00	A	THS_PER	T	Y_GE15	TOTAL	FRH0	2014	1450.4		
ESTAT:LFST_R_LFP2ACEDU(1.0)	17/04/26 11:00:00	A	THS_PER	T	Y_GE15	TOTAL	FRI1	2014	1477.9		
ESTAT:LFST_R_LFP2ACEDU(1.0)	17/04/26 11:00:00	A	THS_PER	T	Y_GE15	TOTAL	FRI2	2014	323.7		
ESTAT:LFST_R_LFP2ACEDU(1.0)	17/04/26 11:00:00	A	THS_PER	T	Y_GE15	TOTAL	FRI3	2014	778.6		
ESTAT:LFST_R_LFP2ACEDU(1.0)	17/04/26 11:00:00	A	THS_PER	T	Y_GE15	TOTAL	FRJ1	2014	1127.3		
ESTAT:LFST_R_LFP2ACEDU(1.0)	17/04/26 11:00:00	A	THS_PER	T	Y_GE15	TOTAL	FRJ2	2014	1349.1		
ESTAT:LFST_R_LFP2ACEDU(1.0)	17/04/26 11:00:00	A	THS_PER	T	Y_GE15	TOTAL	FRK1	2014	570.8		
ESTAT:LFST_R_LFP2ACEDU(1.0)	17/04/26 11:00:00	A	THS_PER	T	Y_GE15	TOTAL	FRK2	2014	2955.4		
ESTAT:LFST_R_LFP2ACEDU(1.0)	17/04/26 11:00:00	A	THS_PER	T	Y_GE15	TOTAL	FRL0	2014	2221.9		
ESTAT:LFST_R_LFP2ACEDU(1.0)	17/04/26 11:00:00	A	THS_PER	T	Y_GE15	TOTAL	FRM0	2014	72.5	u	
